# WaveFront *.obj file (generated by Autodesk ATF)

mtllib sup-led.mtl

g sup-led

v 165.287246 -164.090276 14.774186
v 165.262686 -163.449559 14.774186
v 165.189153 -162.812602 14.774186
v 165.067076 -162.183143 14.774186
v 164.897174 -161.564875 14.774186
v 164.680441 -160.961428 14.774186
v 164.418151 -160.376341 14.774186
v 164.111843 -159.813050 14.774186
v 163.763314 -159.274859 14.774186
v 163.374610 -158.764927 14.774186
v 162.948011 -158.286246 14.774186
v 162.486022 -157.841626 14.774186
v 161.991352 -157.433675 14.774186
v 161.466906 -157.064788 14.774186
v 160.915761 -156.737129 14.774186
v 160.341150 -156.452621 14.774186
v 159.746447 -156.212934 14.774186
v 159.135141 -156.019475 14.774186
v 158.510819 -155.873378 14.774186
v 157.877146 -155.775501 14.774186
v 157.237840 -155.726419 14.774186
v 156.596652 -155.726419 14.774186
v 155.957345 -155.775501 14.774186
v 155.323672 -155.873378 14.774186
v 154.699351 -156.019475 14.774186
v 154.088044 -156.212934 14.774186
v 153.493341 -156.452621 14.774186
v 152.918731 -156.737129 14.774186
v 152.367585 -157.064788 14.774186
v 151.843139 -157.433675 14.774186
v 151.348470 -157.841626 14.774186
v 150.886480 -158.286246 14.774186
v 150.459881 -158.764927 14.774186
v 150.071177 -159.274859 14.774186
v 149.722648 -159.813050 14.774186
v 149.416340 -160.376341 14.774186
v 149.154050 -160.961428 14.774186
v 148.937318 -161.564875 14.774186
v 148.767415 -162.183143 14.774186
v 148.645339 -162.812602 14.774186
v 148.571805 -163.449559 14.774186
v 148.547246 -164.090276 14.774186
v 148.571805 -164.730994 14.774186
v 148.645339 -165.367951 14.774186
v 148.767415 -165.997410 14.774186
v 148.937318 -166.615678 14.774186
v 149.154050 -167.219125 14.774186
v 149.416340 -167.804211 14.774186
v 149.722648 -168.367503 14.774186
v 150.071177 -168.905694 14.774186
v 150.459881 -169.415626 14.774186
v 150.886480 -169.894306 14.774186
v 151.348470 -170.338927 14.774186
v 151.843139 -170.746878 14.774186
v 152.367585 -171.115765 14.774186
v 152.918731 -171.443424 14.774186
v 153.493341 -171.727932 14.774186
v 154.088044 -171.967619 14.774186
v 154.699351 -172.161078 14.774186
v 155.323672 -172.307175 14.774186
v 155.957345 -172.405052 14.774186
v 156.596652 -172.454134 14.774186
v 157.237840 -172.454134 14.774186
v 157.877146 -172.405052 14.774186
v 158.510819 -172.307175 14.774186
v 159.135141 -172.161078 14.774186
v 159.746447 -171.967619 14.774186
v 160.341150 -171.727932 14.774186
v 160.915761 -171.443424 14.774186
v 161.466906 -171.115765 14.774186
v 161.991352 -170.746878 14.774186
v 162.486022 -170.338927 14.774186
v 162.948011 -169.894306 14.774186
v 163.374610 -169.415626 14.774186
v 163.763314 -168.905694 14.774186
v 164.111843 -168.367503 14.774186
v 164.418151 -167.804211 14.774186
v 164.680441 -167.219125 14.774186
v 164.897174 -166.615678 14.774186
v 165.067076 -165.997410 14.774186
v 165.189153 -165.367951 14.774186
v 165.262686 -164.730994 14.774186
v 153.197246 -164.090276 14.774186
v 153.221494 -163.666228 14.774186
v 153.293921 -163.247708 14.774186
v 153.413585 -162.840173 14.774186
v 153.578924 -162.448934 14.774186
v 153.787783 -162.079093 14.774186
v 154.037439 -161.735470 14.774186
v 154.324638 -161.422546 14.774186
v 154.645636 -161.144400 14.774186
v 154.996247 -160.904658 14.774186
v 155.371902 -160.706445 14.774186
v 155.767702 -160.552346 14.774186
v 156.178489 -160.444369 14.774186
v 156.598907 -160.383922 14.774186
v 157.023474 -160.371793 14.774186
v 157.446657 -160.408141 14.774186
v 157.862938 -160.492490 14.774186
v 158.266890 -160.623742 14.774186
v 158.653248 -160.800186 14.774186
v 159.016974 -161.019521 14.774186
v 159.353328 -161.278888 14.774186
v 159.657923 -161.574906 14.774186
v 159.926789 -161.903715 14.774186
v 160.156421 -162.261030 14.774186
v 160.343826 -162.642192 14.774186
v 160.486560 -163.042231 14.774186
v 160.582762 -163.455934 14.774186
v 160.631179 -163.877906 14.774186
v 160.631179 -164.302647 14.774186
v 160.582762 -164.724619 14.774186
v 160.486560 -165.138322 14.774186
v 160.343826 -165.538361 14.774186
v 160.156421 -165.919523 14.774186
v 159.926789 -166.276838 14.774186
v 159.657923 -166.605647 14.774186
v 159.353328 -166.901665 14.774186
v 159.016974 -167.161032 14.774186
v 158.653248 -167.380367 14.774186
v 158.266890 -167.556811 14.774186
v 157.862938 -167.688063 14.774186
v 157.446657 -167.772412 14.774186
v 157.023474 -167.808759 14.774186
v 156.598907 -167.796630 14.774186
v 156.178489 -167.736184 14.774186
v 155.767702 -167.628207 14.774186
v 155.371902 -167.474107 14.774186
v 154.996247 -167.275895 14.774186
v 154.645636 -167.036153 14.774186
v 154.324638 -166.758007 14.774186
v 154.037439 -166.445083 14.774186
v 153.787783 -166.101460 14.774186
v 153.578924 -165.731619 14.774186
v 153.413585 -165.340380 14.774186
v 153.293921 -164.932844 14.774186
v 153.221494 -164.514324 14.774186
v 165.287246 -164.090276 19.424186
v 165.262686 -163.449559 19.424186
v 165.189153 -162.812602 19.424186
v 165.067076 -162.183143 19.424186
v 164.897174 -161.564875 19.424186
v 164.680441 -160.961428 19.424186
v 164.418151 -160.376341 19.424186
v 164.111843 -159.813050 19.424186
v 163.763314 -159.274859 19.424186
v 163.374610 -158.764927 19.424186
v 162.948011 -158.286246 19.424186
v 162.486022 -157.841626 19.424186
v 161.991352 -157.433675 19.424186
v 161.466906 -157.064788 19.424186
v 160.915761 -156.737129 19.424186
v 160.341150 -156.452621 19.424186
v 159.746447 -156.212934 19.424186
v 159.135141 -156.019475 19.424186
v 158.510819 -155.873378 19.424186
v 157.877146 -155.775501 19.424186
v 157.237840 -155.726419 19.424186
v 156.596652 -155.726419 19.424186
v 155.957345 -155.775501 19.424186
v 155.323672 -155.873378 19.424186
v 154.699351 -156.019475 19.424186
v 154.088044 -156.212934 19.424186
v 153.493341 -156.452621 19.424186
v 152.918731 -156.737129 19.424186
v 152.367585 -157.064788 19.424186
v 151.843139 -157.433675 19.424186
v 151.348470 -157.841626 19.424186
v 150.886480 -158.286246 19.424186
v 150.459881 -158.764927 19.424186
v 150.071177 -159.274859 19.424186
v 149.722648 -159.813050 19.424186
v 149.416340 -160.376341 19.424186
v 149.154050 -160.961428 19.424186
v 148.937318 -161.564875 19.424186
v 148.767415 -162.183143 19.424186
v 148.645339 -162.812602 19.424186
v 148.571805 -163.449559 19.424186
v 148.547246 -164.090276 19.424186
v 148.571805 -164.730994 19.424186
v 148.645339 -165.367951 19.424186
v 148.767415 -165.997410 19.424186
v 148.937318 -166.615678 19.424186
v 149.154050 -167.219125 19.424186
v 149.416340 -167.804211 19.424186
v 149.722648 -168.367503 19.424186
v 150.071177 -168.905694 19.424186
v 150.459881 -169.415626 19.424186
v 150.886480 -169.894306 19.424186
v 151.348470 -170.338927 19.424186
v 151.843139 -170.746878 19.424186
v 152.367585 -171.115765 19.424186
v 152.918731 -171.443424 19.424186
v 153.493341 -171.727932 19.424186
v 154.088044 -171.967619 19.424186
v 154.699351 -172.161078 19.424186
v 155.323672 -172.307175 19.424186
v 155.957345 -172.405052 19.424186
v 156.596652 -172.454134 19.424186
v 157.237840 -172.454134 19.424186
v 157.877146 -172.405052 19.424186
v 158.510819 -172.307175 19.424186
v 159.135141 -172.161078 19.424186
v 159.746447 -171.967619 19.424186
v 160.341150 -171.727932 19.424186
v 160.915761 -171.443424 19.424186
v 161.466906 -171.115765 19.424186
v 161.991352 -170.746878 19.424186
v 162.486022 -170.338927 19.424186
v 162.948011 -169.894306 19.424186
v 163.374610 -169.415626 19.424186
v 163.763314 -168.905694 19.424186
v 164.111843 -168.367503 19.424186
v 164.418151 -167.804211 19.424186
v 164.680441 -167.219125 19.424186
v 164.897174 -166.615678 19.424186
v 165.067076 -165.997410 19.424186
v 165.189153 -165.367951 19.424186
v 165.262686 -164.730994 19.424186
v 157.201974 -167.799364 6.459805
v 156.819241 -167.808985 6.213724
v 156.437546 -167.779218 5.968311
v 156.060932 -167.710377 5.726165
v 155.693388 -167.603192 5.489850
v 155.338808 -167.458797 5.261870
v 155.000946 -167.278724 5.044640
v 154.683382 -167.064878 4.840460
v 154.389479 -166.819524 4.651493
v 154.122350 -166.545263 4.479741
v 153.884825 -166.244998 4.327022
v 153.679420 -165.921910 4.194956
v 153.508309 -165.579422 4.084939
v 153.373307 -165.221160 3.998139
v 153.275842 -164.850920 3.935473
v 153.216947 -164.472623 3.897606
v 153.197246 -164.090276 3.884939
v 153.216947 -163.707930 3.897606
v 153.275842 -163.329633 3.935473
v 153.373307 -162.959393 3.998139
v 153.508309 -162.601131 4.084939
v 153.679420 -162.258643 4.194956
v 153.884825 -161.935555 4.327022
v 154.122350 -161.635290 4.479741
v 154.389479 -161.361028 4.651493
v 154.683382 -161.115675 4.840460
v 155.000946 -160.901829 5.044640
v 155.338808 -160.721756 5.261870
v 155.693388 -160.577361 5.489850
v 156.060932 -160.470176 5.726165
v 156.437546 -160.401335 5.968311
v 156.819241 -160.371568 6.213724
v 157.201974 -160.381189 6.459805
v 157.546608 -160.423902 6.225161
v 157.885758 -160.498566 5.994251
v 158.216467 -160.604531 5.769088
v 158.535854 -160.740872 5.551634
v 158.841135 -160.906403 5.343783
v 159.129651 -161.099680 5.147348
v 159.398885 -161.319020 4.964040
v 159.646494 -161.562510 4.795456
v 159.870317 -161.828028 4.643066
v 160.068406 -162.113261 4.508197
v 160.239033 -162.415724 4.392026
v 160.380712 -162.732779 4.295564
v 160.492208 -163.061665 4.219652
v 160.572550 -163.399515 4.164951
v 160.621036 -163.743384 4.131939
v 160.637246 -164.090276 4.120903
v 160.621036 -164.437169 4.131939
v 160.572550 -164.781038 4.164951
v 160.492208 -165.118888 4.219652
v 160.380712 -165.447774 4.295564
v 160.239033 -165.764829 4.392026
v 160.068406 -166.067292 4.508197
v 159.870317 -166.352525 4.643066
v 159.646494 -166.618043 4.795456
v 159.398885 -166.861533 4.964040
v 159.129651 -167.080872 5.147348
v 158.841135 -167.274150 5.343783
v 158.535854 -167.439680 5.551634
v 158.216467 -167.576022 5.769088
v 157.885758 -167.681987 5.994251
v 157.546608 -167.756651 6.225161
v 153.197246 -164.090276 9.329563
v 157.023474 -167.808759 9.329563
v 157.446657 -167.772412 9.329563
v 156.598907 -167.796630 9.329563
v 156.178489 -167.736184 9.329563
v 155.767702 -167.628207 9.329563
v 155.371902 -167.474107 9.329563
v 154.996247 -167.275895 9.329563
v 154.645636 -167.036153 9.329563
v 154.324638 -166.758007 9.329563
v 154.037439 -166.445083 9.329563
v 153.787783 -166.101460 9.329563
v 153.578924 -165.731619 9.329563
v 153.413585 -165.340380 9.329563
v 153.293921 -164.932844 9.329563
v 153.221494 -164.514324 9.329563
v 153.221494 -163.666228 9.329563
v 153.293921 -163.247708 9.329563
v 153.413585 -162.840173 9.329563
v 153.578924 -162.448934 9.329563
v 153.787783 -162.079093 9.329563
v 154.037439 -161.735470 9.329563
v 154.324638 -161.422546 9.329563
v 154.645636 -161.144400 9.329563
v 154.996247 -160.904658 9.329563
v 155.371902 -160.706445 9.329563
v 155.767702 -160.552346 9.329563
v 156.178489 -160.444369 9.329563
v 156.598907 -160.383922 9.329563
v 157.023474 -160.371793 9.329563
v 157.446657 -160.408141 9.329563
v 157.862938 -160.492490 9.329563
v 158.266890 -160.623742 9.329563
v 158.653248 -160.800186 9.329563
v 159.016974 -161.019521 9.329563
v 159.353328 -161.278888 9.329563
v 159.657923 -161.574906 9.329563
v 159.926789 -161.903715 9.329563
v 160.156421 -162.261030 9.329563
v 160.343826 -162.642192 9.329563
v 160.486560 -163.042231 9.329563
v 160.582762 -163.455934 9.329563
v 160.631179 -163.877906 9.329563
v 160.631179 -164.302647 9.329563
v 160.582762 -164.724619 9.329563
v 160.486560 -165.138322 9.329563
v 160.343826 -165.538361 9.329563
v 160.156421 -165.919523 9.329563
v 159.926789 -166.276838 9.329563
v 159.657923 -166.605647 9.329563
v 159.353328 -166.901665 9.329563
v 159.016974 -167.161032 9.329563
v 158.653248 -167.380367 9.329563
v 158.266890 -167.556811 9.329563
v 157.862938 -167.688063 9.329563
v 157.201974 -157.236683 6.459805
v 164.813687 -157.236683 1.277377
v 164.813687 -171.186683 1.277377
v 157.201974 -171.186683 6.459805
v 149.858600 -171.561568 18.494186
v 149.369088 -171.066665 18.494186
v 148.914197 -170.539764 18.494186
v 148.496012 -169.983282 18.494186
v 148.116453 -169.399771 18.494186
v 147.777259 -168.791907 18.494186
v 147.479987 -168.162479 18.494186
v 147.226000 -167.514373 18.494186
v 147.016463 -166.850562 18.494186
v 146.852336 -166.174091 18.494186
v 146.734374 -165.488062 18.494186
v 146.663116 -164.795622 18.494186
v 146.638890 -164.099947 18.494186
v 146.661807 -163.404228 18.494186
v 146.731762 -162.711655 18.494186
v 146.848433 -162.025405 18.494186
v 147.011286 -161.348626 18.494186
v 147.219574 -160.684422 18.494186
v 147.472341 -160.035840 18.494186
v 147.768428 -159.405853 18.494186
v 148.106477 -158.797352 18.494186
v 148.484938 -158.213128 18.494186
v 148.902075 -157.655860 18.494186
v 149.355974 -157.128104 18.494186
v 149.844553 -156.632280 18.494186
v 150.365572 -156.170664 18.494186
v 150.465790 -156.303916 17.322521
v 150.566008 -156.437169 16.150855
v 150.666226 -156.570421 14.979189
v 150.766443 -156.703674 13.807523
v 150.866661 -156.836926 12.635857
v 150.966879 -156.970178 11.464191
v 151.067097 -157.103431 10.292526
v 151.167314 -157.236683 9.120860
v 151.167314 -158.980433 9.120860
v 151.167314 -160.724183 9.120860
v 151.167314 -162.467933 9.120860
v 151.167314 -164.211683 9.120860
v 151.167314 -167.699183 9.120860
v 151.167314 -169.442933 9.120860
v 151.167314 -171.186683 9.120860
v 151.003725 -171.233544 10.292526
v 150.840136 -171.280404 11.464191
v 150.676546 -171.327265 12.635857
v 150.512957 -171.374126 13.807523
v 150.349368 -171.420986 14.979189
v 150.185778 -171.467847 16.150855
v 150.022189 -171.514708 17.322521
v 150.151437 -156.482778 17.908353
v 149.895646 -156.737737 17.908353
v 149.648588 -157.001810 17.908353
v 149.410541 -157.274641 17.908353
v 149.181783 -157.555873 17.908353
v 148.962595 -157.845148 17.908353
v 148.753254 -158.142109 17.908353
v 148.554039 -158.446399 17.908353
v 148.326198 -158.825149 17.908353
v 148.114191 -159.213535 17.908353
v 147.918516 -159.610919 17.908353
v 147.739743 -160.016641 17.908353
v 147.578377 -160.429921 17.908353
v 147.434540 -160.849959 17.908353
v 147.308334 -161.275954 17.908353
v 147.199860 -161.707108 17.908353
v 147.109221 -162.142620 17.908353
v 147.036519 -162.581692 17.908353
v 146.981857 -163.023523 17.908353
v 146.945336 -163.467314 17.908353
v 146.927059 -163.912266 17.908353
v 146.927127 -164.357579 17.908353
v 146.945644 -164.802453 17.908353
v 146.982711 -165.246089 17.908353
v 147.038430 -165.687687 17.908353
v 147.112902 -166.126443 17.908353
v 147.206042 -166.561394 17.908353
v 147.317479 -166.991726 17.908353
v 147.446823 -167.416731 17.908353
v 147.593686 -167.835703 17.908353
v 147.757680 -168.247935 17.908353
v 147.938417 -168.652721 17.908353
v 148.135506 -169.049354 17.908353
v 148.348561 -169.437127 17.908353
v 148.577192 -169.815334 17.908353
v 148.821011 -170.183267 17.908353
v 149.079629 -170.540221 17.908353
v 149.352658 -170.885489 17.908353
v 149.639710 -171.218363 17.908353
v 150.286887 -156.623001 16.736688
v 150.065202 -156.883668 16.736688
v 149.851085 -157.152234 16.736688
v 149.644777 -157.428390 16.736688
v 149.446521 -157.711826 16.736688
v 149.256558 -158.002233 16.736688
v 149.075128 -158.299302 16.736688
v 148.902475 -158.602723 16.736688
v 148.705013 -158.979172 16.736688
v 148.521274 -159.363973 16.736688
v 148.351689 -159.756572 16.736688
v 148.196752 -160.156397 16.736688
v 148.056902 -160.562772 16.736688
v 147.932243 -160.975004 16.736688
v 147.822865 -161.392400 16.736688
v 147.728854 -161.814266 16.736688
v 147.650300 -162.239909 16.736688
v 147.587292 -162.668637 16.736688
v 147.539918 -163.099757 16.736688
v 147.508267 -163.532575 16.736688
v 147.492426 -163.966400 16.736688
v 147.492486 -164.400537 16.736688
v 147.508533 -164.834294 16.736688
v 147.540658 -165.266978 16.736688
v 147.588948 -165.697895 16.736688
v 147.653490 -166.126350 16.736688
v 147.734212 -166.551507 16.736688
v 147.830790 -166.972661 16.736688
v 147.942888 -167.389198 16.736688
v 148.070170 -167.800506 16.736688
v 148.212298 -168.205973 16.736688
v 148.368936 -168.604987 16.736688
v 148.539747 -168.996935 16.736688
v 148.724395 -169.381205 16.736688
v 148.922542 -169.757183 16.736688
v 149.133851 -170.124259 16.736688
v 149.357987 -170.481818 16.736688
v 149.594612 -170.829249 16.736688
v 149.843390 -171.165940 16.736688
v 149.741550 -171.192152 17.322521
v 149.473635 -170.857369 17.322521
v 149.218808 -170.511020 17.322521
v 148.977431 -170.153763 17.322521
v 148.749867 -169.786259 17.322521
v 148.536478 -169.409166 17.322521
v 148.337627 -169.023145 17.322521
v 148.153676 -168.628854 17.322521
v 147.984989 -168.226954 17.322521
v 147.831928 -167.818104 17.322521
v 147.694856 -167.402964 17.322521
v 147.574134 -166.982193 17.322521
v 147.470127 -166.556451 17.322521
v 147.383196 -166.126397 17.322521
v 147.313689 -165.692791 17.322521
v 147.261684 -165.256533 17.322521
v 147.227089 -164.818373 17.322521
v 147.209806 -164.379058 17.322521
v 147.209743 -163.939333 17.322521
v 147.226801 -163.499945 17.322521
v 147.260888 -163.061640 17.322521
v 147.311906 -162.625164 17.322521
v 147.379761 -162.191265 17.322521
v 147.464357 -161.760687 17.322521
v 147.565599 -161.334177 17.322521
v 147.683392 -160.912481 17.322521
v 147.817640 -160.496347 17.322521
v 147.968247 -160.086519 17.322521
v 148.135103 -159.683746 17.322521
v 148.317732 -159.288754 17.322521
v 148.515606 -158.902160 17.322521
v 148.728257 -158.524561 17.322521
v 148.914191 -158.220705 17.322521
v 149.109576 -157.923690 17.322521
v 149.314152 -157.633849 17.322521
v 149.527659 -157.351516 17.322521
v 149.749836 -157.077022 17.322521
v 149.980424 -156.810702 17.322521
v 150.219162 -156.552889 17.322521
v 150.422337 -156.763224 15.565022
v 150.234758 -157.029599 15.565022
v 150.053581 -157.302657 15.565022
v 149.879014 -157.582138 15.565022
v 149.711258 -157.867779 15.565022
v 149.550520 -158.159319 15.565022
v 149.397003 -158.456495 15.565022
v 149.250912 -158.759046 15.565022
v 149.083829 -159.133195 15.565022
v 148.928357 -159.514410 15.565022
v 148.784862 -159.902224 15.565022
v 148.653762 -160.296153 15.565022
v 148.535427 -160.695623 15.565022
v 148.429947 -161.100050 15.565022
v 148.337395 -161.508845 15.565022
v 148.257848 -161.921423 15.565022
v 148.191379 -162.337198 15.565022
v 148.138065 -162.755583 15.565022
v 148.097979 -163.175991 15.565022
v 148.071197 -163.597837 15.565022
v 148.057794 -164.020533 15.565022
v 148.057844 -164.443495 15.565022
v 148.071423 -164.866135 15.565022
v 148.098605 -165.287866 15.565022
v 148.139466 -165.708104 15.565022
v 148.194079 -166.126257 15.565022
v 148.262381 -166.541620 15.565022
v 148.344102 -166.953595 15.565022
v 148.438954 -167.361665 15.565022
v 148.546654 -167.765309 15.565022
v 148.666916 -168.164012 15.565022
v 148.799456 -168.557254 15.565022
v 148.943988 -168.944517 15.565022
v 149.100229 -169.325282 15.565022
v 149.267891 -169.699033 15.565022
v 149.446692 -170.065250 15.565022
v 149.636345 -170.423415 15.565022
v 149.836567 -170.773010 15.565022
v 150.047071 -171.113516 15.565022
v 149.945231 -171.139728 16.150855
v 149.715590 -170.801130 16.150855
v 149.497166 -170.452616 16.150855
v 149.290272 -170.094754 16.150855
v 149.095217 -169.728108 16.150855
v 148.912312 -169.353244 16.150855
v 148.741868 -168.970726 16.150855
v 148.584196 -168.581121 16.150855
v 148.439607 -168.184993 16.150855
v 148.308412 -167.782908 16.150855
v 148.190921 -167.375431 16.150855
v 148.087446 -166.963128 16.150855
v 147.998297 -166.546564 16.150855
v 147.923785 -166.126304 16.150855
v 147.864207 -165.703000 16.150855
v 147.819632 -165.277422 16.150855
v 147.789978 -164.850214 16.150855
v 147.775165 -164.422016 16.150855
v 147.775110 -163.993467 16.150855
v 147.789732 -163.565206 16.150855
v 147.818949 -163.137874 16.150855
v 147.862678 -162.712110 16.150855
v 147.920840 -162.288553 16.150855
v 147.993351 -161.867844 16.150855
v 148.080130 -161.450622 16.150855
v 148.181095 -161.037527 16.150855
v 148.296165 -160.629198 16.150855
v 148.425257 -160.226275 16.150855
v 148.568276 -159.829398 16.150855
v 148.724815 -159.439192 16.150855
v 148.894421 -159.056183 16.150855
v 149.076694 -158.680885 16.150855
v 149.236066 -158.377899 16.150855
v 149.403539 -158.080776 16.150855
v 149.578890 -157.789803 16.150855
v 149.761895 -157.505264 16.150855
v 149.952333 -157.227446 16.150855
v 150.149980 -156.956633 16.150855
v 150.354612 -156.693112 16.150855
v 150.557788 -156.903447 14.393356
v 150.404313 -157.175530 14.393356
v 150.256078 -157.453081 14.393356
v 150.113250 -157.735887 14.393356
v 149.975996 -158.023733 14.393356
v 149.844483 -158.316405 14.393356
v 149.718878 -158.613689 14.393356
v 149.599349 -158.915370 14.393356
v 149.462644 -159.287218 14.393356
v 149.335440 -159.664848 14.393356
v 149.218035 -160.047877 14.393356
v 149.110771 -160.435908 14.393356
v 149.013952 -160.828475 14.393356
v 148.927650 -161.225095 14.393356
v 148.851926 -161.625291 14.393356
v 148.786842 -162.028581 14.393356
v 148.732458 -162.434487 14.393356
v 148.688837 -162.842528 14.393356
v 148.656040 -163.252225 14.393356
v 148.634127 -163.663098 14.393356
v 148.623161 -164.074667 14.393356
v 148.623202 -164.486453 14.393356
v 148.634312 -164.897976 14.393356
v 148.656552 -165.308755 14.393356
v 148.689984 -165.718312 14.393356
v 148.734667 -166.126164 14.393356
v 148.790551 -166.531733 14.393356
v 148.857413 -166.934530 14.393356
v 148.935020 -167.334131 14.393356
v 149.023138 -167.730113 14.393356
v 149.121534 -168.122050 14.393356
v 149.229976 -168.509520 14.393356
v 149.348230 -168.892098 14.393356
v 149.476062 -169.269360 14.393356
v 149.613241 -169.640883 14.393356
v 149.759532 -170.006241 14.393356
v 149.914703 -170.365011 14.393356
v 150.078521 -170.716770 14.393356
v 150.250751 -171.061093 14.393356
v 150.148911 -171.087305 14.979189
v 149.957544 -170.744890 14.979189
v 149.775524 -170.394213 14.979189
v 149.603112 -170.035745 14.979189
v 149.440566 -169.669958 14.979189
v 149.288145 -169.297321 14.979189
v 149.146109 -168.918307 14.979189
v 149.014716 -168.533387 14.979189
v 148.894225 -168.143031 14.979189
v 148.784896 -167.747711 14.979189
v 148.686987 -167.347898 14.979189
v 148.600757 -166.944063 14.979189
v 148.526466 -166.536677 14.979189
v 148.464373 -166.126211 14.979189
v 148.414725 -165.713208 14.979189
v 148.377579 -165.298311 14.979189
v 148.352867 -164.882055 14.979189
v 148.340523 -164.464974 14.979189
v 148.340477 -164.047600 14.979189
v 148.352662 -163.630467 14.979189
v 148.377010 -163.214108 14.979189
v 148.413451 -162.799055 14.979189
v 148.461919 -162.385842 14.979189
v 148.522345 -161.975002 14.979189
v 148.594661 -161.567068 14.979189
v 148.678798 -161.162573 14.979189
v 148.774690 -160.762049 14.979189
v 148.882266 -160.366030 14.979189
v 149.001449 -159.975051 14.979189
v 149.131899 -159.589629 14.979189
v 149.273237 -159.210207 14.979189
v 149.425130 -158.837208 14.979189
v 149.557941 -158.535092 14.979189
v 149.697501 -158.237862 14.979189
v 149.843627 -157.945756 14.979189
v 149.996132 -157.659013 14.979189
v 150.154830 -157.377869 14.979189
v 150.319535 -157.102564 14.979189
v 150.490063 -156.833335 14.979189
v 150.693238 -157.043670 13.221690
v 150.573869 -157.321461 13.221690
v 150.458575 -157.603505 13.221690
v 150.347487 -157.889635 13.221690
v 150.240733 -158.179686 13.221690
v 150.138445 -158.473491 13.221690
v 150.040753 -158.770882 13.221690
v 149.947786 -159.071694 13.221690
v 149.841460 -159.441241 13.221690
v 149.742523 -159.815286 13.221690
v 149.651208 -160.193530 13.221690
v 149.567781 -160.575664 13.221690
v 149.492477 -160.961326 13.221690
v 149.425353 -161.350141 13.221690
v 149.366457 -161.741736 13.221690
v 149.315836 -162.135739 13.221690
v 149.273538 -162.531776 13.221690
v 149.239610 -162.929473 13.221690
v 149.214101 -163.328459 13.221690
v 149.197058 -163.728359 13.221690
v 149.188528 -164.128801 13.221690
v 149.188560 -164.529411 13.221690
v 149.197202 -164.929816 13.221690
v 149.214499 -165.329644 13.221690
v 149.240502 -165.728521 13.221690
v 149.275255 -166.126071 13.221690
v 149.318721 -166.521846 13.221690
v 149.370724 -166.915465 13.221690
v 149.431085 -167.306598 13.221690
v 149.499621 -167.694916 13.221690
v 149.576152 -168.080089 13.221690
v 149.660495 -168.461787 13.221690
v 149.752471 -168.839680 13.221690
v 149.851896 -169.213438 13.221690
v 149.958591 -169.582732 13.221690
v 150.072373 -169.947232 13.221690
v 150.193061 -170.306608 13.221690
v 150.320475 -170.660531 13.221690
v 150.454432 -171.008670 13.221690
v 150.352592 -171.034881 13.807523
v 150.199498 -170.688650 13.807523
v 150.053882 -170.335810 13.807523
v 149.915953 -169.976737 13.807523
v 149.785916 -169.611807 13.807523
v 149.663979 -169.241399 13.807523
v 149.550350 -168.865889 13.807523
v 149.445236 -168.485653 13.807523
v 149.348843 -168.101070 13.807523
v 149.261379 -167.712515 13.807523
v 149.183052 -167.320365 13.807523
v 149.114069 -166.924998 13.807523
v 149.054636 -166.526790 13.807523
v 149.004961 -166.126118 13.807523
v 148.965243 -165.723417 13.807523
v 148.935526 -165.319200 13.807523
v 148.915757 -164.913896 13.807523
v 148.905881 -164.507932 13.807523
v 148.905845 -164.101734 13.807523
v 148.915593 -163.695728 13.807523
v 148.935070 -163.290342 13.807523
v 148.964224 -162.886001 13.807523
v 149.002998 -162.483131 13.807523
v 149.051339 -162.082160 13.807523
v 149.109191 -161.683513 13.807523
v 149.176502 -161.287618 13.807523
v 149.253215 -160.894900 13.807523
v 149.339276 -160.505786 13.807523
v 149.434622 -160.120703 13.807523
v 149.538982 -159.740067 13.807523
v 149.652052 -159.364230 13.807523
v 149.773567 -158.993532 13.807523
v 149.879815 -158.692286 13.807523
v 149.991464 -158.394948 13.807523
v 150.108365 -158.101710 13.807523
v 150.230368 -157.812761 13.807523
v 150.357327 -157.528293 13.807523
v 150.489091 -157.248495 13.807523
v 150.625513 -156.973559 13.807523
v 150.828689 -157.183893 12.050024
v 150.743425 -157.467392 12.050024
v 150.661072 -157.753928 12.050024
v 150.581723 -158.043384 12.050024
v 150.505471 -158.335640 12.050024
v 150.432408 -158.630577 12.050024
v 150.362628 -158.928076 12.050024
v 150.296222 -159.228018 12.050024
v 150.220276 -159.595265 12.050024
v 150.149607 -159.965724 12.050024
v 150.084382 -160.339182 12.050024
v 150.024790 -160.715420 12.050024
v 149.971002 -161.094177 12.050024
v 149.923056 -161.475186 12.050024
v 149.880988 -161.858182 12.050024
v 149.844830 -162.242897 12.050024
v 149.814617 -162.629064 12.050024
v 149.790383 -163.016419 12.050024
v 149.772162 -163.404693 12.050024
v 149.759988 -163.793620 12.050024
v 149.753896 -164.182934 12.050024
v 149.753919 -164.572369 12.050024
v 149.760091 -164.961657 12.050024
v 149.772447 -165.350533 12.050024
v 149.791020 -165.738729 12.050024
v 149.815844 -166.125979 12.050024
v 149.846890 -166.511959 12.050024
v 149.884036 -166.896400 12.050024
v 149.927151 -167.279065 12.050024
v 149.976105 -167.659720 12.050024
v 150.030770 -168.038127 12.050024
v 150.091015 -168.414053 12.050024
v 150.156712 -168.787261 12.050024
v 150.227730 -169.157516 12.050024
v 150.303940 -169.524582 12.050024
v 150.385213 -169.888223 12.050024
v 150.471419 -170.248205 12.050024
v 150.562429 -170.604291 12.050024
v 150.658113 -170.956246 12.050024
v 150.556272 -170.982458 12.635857
v 150.441452 -170.632411 12.635857
v 150.332240 -170.277407 12.635857
v 150.228793 -169.917728 12.635857
v 150.131265 -169.553657 12.635857
v 150.039813 -169.185477 12.635857
v 149.954591 -168.813470 12.635857
v 149.875755 -168.437920 12.635857
v 149.803461 -168.059108 12.635857
v 149.737863 -167.677318 12.635857
v 149.679118 -167.292832 12.635857
v 149.627380 -166.905933 12.635857
v 149.582806 -166.516903 12.635857
v 149.545549 -166.126025 12.635857
v 149.515761 -165.733625 12.635857
v 149.493473 -165.340089 12.635857
v 149.478646 -164.945737 12.635857
v 149.471240 -164.550890 12.635857
v 149.471212 -164.155868 12.635857
v 149.478523 -163.760990 12.635857
v 149.493131 -163.366576 12.635857
v 149.514996 -162.972946 12.635857
v 149.544077 -162.580420 12.635857
v 149.580333 -162.189318 12.635857
v 149.623722 -161.799959 12.635857
v 149.674205 -161.412664 12.635857
v 149.731740 -161.027751 12.635857
v 149.796286 -160.645542 12.635857
v 149.867795 -160.266356 12.635857
v 149.946065 -159.890505 12.635857
v 150.030868 -159.518253 12.635857
v 150.122004 -159.149856 12.635857
v 150.201690 -158.849479 12.635857
v 150.285427 -158.552034 12.635857
v 150.373102 -158.257663 12.635857
v 150.464605 -157.966510 12.635857
v 150.559824 -157.678716 12.635857
v 150.658647 -157.394426 12.635857
v 150.760963 -157.113782 12.635857
v 150.964139 -157.324116 10.878359
v 150.912981 -157.613323 10.878359
v 150.863569 -157.904352 10.878359
v 150.815960 -158.197132 10.878359
v 150.770208 -158.491593 10.878359
v 150.726371 -158.787662 10.878359
v 150.684502 -159.085269 10.878359
v 150.644659 -159.384341 10.878359
v 150.599091 -159.749288 10.878359
v 150.556690 -160.116161 10.878359
v 150.517555 -160.484835 10.878359
v 150.481800 -160.855175 10.878359
v 150.449527 -161.227028 10.878359
v 150.420760 -161.600232 10.878359
v 150.395518 -161.974627 10.878359
v 150.373824 -162.350054 10.878359
v 150.355696 -162.726353 10.878359
v 150.341155 -163.103364 10.878359
v 150.330223 -163.480927 10.878359
v 150.322919 -163.858881 10.878359
v 150.319263 -164.237068 10.878359
v 150.319277 -164.615327 10.878359
v 150.322980 -164.993498 10.878359
v 150.330394 -165.371422 10.878359
v 150.341538 -165.748938 10.878359
v 150.356432 -166.125886 10.878359
v 150.375060 -166.502072 10.878359
v 150.397347 -166.877335 10.878359
v 150.423216 -167.251532 10.878359
v 150.452589 -167.624523 10.878359
v 150.485388 -167.996166 10.878359
v 150.521535 -168.366320 10.878359
v 150.560953 -168.734843 10.878359
v 150.603564 -169.101594 10.878359
v 150.649290 -169.466431 10.878359
v 150.698054 -169.829214 10.878359
v 150.749777 -170.189802 10.878359
v 150.804383 -170.548052 10.878359
v 150.861793 -170.903823 10.878359
v 150.759953 -170.930035 11.464191
v 150.683406 -170.576171 11.464191
v 150.610598 -170.219003 11.464191
v 150.541634 -169.858719 11.464191
v 150.476615 -169.495506 11.464191
v 150.415647 -169.129555 11.464191
v 150.358832 -168.761052 11.464191
v 150.306275 -168.390186 11.464191
v 150.258079 -168.017147 11.464191
v 150.214347 -167.642121 11.464191
v 150.175183 -167.265299 11.464191
v 150.140692 -166.886867 11.464191
v 150.110975 -166.507016 11.464191
v 150.086138 -166.125932 11.464191
v 150.066279 -165.743834 11.464191
v 150.051420 -165.360977 11.464191
v 150.041536 -164.977578 11.464191
v 150.036598 -164.593848 11.464191
v 150.036580 -164.210001 11.464191
v 150.041454 -163.826251 11.464191
v 150.051192 -163.442810 11.464191
v 150.065769 -163.059891 11.464191
v 150.085156 -162.677709 11.464191
v 150.109327 -162.296476 11.464191
v 150.138253 -161.916404 11.464191
v 150.171908 -161.537709 11.464191
v 150.210264 -161.160602 11.464191
v 150.253295 -160.785298 11.464191
v 150.300968 -160.412008 11.464191
v 150.353148 -160.040943 11.464191
v 150.409683 -159.672276 11.464191
v 150.470441 -159.306180 11.464191
v 150.523565 -159.006672 11.464191
v 150.579389 -158.709119 11.464191
v 150.637839 -158.413616 11.464191
v 150.698841 -158.120258 11.464191
v 150.762321 -157.829140 11.464191
v 150.828203 -157.540357 11.464191
v 150.896414 -157.254005 11.464191
v 151.099589 -157.464340 9.706693
v 151.082537 -157.759254 9.706693
v 151.066066 -158.054775 9.706693
v 151.050196 -158.350881 9.706693
v 151.034946 -158.647546 9.706693
v 151.020333 -158.944748 9.706693
v 151.006377 -159.242462 9.706693
v 150.993096 -159.540665 9.706693
v 150.977907 -159.903311 9.706693
v 150.963773 -160.266599 9.706693
v 150.950728 -160.630487 9.706693
v 150.938810 -160.994931 9.706693
v 150.928052 -161.359879 9.706693
v 150.918463 -161.725277 9.706693
v 150.910049 -162.091073 9.706693
v 150.902817 -162.457212 9.706693
v 150.896775 -162.823642 9.706693
v 150.891928 -163.190309 9.706693
v 150.888284 -163.557161 9.706693
v 150.885849 -163.924142 9.706693
v 150.884631 -164.291202 9.706693
v 150.884635 -164.658285 9.706693
v 150.885870 -165.025339 9.706693
v 150.888341 -165.392311 9.706693
v 150.892055 -165.759146 9.706693
v 150.897020 -166.125793 9.706693
v 150.903230 -166.492185 9.706693
v 150.910659 -166.858270 9.706693
v 150.919282 -167.223999 9.706693
v 150.929073 -167.589326 9.706693
v 150.940005 -167.954204 9.706693
v 150.952055 -168.318586 9.706693
v 150.965194 -168.682424 9.706693
v 150.979398 -169.045671 9.706693
v 150.994640 -169.408281 9.706693
v 151.010894 -169.770206 9.706693
v 151.028135 -170.131398 9.706693
v 151.046337 -170.491812 9.706693
v 151.065474 -170.851399 9.706693
v 150.963634 -170.877611 10.292526
v 150.925360 -170.519932 10.292526
v 150.888956 -170.160600 10.292526
v 150.854474 -169.799710 10.292526
v 150.821965 -169.437356 10.292526
v 150.791481 -169.073632 10.292526
v 150.763073 -168.708633 10.292526
v 150.736795 -168.342453 10.292526
v 150.712697 -167.975185 10.292526
v 150.690831 -167.606925 10.292526
v 150.671249 -167.237766 10.292526
v 150.654003 -166.867802 10.292526
v 150.639145 -166.497129 10.292526
v 150.626726 -166.125839 10.292526
v 150.616796 -165.754042 10.292526
v 150.609367 -165.381866 10.292526
v 150.604425 -165.009419 10.292526
v 150.601956 -164.636806 10.292526
v 150.601947 -164.264135 10.292526
v 150.604384 -163.891512 10.292526
v 150.609253 -163.519044 10.292526
v 150.616542 -163.146837 10.292526
v 150.626235 -162.774998 10.292526
v 150.638320 -162.403633 10.292526
v 150.652784 -162.032850 10.292526
v 150.669611 -161.662755 10.292526
v 150.688789 -161.293453 10.292526
v 150.710305 -160.925053 10.292526
v 150.734141 -160.557661 10.292526
v 150.760231 -160.191380 10.292526
v 150.788499 -159.826299 10.292526
v 150.818878 -159.462503 10.292526
v 150.845440 -159.163866 10.292526
v 150.873352 -158.866205 10.292526
v 150.902577 -158.569570 10.292526
v 150.933078 -158.274007 10.292526
v 150.964818 -157.979564 10.292526
v 150.997759 -157.686288 10.292526
v 151.031864 -157.394228 10.292526
v 163.468919 -172.009889 18.494186
v 162.907645 -172.442510 18.494186
v 162.317894 -172.835428 18.494186
v 161.702472 -173.186775 18.494186
v 161.064303 -173.494882 18.494186
v 160.406420 -173.758283 18.494186
v 159.731951 -173.975726 18.494186
v 159.044102 -174.146179 18.494186
v 158.346143 -174.268829 18.494186
v 157.641392 -174.343095 18.494186
v 156.933198 -174.368624 18.494186
v 156.224929 -174.345294 18.494186
v 155.519950 -174.273216 18.494186
v 154.821614 -174.152732 18.494186
v 154.133240 -173.984416 18.494186
v 153.458099 -173.769067 18.494186
v 152.799402 -173.507710 18.494186
v 152.160279 -173.201585 18.494186
v 151.543769 -172.852150 18.494186
v 150.952802 -172.461065 18.494186
v 150.390187 -172.030188 18.494186
v 152.658266 -171.186683 9.094591
v 154.149217 -171.186683 9.068322
v 155.640169 -171.186683 9.042053
v 157.131120 -171.186683 9.015784
v 160.113023 -171.186683 8.963246
v 163.094926 -171.186683 8.910708
v 163.141675 -171.289584 10.108643
v 163.188424 -171.392485 11.306578
v 163.235173 -171.495385 12.504513
v 163.281922 -171.598286 13.702447
v 163.328671 -171.701187 14.900382
v 163.375421 -171.804088 16.098317
v 163.422170 -171.906988 17.296252
v 163.143280 -172.183533 17.895559
v 150.417696 -171.933487 17.907793
v 163.095621 -172.050620 16.698305
v 150.585538 -171.833913 16.735005
v 150.375736 -171.958380 18.200990
v 150.876386 -172.337619 18.200709
v 151.399477 -172.686300 18.200429
v 151.943037 -173.003156 18.200148
v 152.282129 -173.179430 18.199978
v 152.627595 -173.343228 18.199808
v 152.978995 -173.494264 18.199638
v 153.335875 -173.632218 18.199468
v 153.697729 -173.756809 18.199298
v 154.064035 -173.867969 18.199127
v 154.434275 -173.965638 18.198957
v 154.807930 -174.049757 18.198787
v 155.184482 -174.120268 18.198617
v 155.563411 -174.177110 18.198447
v 155.944197 -174.220224 18.198276
v 156.326323 -174.249553 18.198106
v 156.709270 -174.265035 18.197936
v 157.092517 -174.266613 18.197766
v 157.475547 -174.254227 18.197596
v 157.857840 -174.227818 18.197426
v 158.238878 -174.187327 18.197255
v 158.618139 -174.132696 18.197085
v 158.995026 -174.063963 18.196915
v 159.369010 -173.981332 18.196745
v 159.739618 -173.885019 18.196575
v 160.106371 -173.775239 18.196404
v 160.468795 -173.652208 18.196234
v 160.826413 -173.516140 18.196064
v 161.178749 -173.367252 18.195894
v 161.525327 -173.205759 18.195724
v 161.865672 -173.031876 18.195554
v 162.199308 -172.845820 18.195383
v 162.525757 -172.647805 18.195213
v 162.844545 -172.438047 18.195043
v 163.155195 -172.216761 18.194873
v 150.543578 -171.858806 17.028202
v 151.045332 -172.189111 17.026800
v 151.566630 -172.492801 17.025399
v 152.105756 -172.768772 17.023997
v 152.440976 -172.922302 17.023146
v 152.781749 -173.064964 17.022295
v 153.127689 -173.196511 17.021444
v 153.478402 -173.316665 17.020593
v 153.833447 -173.425180 17.019742
v 154.192371 -173.521997 17.018891
v 154.554720 -173.607063 17.018041
v 154.920044 -173.680329 17.017190
v 155.287891 -173.741741 17.016339
v 155.657808 -173.791248 17.015488
v 156.029343 -173.828800 17.014637
v 156.402045 -173.854344 17.013786
v 156.775461 -173.867829 17.012935
v 157.149140 -173.869203 17.012084
v 157.522629 -173.858415 17.011233
v 157.895476 -173.835414 17.010382
v 158.267230 -173.800147 17.009531
v 158.637436 -173.752565 17.008681
v 159.005575 -173.692701 17.007830
v 159.371186 -173.620733 17.006979
v 159.733855 -173.536847 17.006128
v 160.093168 -173.441232 17.005277
v 160.448709 -173.334075 17.004426
v 160.800065 -173.215565 17.003575
v 161.146821 -173.085888 17.002724
v 161.488562 -172.945233 17.001873
v 161.824874 -172.793787 17.001022
v 162.155342 -172.631738 17.000172
v 162.479551 -172.459273 16.999321
v 162.797087 -172.276580 16.998470
v 163.107536 -172.083848 16.997619
v 163.119451 -172.117076 17.296932
v 162.808952 -172.316947 17.297613
v 162.491103 -172.506406 17.298294
v 162.166333 -172.685258 17.298974
v 161.835074 -172.853309 17.299655
v 161.497754 -173.010364 17.300336
v 161.154803 -173.156229 17.301017
v 160.806652 -173.290709 17.301697
v 160.453731 -173.413608 17.302378
v 160.096468 -173.524734 17.303059
v 159.735296 -173.623890 17.303740
v 159.370642 -173.710883 17.304420
v 159.002937 -173.785517 17.305101
v 158.632612 -173.847598 17.305782
v 158.260142 -173.896942 17.306462
v 157.886067 -173.933515 17.307143
v 157.510858 -173.957368 17.307824
v 157.134984 -173.968556 17.308505
v 156.758913 -173.967130 17.309185
v 156.383115 -173.953146 17.309866
v 156.008057 -173.926656 17.310547
v 155.634209 -173.887714 17.311228
v 155.262039 -173.836372 17.311908
v 154.892016 -173.772686 17.312589
v 154.524609 -173.696707 17.313270
v 154.160287 -173.608490 17.313950
v 153.799518 -173.508087 17.314631
v 153.442771 -173.395553 17.315312
v 153.090515 -173.270949 17.315993
v 152.743210 -173.134530 17.316673
v 152.401265 -172.986584 17.317354
v 152.065076 -172.827368 17.318035
v 151.524842 -172.541176 17.319156
v 151.003095 -172.226238 17.320278
v 150.501617 -171.883700 17.321399
v 150.753381 -171.734339 15.562218
v 151.256513 -172.003476 15.559415
v 151.775571 -172.250927 15.556611
v 152.309154 -172.475793 15.553807
v 152.639536 -172.600891 15.552106
v 152.974441 -172.717134 15.550404
v 153.313556 -172.824321 15.548702
v 153.656561 -172.922224 15.547000
v 154.003096 -173.010644 15.545298
v 154.352790 -173.089531 15.543597
v 154.705277 -173.158845 15.541895
v 155.060187 -173.218542 15.540193
v 155.417152 -173.268582 15.538491
v 155.775804 -173.308921 15.536789
v 156.135775 -173.339519 15.535087
v 156.496697 -173.360333 15.533386
v 156.858200 -173.371320 15.531684
v 157.219918 -173.372440 15.529982
v 157.581481 -173.363650 15.528280
v 157.942521 -173.344908 15.526578
v 158.302670 -173.316173 15.524877
v 158.661558 -173.277402 15.523175
v 159.018761 -173.228624 15.521473
v 159.373905 -173.169983 15.519771
v 159.726652 -173.101631 15.518069
v 160.076663 -173.023723 15.516368
v 160.423603 -172.936410 15.514666
v 160.767131 -172.839846 15.512964
v 161.106912 -172.734184 15.511262
v 161.442606 -172.619576 15.509560
v 161.773876 -172.496175 15.507859
v 162.100385 -172.364135 15.506157
v 162.421794 -172.223608 15.504455
v 162.737766 -172.074748 15.502753
v 163.047962 -171.917706 15.501051
v 163.071792 -171.984163 16.099678
v 162.761494 -172.155481 16.101040
v 162.444897 -172.317874 16.102401
v 162.122368 -172.471176 16.103763
v 161.794275 -172.615220 16.105124
v 161.460988 -172.749838 16.106486
v 161.122875 -172.874865 16.107847
v 160.780305 -172.990134 16.109208
v 160.433645 -173.095476 16.110570
v 160.083265 -173.190727 16.111931
v 159.729533 -173.275718 16.113293
v 159.372817 -173.350283 16.114654
v 159.013487 -173.414255 16.116016
v 158.651909 -173.467467 16.117377
v 158.288494 -173.509762 16.118739
v 157.923703 -173.541110 16.120100
v 157.557940 -173.561556 16.121461
v 157.191607 -173.571145 16.122823
v 156.825105 -173.569924 16.124184
v 156.458836 -173.557937 16.125546
v 156.093203 -173.535231 16.126907
v 155.728606 -173.501852 16.128269
v 155.365448 -173.457845 16.129630
v 155.004130 -173.403257 16.130992
v 154.645054 -173.338132 16.132353
v 154.288622 -173.262517 16.133715
v 153.935236 -173.176458 16.135076
v 153.585298 -173.080000 16.136437
v 153.239209 -172.973197 16.137799
v 152.897364 -172.856266 16.139160
v 152.560112 -172.729455 16.140522
v 152.227795 -172.592985 16.141883
v 151.691994 -172.347677 16.144126
v 151.172040 -172.077730 16.146369
v 150.669459 -171.784126 16.148612
v 150.921223 -171.634765 14.389431
v 151.425458 -171.854968 14.385506
v 151.942723 -172.057428 14.381581
v 152.471873 -172.241409 14.377656
v 152.798383 -172.343762 14.375273
v 153.128594 -172.438870 14.372891
v 153.462250 -172.526569 14.370508
v 153.799089 -172.606671 14.368126
v 154.138815 -172.679014 14.365743
v 154.481126 -172.743559 14.363361
v 154.825722 -172.800270 14.360978
v 155.172301 -172.849113 14.358596
v 155.520561 -172.890055 14.356213
v 155.870202 -172.923060 14.353830
v 156.220921 -172.948094 14.351448
v 156.572418 -172.965124 14.349065
v 156.924392 -172.974114 14.346683
v 157.276540 -172.975030 14.344300
v 157.628562 -172.967838 14.341918
v 157.980157 -172.952504 14.339535
v 158.331022 -172.928993 14.337153
v 158.680855 -172.897271 14.334770
v 159.029310 -172.857362 14.332388
v 159.376080 -172.809383 14.330005
v 159.720889 -172.753459 14.327623
v 160.063460 -172.689716 14.325240
v 160.403517 -172.618278 14.322858
v 160.740784 -172.539271 14.320475
v 161.074984 -172.452820 14.318092
v 161.405841 -172.359050 14.315710
v 161.733078 -172.258086 14.313327
v 162.056419 -172.150053 14.310945
v 162.375588 -172.035076 14.308562
v 162.690308 -171.913281 14.306180
v 163.000303 -171.784793 14.303797
v 163.024133 -171.851250 14.902424
v 162.714037 -171.994014 14.904466
v 162.398691 -172.129342 14.906509
v 162.078402 -172.257094 14.908551
v 161.753477 -172.377130 14.910593
v 161.424223 -172.489313 14.912635
v 161.090948 -172.593502 14.914677
v 160.753958 -172.689559 14.916719
v 160.413560 -172.777344 14.918762
v 160.070062 -172.856719 14.920804
v 159.723770 -172.927545 14.922846
v 159.374993 -172.989683 14.924888
v 159.024036 -173.042993 14.926930
v 158.671207 -173.087336 14.928973
v 158.316846 -173.122583 14.931015
v 157.961339 -173.148706 14.933057
v 157.605021 -173.165744 14.935099
v 157.248229 -173.173735 14.937141
v 156.891296 -173.172717 14.939183
v 156.534558 -173.162728 14.941226
v 156.178348 -173.143807 14.943268
v 155.823003 -173.115991 14.945310
v 155.468857 -173.079318 14.947352
v 155.116244 -173.033828 14.949394
v 154.765499 -172.979557 14.951436
v 154.416958 -172.916545 14.953479
v 154.070955 -172.844829 14.955521
v 153.727825 -172.764447 14.957563
v 153.387903 -172.675445 14.959605
v 153.051517 -172.578002 14.961647
v 152.718960 -172.472327 14.963689
v 152.390514 -172.358601 14.965732
v 151.859147 -172.154178 14.969096
v 151.340986 -171.929222 14.972460
v 150.837302 -171.684552 14.975825
v 151.172986 -171.485405 12.630250
v 151.678876 -171.632207 12.624643
v 152.193452 -171.767180 12.619036
v 152.715952 -171.889834 12.613428
v 153.036655 -171.958069 12.610025
v 153.359824 -172.021475 12.606621
v 153.685291 -172.079940 12.603218
v 154.012879 -172.133342 12.599814
v 154.342393 -172.181571 12.596410
v 154.673630 -172.224600 12.593007
v 155.006390 -172.262408 12.589603
v 155.340471 -172.294970 12.586200
v 155.675674 -172.322264 12.582796
v 156.011797 -172.344268 12.579392
v 156.348640 -172.360957 12.575989
v 156.686001 -172.372310 12.572585
v 157.023679 -172.378303 12.569181
v 157.361474 -172.378914 12.565778
v 157.699185 -172.374120 12.562374
v 158.036610 -172.363897 12.558971
v 158.373550 -172.348223 12.555567
v 158.709801 -172.327075 12.552163
v 159.045134 -172.300469 12.548760
v 159.379343 -172.268483 12.545356
v 159.712245 -172.231200 12.541952
v 160.043655 -172.188705 12.538549
v 160.373389 -172.141080 12.535145
v 160.701263 -172.088408 12.531742
v 161.027092 -172.030774 12.528338
v 161.350693 -171.968261 12.524934
v 161.671880 -171.900951 12.521531
v 161.990471 -171.828930 12.518127
v 162.306279 -171.752279 12.514723
v 162.619122 -171.671082 12.511320
v 162.928815 -171.585423 12.507916
v 162.976474 -171.718336 13.705170
v 162.666579 -171.832548 13.707893
v 162.352485 -171.940810 13.710616
v 162.034436 -172.043012 13.713339
v 161.712679 -172.139041 13.716062
v 161.387458 -172.228787 13.718785
v 161.059020 -172.312138 13.721508
v 160.727610 -172.388983 13.724231
v 160.393475 -172.459212 13.726953
v 160.056859 -172.522712 13.729676
v 159.718008 -172.579373 13.732399
v 159.377168 -172.629083 13.735122
v 159.034585 -172.671731 13.737845
v 158.690504 -172.707206 13.740568
v 158.345198 -172.735403 13.743291
v 157.998974 -172.756301 13.746014
v 157.652103 -172.769932 13.748737
v 157.304851 -172.776325 13.751459
v 156.957488 -172.775510 13.754182
v 156.610279 -172.767519 13.756905
v 156.263494 -172.752382 13.759628
v 155.917400 -172.730129 13.762351
v 155.572265 -172.700791 13.765074
v 155.228358 -172.664399 13.767797
v 154.885944 -172.620983 13.770520
v 154.545294 -172.570573 13.773243
v 154.206674 -172.513200 13.775966
v 153.870352 -172.448895 13.778688
v 153.536597 -172.377692 13.781411
v 153.205671 -172.299738 13.784134
v 152.877807 -172.215198 13.786857
v 152.553233 -172.124218 13.789580
v 152.026300 -171.960679 13.794066
v 151.509931 -171.780714 13.798552
v 151.005144 -171.584978 13.803037
v 151.340829 -171.385831 11.457463
v 151.847821 -171.483699 11.450734
v 152.360605 -171.573681 11.444006
v 152.878671 -171.655450 11.437277
v 153.195502 -171.700941 11.433193
v 153.513978 -171.743211 11.429108
v 153.833985 -171.782188 11.425024
v 154.155407 -171.817789 11.420940
v 154.478112 -171.849942 11.416855
v 154.801966 -171.878628 11.412771
v 155.126835 -171.903833 11.408686
v 155.452585 -171.925541 11.404602
v 155.779083 -171.943737 11.400518
v 156.106195 -171.958406 11.396433
v 156.433786 -171.969533 11.392349
v 156.761722 -171.977101 11.388265
v 157.089870 -171.981097 11.384180
v 157.418096 -171.981504 11.380096
v 157.746266 -171.978308 11.376012
v 158.074246 -171.971492 11.371927
v 158.401902 -171.961043 11.367843
v 158.729099 -171.946944 11.363759
v 159.055683 -171.929207 11.359674
v 159.381519 -171.907883 11.355590
v 159.706483 -171.883028 11.351506
v 160.030452 -171.854698 11.347421
v 160.353304 -171.822948 11.343337
v 160.674916 -171.787833 11.339253
v 160.995165 -171.749411 11.335168
v 161.313928 -171.707735 11.331084
v 161.631082 -171.662862 11.327000
v 161.946505 -171.614847 11.322915
v 162.260073 -171.563747 11.318831
v 162.571664 -171.509616 11.314747
v 162.881156 -171.452510 11.310662
v 151.508671 -171.286257 10.284676
v 152.016766 -171.335191 10.276826
v 152.527758 -171.380182 10.268975
v 153.041390 -171.421067 10.261125
v 153.354350 -171.443812 10.256360
v 153.668132 -171.464947 10.251595
v 153.982679 -171.484436 10.246830
v 154.297934 -171.502236 10.242065
v 154.613830 -171.518312 10.237300
v 154.930301 -171.532656 10.232535
v 155.247280 -171.545258 10.227770
v 155.564699 -171.556112 10.223005
v 155.882492 -171.565210 10.218240
v 156.200592 -171.572545 10.213475
v 156.518931 -171.578108 10.208710
v 156.837444 -171.581892 10.203945
v 157.156062 -171.583890 10.199179
v 157.474719 -171.584094 10.194414
v 157.793348 -171.582495 10.189649
v 158.111882 -171.579088 10.184884
v 158.430253 -171.573863 10.180119
v 158.748396 -171.566814 10.175354
v 159.066232 -171.557945 10.170589
v 159.383694 -171.547283 10.165824
v 159.700720 -171.534856 10.161059
v 160.017249 -171.520690 10.156294
v 160.333219 -171.504815 10.151529
v 160.648569 -171.487258 10.146764
v 160.963237 -171.468047 10.141999
v 161.277163 -171.447209 10.137234
v 161.590284 -171.424773 10.132468
v 161.902539 -171.400765 10.127703
v 162.213867 -171.375215 10.122938
v 162.524207 -171.348149 10.118173
v 162.833497 -171.319597 10.113408
v 163.083707 -172.017391 16.398992
v 162.773359 -172.195847 16.400183
v 162.456448 -172.365007 16.401374
v 162.133359 -172.524696 16.402566
v 161.804475 -172.674742 16.403757
v 161.470180 -172.814970 16.404948
v 161.130857 -172.945206 16.406139
v 160.786892 -173.065277 16.407331
v 160.438667 -173.175009 16.408522
v 160.086566 -173.274228 16.409713
v 159.730974 -173.362761 16.410904
v 159.372273 -173.440433 16.412096
v 159.010849 -173.507070 16.413287
v 158.647085 -173.562500 16.414478
v 158.281406 -173.606557 16.415670
v 157.914294 -173.639212 16.416861
v 157.546169 -173.660509 16.418052
v 157.177451 -173.670498 16.419243
v 156.808557 -173.669225 16.420435
v 156.439906 -173.656739 16.421626
v 156.071916 -173.633087 16.422817
v 155.705006 -173.598317 16.424008
v 155.339595 -173.552477 16.425200
v 154.976101 -173.495614 16.426391
v 154.614943 -173.427776 16.427582
v 154.256538 -173.349011 16.428773
v 153.901307 -173.259365 16.429965
v 153.549666 -173.158889 16.431156
v 153.202036 -173.047635 16.432347
v 152.858826 -172.925832 16.433539
v 152.520400 -172.793737 16.434730
v 152.187115 -172.651581 16.435921
v 151.650206 -172.396052 16.437884
v 151.129804 -172.114857 16.439846
v 150.627499 -171.809020 16.441809
v 163.131366 -172.150305 17.596246
v 162.820816 -172.357314 17.596756
v 162.502654 -172.553539 17.597267
v 162.177325 -172.738779 17.597777
v 161.845273 -172.912831 17.598288
v 161.506945 -173.075496 17.598799
v 161.162785 -173.226570 17.599309
v 160.813239 -173.365852 17.599820
v 160.458752 -173.493141 17.600330
v 160.099769 -173.608236 17.600841
v 159.736736 -173.710933 17.601351
v 159.370098 -173.801032 17.601862
v 159.000300 -173.878332 17.602372
v 158.627788 -173.942630 17.602883
v 158.253054 -173.993737 17.603393
v 157.876658 -174.031616 17.603904
v 157.499088 -174.056321 17.604415
v 157.120828 -174.067908 17.604925
v 156.742365 -174.066432 17.605436
v 156.364184 -174.051948 17.605946
v 155.986770 -174.024512 17.606457
v 155.610609 -173.984179 17.606967
v 155.236186 -173.931004 17.607478
v 154.863987 -173.865043 17.607988
v 154.494498 -173.786351 17.608499
v 154.128203 -173.694983 17.609009
v 153.765588 -173.590995 17.609520
v 153.407139 -173.474441 17.610030
v 153.053342 -173.345387 17.610541
v 152.704672 -173.204096 17.611052
v 152.361553 -173.050866 17.611562
v 152.024396 -172.885964 17.612073
v 151.483054 -172.589551 17.612914
v 150.960859 -172.263365 17.613755
v 150.459657 -171.908593 17.614596
v 150.918623 -172.300492 17.907232
v 151.441266 -172.637925 17.906671
v 151.983716 -172.944560 17.906111
v 152.321841 -173.115148 17.905770
v 152.666134 -173.273662 17.905430
v 153.016168 -173.419826 17.905089
v 153.371507 -173.553330 17.904749
v 153.731658 -173.673902 17.904409
v 154.096119 -173.781476 17.904068
v 154.464386 -173.875995 17.903728
v 154.835959 -173.957400 17.903388
v 155.210334 -174.025636 17.903047
v 155.587010 -174.080644 17.902707
v 155.965484 -174.122368 17.902367
v 156.345254 -174.150750 17.902026
v 156.725818 -174.165734 17.901686
v 157.106673 -174.167261 17.901345
v 157.487318 -174.155274 17.901005
v 157.867249 -174.129717 17.900665
v 158.245966 -174.090532 17.900324
v 158.622963 -174.037663 17.899984
v 158.997663 -173.971148 17.899644
v 159.369554 -173.891182 17.899303
v 159.738177 -173.797976 17.898963
v 160.103070 -173.691737 17.898623
v 160.463773 -173.572675 17.898282
v 160.819826 -173.440996 17.897942
v 161.170767 -173.296911 17.897601
v 161.516136 -173.140627 17.897261
v 161.855473 -172.972354 17.896921
v 162.188316 -172.792299 17.896580
v 162.514206 -172.600672 17.896240
v 162.832681 -172.397680 17.895900
v 151.087568 -172.151984 16.733323
v 151.608418 -172.444426 16.731641
v 152.146435 -172.710177 16.729959
v 152.480688 -172.858020 16.728938
v 152.820287 -172.995398 16.727917
v 153.164862 -173.122073 16.726896
v 153.514034 -173.237777 16.725875
v 153.867377 -173.342273 16.724854
v 154.224455 -173.435504 16.723832
v 154.584832 -173.517420 16.722811
v 154.948073 -173.587971 16.721790
v 155.313743 -173.647109 16.720769
v 155.681407 -173.694783 16.719748
v 156.050630 -173.730944 16.718727
v 156.420975 -173.755542 16.717706
v 156.792009 -173.768527 16.716685
v 157.163295 -173.769850 16.715664
v 157.534399 -173.759462 16.714643
v 157.904885 -173.737313 16.713622
v 158.274318 -173.703352 16.712601
v 158.642261 -173.657532 16.711579
v 159.008212 -173.599886 16.710558
v 159.371730 -173.530583 16.709537
v 159.732414 -173.449804 16.708516
v 160.089867 -173.357730 16.707495
v 160.443688 -173.254542 16.706474
v 160.793478 -173.140421 16.705453
v 161.138839 -173.015547 16.704432
v 161.479371 -172.880101 16.703411
v 161.814674 -172.734264 16.702390
v 162.144350 -172.578217 16.701369
v 162.468000 -172.412140 16.700347
v 162.785223 -172.236214 16.699326
v 163.975892 -156.618985 18.494186
v 164.465403 -157.113888 18.494186
v 164.920295 -157.640789 18.494186
v 165.338479 -158.197271 18.494186
v 165.718039 -158.780782 18.494186
v 166.057232 -159.388646 18.494186
v 166.354504 -160.018074 18.494186
v 166.608492 -160.666180 18.494186
v 166.818029 -161.329991 18.494186
v 166.982155 -162.006462 18.494186
v 167.100118 -162.692491 18.494186
v 167.171375 -163.384931 18.494186
v 167.195601 -164.080606 18.494186
v 167.172684 -164.776325 18.494186
v 167.102730 -165.468898 18.494186
v 166.986059 -166.155148 18.494186
v 166.823205 -166.831927 18.494186
v 166.614918 -167.496131 18.494186
v 166.362151 -168.144713 18.494186
v 166.066063 -168.774700 18.494186
v 165.728014 -169.383201 18.494186
v 165.349553 -169.967425 18.494186
v 164.932417 -170.524693 18.494186
v 164.478518 -171.052449 18.494186
v 163.989938 -171.548273 18.494186
v 163.094926 -169.442933 8.910708
v 163.094926 -167.699183 8.910708
v 163.094926 -165.955433 8.910708
v 163.094926 -164.211683 8.910708
v 163.094926 -162.467933 8.910708
v 163.094926 -160.724183 8.910708
v 163.094926 -158.980433 8.910708
v 163.094926 -157.236683 8.910708
v 163.205046 -157.159471 10.108643
v 163.315167 -157.082259 11.306578
v 163.425288 -157.005046 12.504513
v 163.535409 -156.927834 13.702447
v 163.645529 -156.850622 14.900382
v 163.755650 -156.773409 16.098317
v 163.865771 -156.696197 17.296252
v 163.709789 -171.712951 17.895219
v 163.965580 -171.457992 17.895219
v 164.212638 -171.193919 17.895219
v 164.450685 -170.921087 17.895219
v 164.679442 -170.639856 17.895219
v 164.898631 -170.350581 17.895219
v 165.107972 -170.053620 17.895219
v 165.307187 -169.749330 17.895219
v 165.535028 -169.370580 17.895219
v 165.747035 -168.982194 17.895219
v 165.942710 -168.584809 17.895219
v 166.121483 -168.179088 17.895219
v 166.282849 -167.765808 17.895219
v 166.426686 -167.345770 17.895219
v 166.552892 -166.919775 17.895219
v 166.661366 -166.488621 17.895219
v 166.752005 -166.053109 17.895219
v 166.824706 -165.614037 17.895219
v 166.879369 -165.172206 17.895219
v 166.915890 -164.728414 17.895219
v 166.934167 -164.283463 17.895219
v 166.934098 -163.838150 17.895219
v 166.915582 -163.393276 17.895219
v 166.878515 -162.949640 17.895219
v 166.822796 -162.508042 17.895219
v 166.748324 -162.069285 17.895219
v 166.655183 -161.634334 17.895219
v 166.543747 -161.204003 17.895219
v 166.414403 -160.778998 17.895219
v 166.267539 -160.360026 17.895219
v 166.103545 -159.947794 17.895219
v 165.922809 -159.543008 17.895219
v 165.725719 -159.146375 17.895219
v 165.512665 -158.758602 17.895219
v 165.284034 -158.380395 17.895219
v 165.040215 -158.012461 17.895219
v 164.781596 -157.655507 17.895219
v 164.508567 -157.310240 17.895219
v 164.221516 -156.977365 17.895219
v 163.627807 -171.603080 16.697284
v 163.849493 -171.342413 16.697284
v 164.063610 -171.073847 16.697284
v 164.269917 -170.797691 16.697284
v 164.468173 -170.514254 16.697284
v 164.658137 -170.223847 16.697284
v 164.839566 -169.926778 16.697284
v 165.012219 -169.623358 16.697284
v 165.209681 -169.246909 16.697284
v 165.393420 -168.862108 16.697284
v 165.563005 -168.469509 16.697284
v 165.717942 -168.069684 16.697284
v 165.857792 -167.663308 16.697284
v 165.982451 -167.251076 16.697284
v 166.091830 -166.833681 16.697284
v 166.185840 -166.411815 16.697284
v 166.264394 -165.986171 16.697284
v 166.327402 -165.557443 16.697284
v 166.374776 -165.126323 16.697284
v 166.406428 -164.693505 16.697284
v 166.422268 -164.259681 16.697284
v 166.422209 -163.825544 16.697284
v 166.406161 -163.391787 16.697284
v 166.374036 -162.959103 16.697284
v 166.325746 -162.528185 16.697284
v 166.261204 -162.099730 16.697284
v 166.180482 -161.674573 16.697284
v 166.083904 -161.253420 16.697284
v 165.971806 -160.836883 16.697284
v 165.844524 -160.425574 16.697284
v 165.702396 -160.020107 16.697284
v 165.545758 -159.621093 16.697284
v 165.374947 -159.229145 16.697284
v 165.190300 -158.844876 16.697284
v 164.992153 -158.468897 16.697284
v 164.780843 -158.101822 16.697284
v 164.556707 -157.744262 16.697284
v 164.320082 -157.396831 16.697284
v 164.071304 -157.060141 16.697284
v 164.146410 -157.018753 17.296252
v 164.414325 -157.353535 17.296252
v 164.669152 -157.699885 17.296252
v 164.910529 -158.057142 17.296252
v 165.138093 -158.424646 17.296252
v 165.351482 -158.801739 17.296252
v 165.550333 -159.187760 17.296252
v 165.734284 -159.582050 17.296252
v 165.902971 -159.983950 17.296252
v 166.056032 -160.392800 17.296252
v 166.193104 -160.807940 17.296252
v 166.313826 -161.228711 17.296252
v 166.417833 -161.654454 17.296252
v 166.504764 -162.084508 17.296252
v 166.574271 -162.518113 17.296252
v 166.626276 -162.954371 17.296252
v 166.660871 -163.392531 17.296252
v 166.678154 -163.831847 17.296252
v 166.678217 -164.271572 17.296252
v 166.661159 -164.710960 17.296252
v 166.627072 -165.149265 17.296252
v 166.576054 -165.585740 17.296252
v 166.508199 -166.019640 17.296252
v 166.423603 -166.450218 17.296252
v 166.322361 -166.876728 17.296252
v 166.204568 -167.298423 17.296252
v 166.070320 -167.714558 17.296252
v 165.919713 -168.124386 17.296252
v 165.752857 -168.527159 17.296252
v 165.570228 -168.922151 17.296252
v 165.372354 -169.308744 17.296252
v 165.159703 -169.686344 17.296252
v 164.973769 -169.990199 17.296252
v 164.778384 -170.287214 17.296252
v 164.573808 -170.577055 17.296252
v 164.360301 -170.859389 17.296252
v 164.138124 -171.133883 17.296252
v 163.907536 -171.400203 17.296252
v 163.668798 -171.658015 17.296252
v 163.545825 -171.493208 15.499349
v 163.733405 -171.226834 15.499349
v 163.914581 -170.953775 15.499349
v 164.089149 -170.674294 15.499349
v 164.256904 -170.388653 15.499349
v 164.417643 -170.097113 15.499349
v 164.571160 -169.799937 15.499349
v 164.717251 -169.497386 15.499349
v 164.884334 -169.123237 15.499349
v 165.039806 -168.742022 15.499349
v 165.183301 -168.354208 15.499349
v 165.314401 -167.960280 15.499349
v 165.432736 -167.560809 15.499349
v 165.538216 -167.156382 15.499349
v 165.630768 -166.747587 15.499349
v 165.710315 -166.335009 15.499349
v 165.776783 -165.919234 15.499349
v 165.830098 -165.500850 15.499349
v 165.870184 -165.080441 15.499349
v 165.896966 -164.658596 15.499349
v 165.910369 -164.235899 15.499349
v 165.910319 -163.812937 15.499349
v 165.896740 -163.390298 15.499349
v 165.869558 -162.968566 15.499349
v 165.828697 -162.548328 15.499349
v 165.774084 -162.130175 15.499349
v 165.705781 -161.714812 15.499349
v 165.624061 -161.302837 15.499349
v 165.529209 -160.894768 15.499349
v 165.421509 -160.491123 15.499349
v 165.301247 -160.092420 15.499349
v 165.168707 -159.699178 15.499349
v 165.024174 -159.311915 15.499349
v 164.867934 -158.931150 15.499349
v 164.700271 -158.557399 15.499349
v 164.521471 -158.191182 15.499349
v 164.331818 -157.833017 15.499349
v 164.131596 -157.483422 15.499349
v 163.921092 -157.142916 15.499349
v 163.996198 -157.101528 16.098317
v 164.225839 -157.440127 16.098317
v 164.444262 -157.788640 16.098317
v 164.651157 -158.146502 16.098317
v 164.846212 -158.513148 16.098317
v 165.029117 -158.888013 16.098317
v 165.199561 -159.270530 16.098317
v 165.357232 -159.660136 16.098317
v 165.501821 -160.056264 16.098317
v 165.633017 -160.458349 16.098317
v 165.750507 -160.865825 16.098317
v 165.853983 -161.278128 16.098317
v 165.943132 -161.694693 16.098317
v 166.017644 -162.114952 16.098317
v 166.077222 -162.538257 16.098317
v 166.121797 -162.963834 16.098317
v 166.151451 -163.391042 16.098317
v 166.166264 -163.819240 16.098317
v 166.166319 -164.247790 16.098317
v 166.151697 -164.676050 16.098317
v 166.122480 -165.103382 16.098317
v 166.078750 -165.529146 16.098317
v 166.020589 -165.952703 16.098317
v 165.948078 -166.373412 16.098317
v 165.861299 -166.790634 16.098317
v 165.760334 -167.203729 16.098317
v 165.645264 -167.612058 16.098317
v 165.516172 -168.014982 16.098317
v 165.373153 -168.411858 16.098317
v 165.216613 -168.802065 16.098317
v 165.047007 -169.185073 16.098317
v 164.864735 -169.560372 16.098317
v 164.705363 -169.863358 16.098317
v 164.537890 -170.160480 16.098317
v 164.362539 -170.451453 16.098317
v 164.179533 -170.735992 16.098317
v 163.989096 -171.013811 16.098317
v 163.791449 -171.284623 16.098317
v 163.586816 -171.548144 16.098317
v 163.463844 -171.383337 14.301415
v 163.617318 -171.111254 14.301415
v 163.765553 -170.833703 14.301415
v 163.908381 -170.550897 14.301415
v 164.045636 -170.263051 14.301415
v 164.177149 -169.970379 14.301415
v 164.302753 -169.673095 14.301415
v 164.422283 -169.371414 14.301415
v 164.558987 -168.999566 14.301415
v 164.686191 -168.621936 14.301415
v 164.803596 -168.238907 14.301415
v 164.910860 -167.850876 14.301415
v 165.007679 -167.458309 14.301415
v 165.093982 -167.061689 14.301415
v 165.169705 -166.661493 14.301415
v 165.234790 -166.258203 14.301415
v 165.289173 -165.852297 14.301415
v 165.332794 -165.444256 14.301415
v 165.365591 -165.034559 14.301415
v 165.387504 -164.623686 14.301415
v 165.398470 -164.212117 14.301415
v 165.398429 -163.800331 14.301415
v 165.387319 -163.388808 14.301415
v 165.365079 -162.978029 14.301415
v 165.331648 -162.568471 14.301415
v 165.286964 -162.160619 14.301415
v 165.231080 -161.755051 14.301415
v 165.164218 -161.352254 14.301415
v 165.086612 -160.952652 14.301415
v 164.998494 -160.556671 14.301415
v 164.900097 -160.164733 14.301415
v 164.791656 -159.777264 14.301415
v 164.673402 -159.394686 14.301415
v 164.545569 -159.017424 14.301415
v 164.408390 -158.645901 14.301415
v 164.262099 -158.280543 14.301415
v 164.106928 -157.921772 14.301415
v 163.943111 -157.570014 14.301415
v 163.770880 -157.225691 14.301415
v 163.845986 -157.184303 14.900382
v 164.037353 -157.526718 14.900382
v 164.219373 -157.877395 14.900382
v 164.391785 -158.235863 14.900382
v 164.554331 -158.601650 14.900382
v 164.706752 -158.974287 14.900382
v 164.848788 -159.353301 14.900382
v 164.980181 -159.738221 14.900382
v 165.100672 -160.128577 14.900382
v 165.210001 -160.523897 14.900382
v 165.307910 -160.923710 14.900382
v 165.394140 -161.327545 14.900382
v 165.468431 -161.734931 14.900382
v 165.530524 -162.145397 14.900382
v 165.580172 -162.558400 14.900382
v 165.617318 -162.973297 14.900382
v 165.642030 -163.389553 14.900382
v 165.654374 -163.806634 14.900382
v 165.654420 -164.224008 14.900382
v 165.642235 -164.641141 14.900382
v 165.617888 -165.057500 14.900382
v 165.581446 -165.472553 14.900382
v 165.532978 -165.885766 14.900382
v 165.472552 -166.296606 14.900382
v 165.400236 -166.704540 14.900382
v 165.316099 -167.109035 14.900382
v 165.220208 -167.509559 14.900382
v 165.112631 -167.905578 14.900382
v 164.993448 -168.296557 14.900382
v 164.862998 -168.681979 14.900382
v 164.721660 -169.061401 14.900382
v 164.569767 -169.434400 14.900382
v 164.436957 -169.736516 14.900382
v 164.297396 -170.033746 14.900382
v 164.151270 -170.325852 14.900382
v 163.998765 -170.612595 14.900382
v 163.840067 -170.893739 14.900382
v 163.675362 -171.169044 14.900382
v 163.504834 -171.438273 14.900382
v 163.381862 -171.273465 13.103480
v 163.501231 -170.995675 13.103480
v 163.616525 -170.713631 13.103480
v 163.727613 -170.427500 13.103480
v 163.834367 -170.137449 13.103480
v 163.936655 -169.843645 13.103480
v 164.034347 -169.546253 13.103480
v 164.127314 -169.245442 13.103480
v 164.233640 -168.875894 13.103480
v 164.332577 -168.501850 13.103480
v 164.423892 -168.123606 13.103480
v 164.507319 -167.741472 13.103480
v 164.582623 -167.355810 13.103480
v 164.649747 -166.966995 13.103480
v 164.708643 -166.575399 13.103480
v 164.759264 -166.181397 13.103480
v 164.801562 -165.785360 13.103480
v 164.835490 -165.387662 13.103480
v 164.860999 -164.988677 13.103480
v 164.878042 -164.588777 13.103480
v 164.886572 -164.188335 13.103480
v 164.886540 -163.787725 13.103480
v 164.877898 -163.387319 13.103480
v 164.860601 -162.987491 13.103480
v 164.834598 -162.588615 13.103480
v 164.799845 -162.191064 13.103480
v 164.756379 -161.795289 13.103480
v 164.704376 -161.401670 13.103480
v 164.644015 -161.010537 13.103480
v 164.575479 -160.622219 13.103480
v 164.498948 -160.237047 13.103480
v 164.414605 -159.855349 13.103480
v 164.322629 -159.477456 13.103480
v 164.223204 -159.103698 13.103480
v 164.116509 -158.734403 13.103480
v 164.002727 -158.369903 13.103480
v 163.882039 -158.010527 13.103480
v 163.754625 -157.656605 13.103480
v 163.620668 -157.308466 13.103480
v 163.695774 -157.267078 13.702447
v 163.848868 -157.613309 13.702447
v 163.994483 -157.966150 13.702447
v 164.132413 -158.325223 13.702447
v 164.262450 -158.690152 13.702447
v 164.384386 -159.060561 13.702447
v 164.498016 -159.436071 13.702447
v 164.603130 -159.816306 13.702447
v 164.699523 -160.200890 13.702447
v 164.786986 -160.589445 13.702447
v 164.865313 -160.981595 13.702447
v 164.934297 -161.376962 13.702447
v 164.993730 -161.775170 13.702447
v 165.043405 -162.175842 13.702447
v 165.083123 -162.578543 13.702447
v 165.112840 -162.982760 13.702447
v 165.132609 -163.388064 13.702447
v 165.142484 -163.794028 13.702447
v 165.142521 -164.200226 13.702447
v 165.132773 -164.606231 13.702447
v 165.113295 -165.011618 13.702447
v 165.084142 -165.415959 13.702447
v 165.045368 -165.818828 13.702447
v 164.997027 -166.219800 13.702447
v 164.939174 -166.618446 13.702447
v 164.871864 -167.014342 13.702447
v 164.795151 -167.407060 13.702447
v 164.709090 -167.796174 13.702447
v 164.613744 -168.181256 13.702447
v 164.509384 -168.561893 13.702447
v 164.396313 -168.937730 13.702447
v 164.274798 -169.308428 13.702447
v 164.168550 -169.609674 13.702447
v 164.056902 -169.907012 13.702447
v 163.940001 -170.200250 13.702447
v 163.817997 -170.489199 13.702447
v 163.691039 -170.773667 13.702447
v 163.559274 -171.053465 13.702447
v 163.422853 -171.328401 13.702447
v 163.299880 -171.163594 11.905545
v 163.385144 -170.880096 11.905545
v 163.467496 -170.593559 11.905545
v 163.546845 -170.304103 11.905545
v 163.623098 -170.011848 11.905545
v 163.696161 -169.716911 11.905545
v 163.765941 -169.419412 11.905545
v 163.832346 -169.119470 11.905545
v 163.908293 -168.752223 11.905545
v 163.978962 -168.381764 11.905545
v 164.044187 -168.008305 11.905545
v 164.103778 -167.632068 11.905545
v 164.157567 -167.253310 11.905545
v 164.205512 -166.872301 11.905545
v 164.247581 -166.489305 11.905545
v 164.283739 -166.104591 11.905545
v 164.313952 -165.718423 11.905545
v 164.338186 -165.331069 11.905545
v 164.356407 -164.942794 11.905545
v 164.368580 -164.553867 11.905545
v 164.374673 -164.164553 11.905545
v 164.374650 -163.775118 11.905545
v 164.368478 -163.385830 11.905545
v 164.356122 -162.996954 11.905545
v 164.337549 -162.608758 11.905545
v 164.312725 -162.221509 11.905545
v 164.281678 -161.835528 11.905545
v 164.244533 -161.451087 11.905545
v 164.201418 -161.068422 11.905545
v 164.152463 -160.687768 11.905545
v 164.097799 -160.309360 11.905545
v 164.037553 -159.933434 11.905545
v 163.971857 -159.560226 11.905545
v 163.900839 -159.189971 11.905545
v 163.824628 -158.822906 11.905545
v 163.743355 -158.459264 11.905545
v 163.657149 -158.099282 11.905545
v 163.566140 -157.743196 11.905545
v 163.470456 -157.391241 11.905545
v 163.545562 -157.349853 12.504513
v 163.660382 -157.699900 12.504513
v 163.769594 -158.054905 12.504513
v 163.873041 -158.414584 12.504513
v 163.970569 -158.778654 12.504513
v 164.062021 -159.146834 12.504513
v 164.147243 -159.518841 12.504513
v 164.226079 -159.894392 12.504513
v 164.298373 -160.273203 12.504513
v 164.363971 -160.654993 12.504513
v 164.422716 -161.039480 12.504513
v 164.474454 -161.426379 12.504513
v 164.519029 -161.815409 12.504513
v 164.556285 -162.206286 12.504513
v 164.586074 -162.598686 12.504513
v 164.608361 -162.992223 12.504513
v 164.623188 -163.386574 12.504513
v 164.630595 -163.781421 12.504513
v 164.630622 -164.176444 12.504513
v 164.623311 -164.571322 12.504513
v 164.608703 -164.965736 12.504513
v 164.586838 -165.359365 12.504513
v 164.557757 -165.751891 12.504513
v 164.521502 -166.142994 12.504513
v 164.478112 -166.532352 12.504513
v 164.427630 -166.919648 12.504513
v 164.370095 -167.304560 12.504513
v 164.305549 -167.686770 12.504513
v 164.234039 -168.065956 12.504513
v 164.155769 -168.441807 12.504513
v 164.070966 -168.814058 12.504513
v 163.979830 -169.182456 12.504513
v 163.900144 -169.482832 12.504513
v 163.816408 -169.780278 12.504513
v 163.728732 -170.074648 12.504513
v 163.637229 -170.365802 12.504513
v 163.542011 -170.653595 12.504513
v 163.443187 -170.937885 12.504513
v 163.340871 -171.218530 12.504513
v 163.217898 -171.053722 10.707610
v 163.269056 -170.764516 10.707610
v 163.318468 -170.473487 10.707610
v 163.366077 -170.180707 10.707610
v 163.411829 -169.886246 10.707610
v 163.455667 -169.590177 10.707610
v 163.497535 -169.292570 10.707610
v 163.537378 -168.993498 10.707610
v 163.582946 -168.628551 10.707610
v 163.625347 -168.261678 10.707610
v 163.664482 -167.893004 10.707610
v 163.700237 -167.522663 10.707610
v 163.732510 -167.150811 10.707610
v 163.761278 -166.777607 10.707610
v 163.786519 -166.403212 10.707610
v 163.808214 -166.027785 10.707610
v 163.826341 -165.651486 10.707610
v 163.840882 -165.274475 10.707610
v 163.851814 -164.896912 10.707610
v 163.859118 -164.518958 10.707610
v 163.862774 -164.140771 10.707610
v 163.862760 -163.762512 10.707610
v 163.859057 -163.384341 10.707610
v 163.851643 -163.006417 10.707610
v 163.840500 -162.628901 10.707610
v 163.825605 -162.251953 10.707610
v 163.806977 -161.875767 10.707610
v 163.784690 -161.500504 10.707610
v 163.758821 -161.126307 10.707610
v 163.729448 -160.753316 10.707610
v 163.696650 -160.381673 10.707610
v 163.660502 -160.011519 10.707610
v 163.621084 -159.642996 10.707610
v 163.578473 -159.276245 10.707610
v 163.532747 -158.911408 10.707610
v 163.483983 -158.548624 10.707610
v 163.432260 -158.188037 10.707610
v 163.377654 -157.829787 10.707610
v 163.320244 -157.474016 10.707610
v 163.395350 -157.432629 11.306578
v 163.471897 -157.786492 11.306578
v 163.544704 -158.143660 11.306578
v 163.613669 -158.503944 11.306578
v 163.678688 -158.867157 11.306578
v 163.739656 -159.233108 11.306578
v 163.796471 -159.601611 11.306578
v 163.849028 -159.972477 11.306578
v 163.897224 -160.345516 11.306578
v 163.940956 -160.720542 11.306578
v 163.980119 -161.097364 11.306578
v 164.014611 -161.475796 11.306578
v 164.044328 -161.855647 11.306578
v 164.069165 -162.236731 11.306578
v 164.089024 -162.618829 11.306578
v 164.103883 -163.001686 11.306578
v 164.113767 -163.385085 11.306578
v 164.118705 -163.768815 11.306578
v 164.118723 -164.152662 11.306578
v 164.113849 -164.536412 11.306578
v 164.104110 -164.919853 11.306578
v 164.089534 -165.302772 11.306578
v 164.070147 -165.684954 11.306578
v 164.045976 -166.066188 11.306578
v 164.017050 -166.446259 11.306578
v 163.983395 -166.824954 11.306578
v 163.945038 -167.202061 11.306578
v 163.902008 -167.577366 11.306578
v 163.854335 -167.950655 11.306578
v 163.802155 -168.321721 11.306578
v 163.745620 -168.690387 11.306578
v 163.684862 -169.056484 11.306578
v 163.631738 -169.355991 11.306578
v 163.575914 -169.653544 11.306578
v 163.517463 -169.949047 11.306578
v 163.456461 -170.242405 11.306578
v 163.392982 -170.533523 11.306578
v 163.327100 -170.822306 11.306578
v 163.258889 -171.108658 11.306578
v 163.135916 -170.943851 9.509676
v 163.152969 -170.648937 9.509676
v 163.169440 -170.353415 9.509676
v 163.185310 -170.057310 9.509676
v 163.200560 -169.760644 9.509676
v 163.215173 -169.463442 9.509676
v 163.229129 -169.165728 9.509676
v 163.242410 -168.867525 9.509676
v 163.257599 -168.504880 9.509676
v 163.271733 -168.141591 9.509676
v 163.284778 -167.777703 9.509676
v 163.296696 -167.413259 9.509676
v 163.307454 -167.048312 9.509676
v 163.317043 -166.682913 9.509676
v 163.325457 -166.317118 9.509676
v 163.332688 -165.950978 9.509676
v 163.338731 -165.584548 9.509676
v 163.343578 -165.217881 9.509676
v 163.347222 -164.851030 9.509676
v 163.349657 -164.484048 9.509676
v 163.350875 -164.116989 9.509676
v 163.350870 -163.749906 9.509676
v 163.349636 -163.382851 9.509676
v 163.347165 -163.015880 9.509676
v 163.343450 -162.649044 9.509676
v 163.338485 -162.282398 9.509676
v 163.332276 -161.916005 9.509676
v 163.324847 -161.549921 9.509676
v 163.316224 -161.184191 9.509676
v 163.306433 -160.818864 9.509676
v 163.295500 -160.453986 9.509676
v 163.283451 -160.089605 9.509676
v 163.270312 -159.725767 9.509676
v 163.256108 -159.362519 9.509676
v 163.240866 -158.999910 9.509676
v 163.224612 -158.637985 9.509676
v 163.207370 -158.276792 9.509676
v 163.189168 -157.916379 9.509676
v 163.170032 -157.556791 9.509676
v 163.245138 -157.515404 10.108643
v 163.283411 -157.873083 10.108643
v 163.319815 -158.232415 10.108643
v 163.354297 -158.593305 10.108643
v 163.386807 -158.955659 10.108643
v 163.417291 -159.319382 10.108643
v 163.445698 -159.684382 10.108643
v 163.471977 -160.050562 10.108643
v 163.496075 -160.417830 10.108643
v 163.517941 -160.786090 10.108643
v 163.537523 -161.155249 10.108643
v 163.554768 -161.525212 10.108643
v 163.569627 -161.895886 10.108643
v 163.582045 -162.267176 10.108643
v 163.591975 -162.638973 10.108643
v 163.599404 -163.011149 10.108643
v 163.604346 -163.383596 10.108643
v 163.606815 -163.756209 10.108643
v 163.606824 -164.128880 10.108643
v 163.604387 -164.501503 10.108643
v 163.599518 -164.873971 10.108643
v 163.592230 -165.246178 10.108643
v 163.582536 -165.618017 10.108643
v 163.570451 -165.989381 10.108643
v 163.555988 -166.360165 10.108643
v 163.539160 -166.730260 10.108643
v 163.519982 -167.099561 10.108643
v 163.498467 -167.467961 10.108643
v 163.474630 -167.835354 10.108643
v 163.448540 -168.201634 10.108643
v 163.420273 -168.566715 10.108643
v 163.389894 -168.930512 10.108643
v 163.363332 -169.229149 10.108643
v 163.335420 -169.526810 10.108643
v 163.306194 -169.823445 10.108643
v 163.275694 -170.119008 10.108643
v 163.243954 -170.413451 10.108643
v 163.211013 -170.706727 10.108643
v 163.176907 -170.998787 10.108643
v 150.926847 -155.738043 18.494186
v 151.516597 -155.345125 18.494186
v 152.132019 -154.993777 18.494186
v 152.770189 -154.685671 18.494186
v 153.428072 -154.422270 18.494186
v 154.102541 -154.204827 18.494186
v 154.790389 -154.034374 18.494186
v 155.488348 -153.911724 18.494186
v 156.193100 -153.837457 18.494186
v 156.901293 -153.811929 18.494186
v 157.609563 -153.835259 18.494186
v 158.314541 -153.907337 18.494186
v 159.012877 -154.027821 18.494186
v 159.701252 -154.196137 18.494186
v 160.376392 -154.411486 18.494186
v 161.035090 -154.672843 18.494186
v 161.674212 -154.978967 18.494186
v 162.290723 -155.328403 18.494186
v 162.881690 -155.719488 18.494186
v 163.444304 -156.150365 18.494186
v 161.603974 -157.236683 8.936977
v 160.113023 -157.236683 8.963246
v 158.622071 -157.236683 8.989515
v 157.131120 -157.236683 9.015784
v 155.640169 -157.236683 9.042053
v 154.149217 -157.236683 9.068322
v 152.658266 -157.236683 9.094591
v 150.717945 -156.012196 17.908013
v 163.443530 -156.262242 17.895780
v 150.819073 -156.175461 16.735667
v 163.329156 -156.392167 16.698966
v 163.472123 -156.229761 18.194983
v 162.971472 -155.850522 18.195263
v 162.448381 -155.501841 18.195544
v 161.904822 -155.184985 18.195824
v 161.565730 -155.008710 18.195994
v 161.220263 -154.844913 18.196164
v 160.868864 -154.693877 18.196335
v 160.511983 -154.555923 18.196505
v 160.150130 -154.431332 18.196675
v 159.783824 -154.320172 18.196845
v 159.413583 -154.222503 18.197015
v 159.039928 -154.138383 18.197186
v 158.663377 -154.067873 18.197356
v 158.284448 -154.011031 18.197526
v 157.903661 -153.967916 18.197696
v 157.521535 -153.938588 18.197866
v 157.138589 -153.923105 18.198036
v 156.755341 -153.921527 18.198207
v 156.372311 -153.933913 18.198377
v 155.990018 -153.960322 18.198547
v 155.608980 -154.000814 18.198717
v 155.229720 -154.055445 18.198887
v 154.852833 -154.124178 18.199058
v 154.478848 -154.206808 18.199228
v 154.108241 -154.303121 18.199398
v 153.741488 -154.412902 18.199568
v 153.379064 -154.535933 18.199738
v 153.021446 -154.672001 18.199908
v 152.669110 -154.820889 18.200079
v 152.322531 -154.982382 18.200249
v 151.982186 -155.156265 18.200419
v 151.648551 -155.342321 18.200589
v 151.322102 -155.540336 18.200759
v 151.003314 -155.750094 18.200930
v 150.692663 -155.971380 18.201100
v 163.357749 -156.359686 16.998170
v 162.855996 -156.029382 16.999572
v 162.334697 -155.725691 17.000973
v 161.795572 -155.449720 17.002375
v 161.460351 -155.296191 17.003226
v 161.119578 -155.153529 17.004077
v 160.773639 -155.021981 17.004928
v 160.422925 -154.901828 17.005779
v 160.067880 -154.793312 17.006630
v 159.708957 -154.696496 17.007481
v 159.346607 -154.611429 17.008331
v 158.981283 -154.538164 17.009182
v 158.613436 -154.476752 17.010033
v 158.243519 -154.427244 17.010884
v 157.871984 -154.389693 17.011735
v 157.499282 -154.364149 17.012586
v 157.125866 -154.350664 17.013437
v 156.752187 -154.349290 17.014288
v 156.378698 -154.360077 17.015139
v 156.005851 -154.383079 17.015990
v 155.634097 -154.418345 17.016840
v 155.263891 -154.465928 17.017691
v 154.895752 -154.525791 17.018542
v 154.530141 -154.597760 17.019393
v 154.167472 -154.681646 17.020244
v 153.808160 -154.777261 17.021095
v 153.452618 -154.884417 17.021946
v 153.101262 -155.002928 17.022797
v 152.754506 -155.132604 17.023648
v 152.412765 -155.273260 17.024499
v 152.076453 -155.424706 17.025350
v 151.745985 -155.586755 17.026200
v 151.421776 -155.759220 17.027051
v 151.104240 -155.941912 17.027902
v 150.793791 -156.134645 17.028753
v 150.768509 -156.093828 17.321840
v 151.079008 -155.893958 17.321159
v 151.396857 -155.704499 17.320478
v 151.721627 -155.525647 17.319798
v 152.052886 -155.357595 17.319117
v 152.390206 -155.200540 17.318436
v 152.733157 -155.054675 17.317755
v 153.081308 -154.920196 17.317075
v 153.434229 -154.797296 17.316394
v 153.791492 -154.686171 17.315713
v 154.152664 -154.587015 17.315033
v 154.517318 -154.500022 17.314352
v 154.885023 -154.425388 17.313671
v 155.255348 -154.363307 17.312990
v 155.627818 -154.313962 17.312310
v 156.001893 -154.277390 17.311629
v 156.377102 -154.253536 17.310948
v 156.752976 -154.242349 17.310267
v 157.129047 -154.243774 17.309587
v 157.504845 -154.257759 17.308906
v 157.879903 -154.284249 17.308225
v 158.253751 -154.323191 17.307545
v 158.625921 -154.374532 17.306864
v 158.995944 -154.438219 17.306183
v 159.363351 -154.514197 17.305502
v 159.727673 -154.602415 17.304822
v 160.088442 -154.702817 17.304141
v 160.445189 -154.815351 17.303460
v 160.797445 -154.939955 17.302780
v 161.144750 -155.076375 17.302099
v 161.486695 -155.224321 17.301418
v 161.822884 -155.383536 17.300737
v 162.363118 -155.669729 17.299616
v 162.884865 -155.984667 17.298494
v 163.386343 -156.327205 17.297373
v 163.214782 -156.522093 15.502153
v 162.711650 -156.252956 15.504957
v 162.192592 -156.005505 15.507760
v 161.659008 -155.780639 15.510564
v 161.328627 -155.655541 15.512266
v 160.993722 -155.539298 15.513967
v 160.654607 -155.432111 15.515669
v 160.311601 -155.334208 15.517371
v 159.965067 -155.245789 15.519073
v 159.615373 -155.166901 15.520775
v 159.262886 -155.097587 15.522477
v 158.907976 -155.037890 15.524178
v 158.551011 -154.987850 15.525880
v 158.192358 -154.947511 15.527582
v 157.832387 -154.916913 15.529284
v 157.471466 -154.896100 15.530986
v 157.109962 -154.885112 15.532687
v 156.748245 -154.883992 15.534389
v 156.386682 -154.892782 15.536091
v 156.025642 -154.911524 15.537793
v 155.665493 -154.940260 15.539495
v 155.306605 -154.979030 15.541196
v 154.949402 -155.027808 15.542898
v 154.594258 -155.086449 15.544600
v 154.241511 -155.154801 15.546302
v 153.891499 -155.232709 15.548004
v 153.544560 -155.320022 15.549706
v 153.201032 -155.416586 15.551407
v 152.861251 -155.522249 15.553109
v 152.525557 -155.636857 15.554811
v 152.194287 -155.760257 15.556513
v 151.867778 -155.892297 15.558215
v 151.546369 -156.032824 15.559916
v 151.230397 -156.181685 15.561618
v 150.920201 -156.338726 15.563320
v 150.869637 -156.257093 16.149493
v 151.179934 -156.085776 16.148132
v 151.496532 -155.923382 16.146770
v 151.819061 -155.770080 16.145409
v 152.147153 -155.626037 16.144047
v 152.480440 -155.491418 16.142686
v 152.818553 -155.366391 16.141325
v 153.161124 -155.251123 16.139963
v 153.507783 -155.145780 16.138602
v 153.858163 -155.050530 16.137240
v 154.211896 -154.965539 16.135879
v 154.568611 -154.890974 16.134517
v 154.927942 -154.827002 16.133156
v 155.289519 -154.773789 16.131794
v 155.652935 -154.731494 16.130433
v 156.017726 -154.700146 16.129072
v 156.383489 -154.679700 16.127710
v 156.749822 -154.670111 16.126349
v 157.116324 -154.671333 16.124987
v 157.482592 -154.683319 16.123626
v 157.848226 -154.706025 16.122264
v 158.212823 -154.739404 16.120903
v 158.575981 -154.783411 16.119541
v 158.937299 -154.837999 16.118180
v 159.296374 -154.903124 16.116819
v 159.652806 -154.978739 16.115457
v 160.006192 -155.064798 16.114096
v 160.356131 -155.161256 16.112734
v 160.702220 -155.268059 16.111373
v 161.044065 -155.384990 16.110011
v 161.381317 -155.511801 16.108650
v 161.713634 -155.648272 16.107288
v 162.249434 -155.893579 16.105045
v 162.769388 -156.163526 16.102803
v 163.271969 -156.457130 16.100560
v 163.100409 -156.652018 14.305340
v 162.596173 -156.431815 14.309265
v 162.078908 -156.229355 14.313190
v 161.549758 -156.045374 14.317115
v 161.223248 -155.943022 14.319497
v 160.893037 -155.847914 14.321880
v 160.559381 -155.760215 14.324262
v 160.222543 -155.680113 14.326645
v 159.882817 -155.607769 14.329028
v 159.540505 -155.543225 14.331410
v 159.195910 -155.486514 14.333793
v 158.849331 -155.437670 14.336175
v 158.501070 -155.396729 14.338558
v 158.151430 -155.363724 14.340940
v 157.800710 -155.338690 14.343323
v 157.449213 -155.321660 14.345705
v 157.097240 -155.312670 14.348088
v 156.745091 -155.311754 14.350470
v 156.393069 -155.318946 14.352853
v 156.041475 -155.334280 14.355235
v 155.690610 -155.357791 14.357618
v 155.340776 -155.389513 14.360001
v 154.992321 -155.429422 14.362383
v 154.645551 -155.477401 14.364766
v 154.300742 -155.533325 14.367148
v 153.958171 -155.597068 14.369531
v 153.618114 -155.668506 14.371913
v 153.280847 -155.747513 14.374296
v 152.946648 -155.833964 14.376678
v 152.615791 -155.927734 14.379061
v 152.288554 -156.028698 14.381443
v 151.965212 -156.136731 14.383826
v 151.646043 -156.251708 14.386208
v 151.331323 -156.373502 14.388591
v 151.021328 -156.501991 14.390973
v 150.970764 -156.420358 14.977147
v 151.280860 -156.277594 14.975105
v 151.596206 -156.142266 14.973062
v 151.916495 -156.014514 14.971020
v 152.241420 -155.894478 14.968978
v 152.570674 -155.782295 14.966936
v 152.903949 -155.678106 14.964894
v 153.240940 -155.582049 14.962852
v 153.581337 -155.494264 14.960809
v 153.924835 -155.414889 14.958767
v 154.271127 -155.344063 14.956725
v 154.619905 -155.281925 14.954683
v 154.970861 -155.228615 14.952641
v 155.323690 -155.184272 14.950598
v 155.678051 -155.149025 14.948556
v 156.033558 -155.122902 14.946514
v 156.389876 -155.105864 14.944472
v 156.746668 -155.097873 14.942430
v 157.103601 -155.098891 14.940388
v 157.460340 -155.108880 14.938345
v 157.816549 -155.127801 14.936303
v 158.171894 -155.155617 14.934261
v 158.526041 -155.192290 14.932219
v 158.878653 -155.237780 14.930177
v 159.229398 -155.292051 14.928135
v 159.577939 -155.355063 14.926092
v 159.923942 -155.426779 14.924050
v 160.267072 -155.507161 14.922008
v 160.606994 -155.596163 14.919966
v 160.943380 -155.693606 14.917924
v 161.275938 -155.799281 14.915882
v 161.604383 -155.913007 14.913839
v 162.135750 -156.117430 14.910475
v 162.653911 -156.342386 14.907111
v 163.157595 -156.587056 14.903746
v 162.928848 -156.846907 12.510120
v 162.422958 -156.700105 12.515727
v 161.908382 -156.565131 12.521334
v 161.385882 -156.442477 12.526941
v 161.065180 -156.374242 12.530345
v 160.742010 -156.310837 12.533749
v 160.416543 -156.252371 12.537152
v 160.088955 -156.198970 12.540556
v 159.759442 -156.150741 12.543960
v 159.428205 -156.107711 12.547363
v 159.095445 -156.069904 12.550767
v 158.761363 -156.037341 12.554170
v 158.426160 -156.010047 12.557574
v 158.090037 -155.988044 12.560978
v 157.753194 -155.971354 12.564381
v 157.415834 -155.960001 12.567785
v 157.078155 -155.954008 12.571188
v 156.740360 -155.953397 12.574592
v 156.402650 -155.958192 12.577996
v 156.065224 -155.968415 12.581399
v 155.728285 -155.984089 12.584803
v 155.392033 -156.005236 12.588207
v 155.056700 -156.031842 12.591610
v 154.722491 -156.063828 12.595014
v 154.389589 -156.101111 12.598417
v 154.058179 -156.143606 12.601821
v 153.728445 -156.191232 12.605225
v 153.400571 -156.243903 12.608628
v 153.074742 -156.301537 12.612032
v 152.751141 -156.364051 12.615436
v 152.429954 -156.431360 12.618839
v 152.111364 -156.503382 12.622243
v 151.795555 -156.580033 12.625646
v 151.482712 -156.661229 12.629050
v 151.173020 -156.746888 12.632454
v 151.071892 -156.583623 13.804800
v 151.381786 -156.469411 13.802077
v 151.695881 -156.361149 13.799354
v 152.013929 -156.258948 13.796632
v 152.335687 -156.162919 13.793909
v 152.660908 -156.073173 13.791186
v 152.989346 -155.989822 13.788463
v 153.320755 -155.912976 13.785740
v 153.654891 -155.842748 13.783017
v 153.991507 -155.779248 13.780294
v 154.330358 -155.722587 13.777571
v 154.671198 -155.672877 13.774848
v 155.013781 -155.630229 13.772125
v 155.357862 -155.594754 13.769403
v 155.703168 -155.566557 13.766680
v 156.049391 -155.545658 13.763957
v 156.396263 -155.532028 13.761234
v 156.743514 -155.525635 13.758511
v 157.090878 -155.526450 13.755788
v 157.438087 -155.534441 13.753065
v 157.784872 -155.549578 13.750342
v 158.130965 -155.571831 13.747619
v 158.476100 -155.601168 13.744896
v 158.820008 -155.637561 13.742174
v 159.162421 -155.680977 13.739451
v 159.503072 -155.731387 13.736728
v 159.841692 -155.788760 13.734005
v 160.178013 -155.853065 13.731282
v 160.511769 -155.924267 13.728559
v 160.842695 -156.002221 13.725836
v 161.170559 -156.086762 13.723113
v 161.495133 -156.177742 13.720390
v 162.022066 -156.341281 13.715905
v 162.538435 -156.521245 13.711419
v 163.043222 -156.716981 13.706933
v 162.814474 -156.976832 11.313307
v 162.307482 -156.878964 11.320035
v 161.794698 -156.788982 11.326764
v 161.276632 -156.707213 11.333492
v 160.959801 -156.661722 11.337577
v 160.641325 -156.619452 11.341661
v 160.321318 -156.580475 11.345745
v 159.999896 -156.544874 11.349830
v 159.677191 -156.512722 11.353914
v 159.353337 -156.484035 11.357999
v 159.028468 -156.458830 11.362083
v 158.702717 -156.437122 11.366167
v 158.376220 -156.418926 11.370252
v 158.049108 -156.404257 11.374336
v 157.721517 -156.393130 11.378420
v 157.393581 -156.385562 11.382505
v 157.065432 -156.381566 11.386589
v 156.737206 -156.381159 11.390673
v 156.409037 -156.384356 11.394758
v 156.081057 -156.391171 11.398842
v 155.753401 -156.401620 11.402926
v 155.426204 -156.415719 11.407011
v 155.099620 -156.433456 11.411095
v 154.773784 -156.454780 11.415179
v 154.448820 -156.479635 11.419264
v 154.124851 -156.507965 11.423348
v 153.801999 -156.539715 11.427432
v 153.480387 -156.574830 11.431517
v 153.160138 -156.613252 11.435601
v 152.841375 -156.654928 11.439685
v 152.524221 -156.699801 11.443770
v 152.208798 -156.747816 11.447854
v 151.895230 -156.798916 11.451938
v 151.583638 -156.853047 11.456023
v 151.274147 -156.910153 11.460107
v 162.700101 -157.106758 10.116493
v 162.192005 -157.057824 10.124343
v 161.681014 -157.012833 10.132193
v 161.167381 -156.971948 10.140043
v 160.854422 -156.949203 10.144809
v 160.540640 -156.928068 10.149574
v 160.226092 -156.908579 10.154339
v 159.910838 -156.890779 10.159104
v 159.594941 -156.874702 10.163869
v 159.278470 -156.860359 10.168634
v 158.961491 -156.847757 10.173399
v 158.644072 -156.836903 10.178164
v 158.326279 -156.827805 10.182929
v 158.008179 -156.820470 10.187694
v 157.689840 -156.814907 10.192459
v 157.371328 -156.811123 10.197224
v 157.052710 -156.809125 10.201989
v 156.734053 -156.808921 10.206754
v 156.415424 -156.810519 10.211519
v 156.096890 -156.813927 10.216285
v 155.778518 -156.819152 10.221050
v 155.460375 -156.826201 10.225815
v 155.142539 -156.835070 10.230580
v 154.825077 -156.845732 10.235345
v 154.508051 -156.858159 10.240110
v 154.191523 -156.872324 10.244875
v 153.875553 -156.888199 10.249640
v 153.560203 -156.905756 10.254405
v 153.245534 -156.924968 10.259170
v 152.931609 -156.945806 10.263935
v 152.618488 -156.968242 10.268700
v 152.306232 -156.992249 10.273465
v 151.994904 -157.017800 10.278230
v 151.684564 -157.044865 10.282996
v 151.375275 -157.073418 10.287761
v 150.844355 -156.216277 16.442580
v 151.154703 -156.037821 16.441389
v 151.471613 -155.868661 16.440197
v 151.794702 -155.708972 16.439006
v 152.123587 -155.558926 16.437815
v 152.457882 -155.418698 16.436624
v 152.797204 -155.288462 16.435432
v 153.141170 -155.168391 16.434241
v 153.489395 -155.058659 16.433050
v 153.841495 -154.959440 16.431858
v 154.197088 -154.870908 16.430667
v 154.555788 -154.793236 16.429476
v 154.917212 -154.726598 16.428285
v 155.280976 -154.671169 16.427093
v 155.646655 -154.627111 16.425902
v 156.013767 -154.594457 16.424711
v 156.381892 -154.573159 16.423520
v 156.750610 -154.563171 16.422328
v 157.119505 -154.564443 16.421137
v 157.488156 -154.576929 16.419946
v 157.856145 -154.600581 16.418755
v 158.223055 -154.635351 16.417563
v 158.588466 -154.681191 16.416372
v 158.951960 -154.738054 16.415181
v 159.313119 -154.805892 16.413989
v 159.671523 -154.884658 16.412798
v 160.026755 -154.974303 16.411607
v 160.378395 -155.074780 16.410416
v 160.726026 -155.186033 16.409224
v 161.069236 -155.307836 16.408033
v 161.407661 -155.439931 16.406842
v 161.740946 -155.582088 16.405651
v 162.277855 -155.837617 16.403688
v 162.798257 -156.118811 16.401726
v 163.300562 -156.424649 16.399763
v 150.743227 -156.053012 17.614926
v 151.053777 -155.846003 17.614416
v 151.371939 -155.649778 17.613905
v 151.697268 -155.464538 17.613395
v 152.029320 -155.290485 17.612884
v 152.367648 -155.127821 17.612374
v 152.711808 -154.976747 17.611863
v 153.061354 -154.837464 17.611353
v 153.415841 -154.710175 17.610842
v 153.774824 -154.595081 17.610332
v 154.137857 -154.492384 17.609821
v 154.504495 -154.402284 17.609310
v 154.874293 -154.324985 17.608800
v 155.246805 -154.260686 17.608289
v 155.621539 -154.209579 17.607779
v 155.997935 -154.171701 17.607268
v 156.375505 -154.146995 17.606758
v 156.753764 -154.135408 17.606247
v 157.132227 -154.136885 17.605737
v 157.510409 -154.151368 17.605226
v 157.887823 -154.178805 17.604716
v 158.263984 -154.219138 17.604205
v 158.638406 -154.272312 17.603694
v 159.010605 -154.338274 17.603184
v 159.380095 -154.416966 17.602673
v 159.746390 -154.508334 17.602163
v 160.109005 -154.612322 17.601652
v 160.467454 -154.728875 17.601142
v 160.821251 -154.857929 17.600631
v 161.169921 -154.999221 17.600121
v 161.513040 -155.152451 17.599610
v 161.850197 -155.317352 17.599100
v 162.391539 -155.613766 17.598259
v 162.913734 -155.939952 17.597417
v 163.414936 -156.294723 17.596576
v 162.942603 -155.895237 17.896340
v 162.419960 -155.557803 17.896901
v 161.877509 -155.251169 17.897462
v 161.539385 -155.080580 17.897802
v 161.195092 -154.922067 17.898143
v 160.845058 -154.775903 17.898483
v 160.489719 -154.642399 17.898823
v 160.129568 -154.521827 17.899164
v 159.765107 -154.414253 17.899504
v 159.396839 -154.319734 17.899844
v 159.025267 -154.238329 17.900185
v 158.650892 -154.170093 17.900525
v 158.274216 -154.115084 17.900865
v 157.895742 -154.073360 17.901206
v 157.515972 -154.044978 17.901546
v 157.135408 -154.029995 17.901887
v 156.754553 -154.028468 17.902227
v 156.373908 -154.040454 17.902567
v 155.993976 -154.066011 17.902908
v 155.615260 -154.105196 17.903248
v 155.238262 -154.158066 17.903588
v 154.863563 -154.224581 17.903929
v 154.491671 -154.304546 17.904269
v 154.123049 -154.397753 17.904609
v 153.758156 -154.503991 17.904950
v 153.397452 -154.623054 17.905290
v 153.041400 -154.754733 17.905631
v 152.690459 -154.898818 17.905971
v 152.345090 -155.055101 17.906311
v 152.005753 -155.223375 17.906652
v 151.672910 -155.403430 17.906992
v 151.347020 -155.595057 17.907332
v 151.028545 -155.798049 17.907673
v 162.827126 -156.074096 16.700649
v 162.306276 -155.781654 16.702331
v 161.768259 -155.515904 16.704013
v 161.434006 -155.368061 16.705034
v 161.094407 -155.230683 16.706055
v 160.749832 -155.104007 16.707076
v 160.400660 -154.988304 16.708097
v 160.047317 -154.883808 16.709118
v 159.690240 -154.790577 16.710139
v 159.329863 -154.708661 16.711160
v 158.966621 -154.638109 16.712182
v 158.600951 -154.578972 16.713203
v 158.233287 -154.531298 16.714224
v 157.864065 -154.495137 16.715245
v 157.493719 -154.470539 16.716266
v 157.122685 -154.457553 16.717287
v 156.751399 -154.456230 16.718308
v 156.380295 -154.466618 16.719329
v 156.009809 -154.488768 16.720350
v 155.640376 -154.522728 16.721371
v 155.272434 -154.568548 16.722392
v 154.906482 -154.626195 16.723413
v 154.542965 -154.695498 16.724435
v 154.182280 -154.776277 16.725456
v 153.824828 -154.868350 16.726477
v 153.471006 -154.971538 16.727498
v 153.121216 -155.085659 16.728519
v 152.775855 -155.210533 16.729540
v 152.435323 -155.345979 16.730561
v 152.100020 -155.491816 16.731582
v 151.770344 -155.647863 16.732603
v 151.446695 -155.813941 16.733624
v 151.129471 -155.989867 16.734645
v 146.638886 -164.090276 19.424186
v 146.663376 -163.381161 19.424186
v 146.736731 -162.675424 19.424186
v 146.858601 -161.976430 19.424186
v 147.028405 -161.287509 19.424186
v 147.245333 -160.611945 19.424186
v 147.508353 -159.952957 19.424186
v 147.816210 -159.313684 19.424186
v 148.167438 -158.697175 19.424186
v 148.560362 -158.106366 19.424186
v 148.993111 -157.544073 19.424186
v 149.463623 -157.012976 19.424186
v 149.969654 -156.515605 19.424186
v 150.508793 -156.054331 19.424186
v 151.078472 -155.631352 19.424186
v 151.675975 -155.248684 19.424186
v 152.298455 -154.908149 19.424186
v 152.942946 -154.611372 19.424186
v 153.606376 -154.359766 19.424186
v 154.285584 -154.154531 19.424186
v 154.977333 -153.996644 19.424186
v 155.678326 -153.886857 19.424186
v 156.385224 -153.825695 19.424186
v 157.094657 -153.813448 19.424186
v 157.803244 -153.850174 19.424186
v 158.507610 -153.935700 19.424186
v 159.204396 -154.069616 19.424186
v 159.890283 -154.251286 19.424186
v 160.562002 -154.479843 19.424186
v 161.216353 -154.754198 19.424186
v 161.850216 -155.073044 19.424186
v 162.460571 -155.434860 19.424186
v 163.044510 -155.837924 19.424186
v 163.599250 -156.280314 19.424186
v 164.122146 -156.759922 19.424186
v 164.610709 -157.274463 19.424186
v 165.062608 -157.821484 19.424186
v 165.475691 -158.398379 19.424186
v 165.847989 -159.002398 19.424186
v 166.177728 -159.630663 19.424186
v 166.463337 -160.280180 19.424186
v 166.703454 -160.947855 19.424186
v 166.896935 -161.630504 19.424186
v 167.042859 -162.324875 19.424186
v 167.140529 -163.027659 19.424186
v 167.189481 -163.735507 19.424186
v 167.189481 -164.445046 19.424186
v 167.140529 -165.152894 19.424186
v 167.042859 -165.855678 19.424186
v 166.896935 -166.550049 19.424186
v 166.703454 -167.232698 19.424186
v 166.463337 -167.900372 19.424186
v 166.177728 -168.549890 19.424186
v 165.847989 -169.178155 19.424186
v 165.475691 -169.782174 19.424186
v 165.062608 -170.359069 19.424186
v 164.610709 -170.906090 19.424186
v 164.122146 -171.420630 19.424186
v 163.599250 -171.900239 19.424186
v 163.044510 -172.342629 19.424186
v 162.460571 -172.745692 19.424186
v 161.850216 -173.107509 19.424186
v 161.216353 -173.426355 19.424186
v 160.562002 -173.700710 19.424186
v 159.890283 -173.929267 19.424186
v 159.204396 -174.110936 19.424186
v 158.507610 -174.244853 19.424186
v 157.803244 -174.330379 19.424186
v 157.094657 -174.367105 19.424186
v 156.385224 -174.354858 19.424186
v 155.678326 -174.293696 19.424186
v 154.977333 -174.183909 19.424186
v 154.285584 -174.026022 19.424186
v 153.606376 -173.820786 19.424186
v 152.942946 -173.569181 19.424186
v 152.298455 -173.272403 19.424186
v 151.675975 -172.931869 19.424186
v 151.078472 -172.549201 19.424186
v 150.508793 -172.126222 19.424186
v 149.969654 -171.664948 19.424186
v 149.463623 -171.167577 19.424186
v 148.993111 -170.636480 19.424186
v 148.560362 -170.074187 19.424186
v 148.167438 -169.483378 19.424186
v 147.816210 -168.866869 19.424186
v 147.508353 -168.227596 19.424186
v 147.245333 -167.568608 19.424186
v 147.028405 -166.893044 19.424186
v 146.858601 -166.204123 19.424186
v 146.736731 -165.505129 19.424186
v 146.663376 -164.799392 19.424186
v 149.456365 -171.186683 1.479716
v 149.456365 -157.236683 1.479716
v 170.736070 -171.186683 1.277377
v 170.736070 -157.236683 1.277377
v 143.533983 -171.186683 1.479716
v 143.533983 -157.236683 1.479716
vt -0.834544 -0.064072 0.000000
vt -0.371393 -0.021237 0.000000
vt -0.837000 0.000000 0.000000
vt -0.371393 0.021237 0.000000
vt -0.834544 0.064072 0.000000
vt -0.366552 0.063434 0.000000
vt -0.827191 0.127767 0.000000
vt -0.814983 0.190713 0.000000
vt -0.356931 0.104805 0.000000
vt -0.797993 0.252540 0.000000
vt -0.342658 0.144808 0.000000
vt -0.776320 0.312885 0.000000
vt -0.750091 0.371394 0.000000
vt -0.323918 0.182925 0.000000
vt -0.719460 0.427723 0.000000
vt -0.300954 0.218656 0.000000
vt -0.684607 0.481542 0.000000
vt -0.645736 0.532535 0.000000
vt -0.274068 0.251537 0.000000
vt -0.603077 0.580403 0.000000
vt -0.243608 0.281139 0.000000
vt -0.556878 0.624865 0.000000
vt -0.507411 0.665660 0.000000
vt -0.209973 0.307076 0.000000
vt -0.454966 0.702549 0.000000
vt -0.173600 0.329009 0.000000
vt -0.399851 0.735315 0.000000
vt -0.342390 0.763766 0.000000
vt -0.134964 0.346653 0.000000
vt -0.282920 0.787734 0.000000
vt -0.094569 0.359779 0.000000
vt -0.221790 0.807080 0.000000
vt -0.159357 0.821690 0.000000
vt -0.052941 0.368214 0.000000
vt -0.095990 0.831478 0.000000
vt -0.010623 0.371848 0.000000
vt -0.032059 0.836386 0.000000
vt 0.032059 0.836386 0.000000
vt 0.031834 0.370635 0.000000
vt 0.095990 0.831478 0.000000
vt 0.073876 0.364591 0.000000
vt 0.159357 0.821690 0.000000
vt 0.221790 0.807080 0.000000
vt 0.114954 0.353793 0.000000
vt 0.282920 0.787734 0.000000
vt 0.154534 0.338383 0.000000
vt 0.342390 0.763766 0.000000
vt 0.399851 0.735315 0.000000
vt 0.192100 0.318562 0.000000
vt 0.454966 0.702549 0.000000
vt 0.227161 0.294588 0.000000
vt 0.507411 0.665660 0.000000
vt 0.556878 0.624865 0.000000
vt 0.259261 0.266773 0.000000
vt 0.603077 0.580403 0.000000
vt 0.287981 0.235481 0.000000
vt 0.645736 0.532535 0.000000
vt 0.684607 0.481542 0.000000
vt 0.312946 0.201118 0.000000
vt 0.719460 0.427723 0.000000
vt 0.333832 0.164134 0.000000
vt 0.750091 0.371394 0.000000
vt 0.776320 0.312885 0.000000
vt 0.350366 0.125010 0.000000
vt 0.797993 0.252540 0.000000
vt 0.362332 0.084257 0.000000
vt 0.814983 0.190713 0.000000
vt 0.827191 0.127767 0.000000
vt 0.369575 0.042405 0.000000
vt 0.834544 0.064072 0.000000
vt 0.372000 0.000000 0.000000
vt 0.837000 0.000000 0.000000
vt 0.834544 -0.064072 0.000000
vt 0.369575 -0.042405 0.000000
vt 0.827191 -0.127767 0.000000
vt 0.362332 -0.084257 0.000000
vt 0.814983 -0.190713 0.000000
vt 0.797993 -0.252540 0.000000
vt 0.350366 -0.125010 0.000000
vt 0.776320 -0.312885 0.000000
vt 0.333832 -0.164134 0.000000
vt 0.750091 -0.371394 0.000000
vt 0.719460 -0.427723 0.000000
vt 0.312946 -0.201118 0.000000
vt 0.684607 -0.481542 0.000000
vt 0.287981 -0.235481 0.000000
vt 0.645736 -0.532535 0.000000
vt 0.603077 -0.580403 0.000000
vt 0.259261 -0.266773 0.000000
vt 0.556878 -0.624865 0.000000
vt 0.227161 -0.294588 0.000000
vt 0.507411 -0.665660 0.000000
vt 0.454966 -0.702549 0.000000
vt 0.192100 -0.318562 0.000000
vt 0.399851 -0.735315 0.000000
vt 0.154534 -0.338383 0.000000
vt 0.342390 -0.763766 0.000000
vt 0.282920 -0.787734 0.000000
vt 0.114954 -0.353793 0.000000
vt 0.221790 -0.807080 0.000000
vt 0.073876 -0.364591 0.000000
vt 0.159357 -0.821690 0.000000
vt 0.095990 -0.831478 0.000000
vt 0.031834 -0.370635 0.000000
vt 0.032059 -0.836386 0.000000
vt -0.010623 -0.371848 0.000000
vt -0.032059 -0.836386 0.000000
vt -0.095990 -0.831478 0.000000
vt -0.052941 -0.368214 0.000000
vt -0.159357 -0.821690 0.000000
vt -0.094569 -0.359779 0.000000
vt -0.221790 -0.807080 0.000000
vt -0.282920 -0.787734 0.000000
vt -0.134964 -0.346653 0.000000
vt -0.342390 -0.763766 0.000000
vt -0.173600 -0.329009 0.000000
vt -0.399851 -0.735315 0.000000
vt -0.454966 -0.702549 0.000000
vt -0.209973 -0.307076 0.000000
vt -0.507411 -0.665660 0.000000
vt -0.243608 -0.281139 0.000000
vt -0.556878 -0.624865 0.000000
vt -0.603077 -0.580403 0.000000
vt -0.274068 -0.251537 0.000000
vt -0.645736 -0.532535 0.000000
vt -0.300954 -0.218656 0.000000
vt -0.684607 -0.481542 0.000000
vt -0.719460 -0.427723 0.000000
vt -0.323918 -0.182925 0.000000
vt -0.750091 -0.371394 0.000000
vt -0.342658 -0.144808 0.000000
vt -0.776320 -0.312885 0.000000
vt -0.797993 -0.252540 0.000000
vt -0.356931 -0.104805 0.000000
vt -0.814983 -0.190713 0.000000
vt -0.366552 -0.063434 0.000000
vt -0.827191 -0.127767 0.000000
vt -0.232500 -0.064134 0.000000
vt 0.232500 -0.064134 0.000000
vt -0.232500 0.000000 0.000000
vt 0.232500 0.000000 0.000000
vt -0.232500 0.064134 0.000000
vt 0.232500 0.064134 0.000000
vt -0.232500 0.128269 0.000000
vt 0.232500 0.128269 0.000000
vt -0.232500 0.192403 0.000000
vt 0.232500 0.192403 0.000000
vt -0.232500 0.256538 0.000000
vt 0.232500 0.256538 0.000000
vt -0.232500 0.320672 0.000000
vt 0.232500 0.320672 0.000000
vt -0.232500 0.384807 0.000000
vt 0.232500 0.384807 0.000000
vt -0.232500 0.448941 0.000000
vt 0.232500 0.448941 0.000000
vt -0.232500 0.513076 0.000000
vt 0.232500 0.513076 0.000000
vt -0.232500 0.577210 0.000000
vt 0.232500 0.577210 0.000000
vt -0.232500 0.641345 0.000000
vt 0.232500 0.641345 0.000000
vt -0.232500 0.705479 0.000000
vt 0.232500 0.705479 0.000000
vt -0.232500 0.769614 0.000000
vt 0.232500 0.769614 0.000000
vt -0.232500 0.833748 0.000000
vt 0.232500 0.833748 0.000000
vt -0.232500 0.897883 0.000000
vt 0.232500 0.897883 0.000000
vt -0.232500 0.962017 0.000000
vt 0.232500 0.962017 0.000000
vt -0.232500 1.026151 0.000000
vt 0.232500 1.026151 0.000000
vt -0.232500 1.090286 0.000000
vt 0.232500 1.090286 0.000000
vt -0.232500 1.154420 0.000000
vt 0.232500 1.154420 0.000000
vt -0.232500 1.218555 0.000000
vt 0.232500 1.218555 0.000000
vt -0.232500 1.282689 0.000000
vt 0.232500 1.282689 0.000000
vt -0.232500 1.346824 0.000000
vt 0.232500 1.346824 0.000000
vt -0.232500 1.410958 0.000000
vt 0.232500 1.410958 0.000000
vt -0.232500 1.475093 0.000000
vt 0.232500 1.475093 0.000000
vt -0.232500 1.539227 0.000000
vt 0.232500 1.539227 0.000000
vt -0.232500 1.603362 0.000000
vt 0.232500 1.603362 0.000000
vt -0.232500 1.667496 0.000000
vt 0.232500 1.667496 0.000000
vt -0.232500 1.731631 0.000000
vt 0.232500 1.731631 0.000000
vt -0.232500 1.795765 0.000000
vt 0.232500 1.795765 0.000000
vt -0.232500 1.859899 0.000000
vt 0.232500 1.859899 0.000000
vt -0.232500 1.924034 0.000000
vt 0.232500 1.924034 0.000000
vt -0.232500 1.988168 0.000000
vt 0.232500 1.988168 0.000000
vt -0.232500 2.052303 0.000000
vt 0.232500 2.052303 0.000000
vt -0.232500 2.116437 0.000000
vt 0.232500 2.116437 0.000000
vt -0.232500 2.180572 0.000000
vt 0.232500 2.180572 0.000000
vt -0.232500 2.244706 0.000000
vt 0.232500 2.244706 0.000000
vt -0.232500 2.308841 0.000000
vt 0.232500 2.308841 0.000000
vt -0.232500 2.372975 0.000000
vt 0.232500 2.372975 0.000000
vt -0.232500 2.437110 0.000000
vt 0.232500 2.437110 0.000000
vt -0.232500 2.501244 0.000000
vt 0.232500 2.501244 0.000000
vt -0.232500 2.565379 0.000000
vt 0.232500 2.565379 0.000000
vt -0.232500 2.629513 0.000000
vt 0.232500 2.629513 0.000000
vt -0.232500 -2.629513 0.000000
vt 0.232500 -2.629513 0.000000
vt -0.232500 -2.565379 0.000000
vt 0.232500 -2.565379 0.000000
vt -0.232500 -2.501244 0.000000
vt 0.232500 -2.501244 0.000000
vt -0.232500 -2.437110 0.000000
vt 0.232500 -2.437110 0.000000
vt -0.232500 -2.372975 0.000000
vt 0.232500 -2.372975 0.000000
vt -0.232500 -2.308841 0.000000
vt 0.232500 -2.308841 0.000000
vt -0.232500 -2.244706 0.000000
vt 0.232500 -2.244706 0.000000
vt -0.232500 -2.180572 0.000000
vt 0.232500 -2.180572 0.000000
vt -0.232500 -2.116437 0.000000
vt 0.232500 -2.116437 0.000000
vt -0.232500 -2.052303 0.000000
vt 0.232500 -2.052303 0.000000
vt -0.232500 -1.988168 0.000000
vt 0.232500 -1.988168 0.000000
vt -0.232500 -1.924034 0.000000
vt 0.232500 -1.924034 0.000000
vt -0.232500 -1.859899 0.000000
vt 0.232500 -1.859899 0.000000
vt -0.232500 -1.795765 0.000000
vt 0.232500 -1.795765 0.000000
vt -0.232500 -1.731631 0.000000
vt 0.232500 -1.731631 0.000000
vt -0.232500 -1.667496 0.000000
vt 0.232500 -1.667496 0.000000
vt -0.232500 -1.603362 0.000000
vt 0.232500 -1.603362 0.000000
vt -0.232500 -1.539227 0.000000
vt 0.232500 -1.539227 0.000000
vt -0.232500 -1.475093 0.000000
vt 0.232500 -1.475093 0.000000
vt -0.232500 -1.410958 0.000000
vt 0.232500 -1.410958 0.000000
vt -0.232500 -1.346824 0.000000
vt 0.232500 -1.346824 0.000000
vt -0.232500 -1.282689 0.000000
vt 0.232500 -1.282689 0.000000
vt -0.232500 -1.218555 0.000000
vt 0.232500 -1.218555 0.000000
vt -0.232500 -1.154420 0.000000
vt 0.232500 -1.154420 0.000000
vt -0.232500 -1.090286 0.000000
vt 0.232500 -1.090286 0.000000
vt -0.232500 -1.026151 0.000000
vt 0.232500 -1.026151 0.000000
vt -0.232500 -0.962017 0.000000
vt 0.232500 -0.962017 0.000000
vt -0.232500 -0.897883 0.000000
vt 0.232500 -0.897883 0.000000
vt -0.232500 -0.833748 0.000000
vt 0.232500 -0.833748 0.000000
vt -0.232500 -0.769614 0.000000
vt 0.232500 -0.769614 0.000000
vt -0.232500 -0.705479 0.000000
vt 0.232500 -0.705479 0.000000
vt -0.232500 -0.641345 0.000000
vt 0.232500 -0.641345 0.000000
vt -0.232500 -0.577210 0.000000
vt 0.232500 -0.577210 0.000000
vt -0.232500 -0.513076 0.000000
vt 0.232500 -0.513076 0.000000
vt -0.232500 -0.448941 0.000000
vt 0.232500 -0.448941 0.000000
vt -0.232500 -0.384807 0.000000
vt 0.232500 -0.384807 0.000000
vt -0.232500 -0.320672 0.000000
vt 0.232500 -0.320672 0.000000
vt -0.232500 -0.256538 0.000000
vt 0.232500 -0.256538 0.000000
vt -0.232500 -0.192403 0.000000
vt 0.232500 -0.192403 0.000000
vt -0.232500 -0.128269 0.000000
vt 0.232500 -0.128269 0.000000
vt -0.027454 0.594138 0.000000
vt -0.339038 0.573712 0.000000
vt -0.052062 0.555836 0.000000
vt -0.339038 0.531215 0.000000
vt -0.028597 0.521096 0.000000
vt -0.339038 0.488718 0.000000
vt -0.005506 0.486356 0.000000
vt -0.339038 0.446220 0.000000
vt 0.017010 0.451616 0.000000
vt 0.038755 0.416877 0.000000
vt -0.339038 0.403723 0.000000
vt 0.059540 0.382137 0.000000
vt -0.339038 0.361226 0.000000
vt 0.079184 0.347397 0.000000
vt -0.339038 0.318729 0.000000
vt 0.097515 0.312657 0.000000
vt -0.339038 0.276232 0.000000
vt 0.114373 0.277918 0.000000
vt 0.129612 0.243178 0.000000
vt -0.339038 0.233734 0.000000
vt 0.143099 0.208438 0.000000
vt -0.339038 0.191237 0.000000
vt 0.154716 0.173699 0.000000
vt -0.339038 0.148740 0.000000
vt 0.164362 0.138959 0.000000
vt -0.339038 0.106243 0.000000
vt 0.171953 0.104219 0.000000
vt 0.177424 0.069479 0.000000
vt -0.339038 0.063746 0.000000
vt 0.180725 0.034740 0.000000
vt -0.339038 0.021249 0.000000
vt 0.181828 0.000000 0.000000
vt -0.339038 -0.021249 0.000000
vt 0.180725 -0.034740 0.000000
vt -0.339038 -0.063746 0.000000
vt 0.177424 -0.069479 0.000000
vt -0.339038 -0.106243 0.000000
vt 0.171953 -0.104219 0.000000
vt 0.164362 -0.138959 0.000000
vt -0.339038 -0.148740 0.000000
vt 0.154716 -0.173699 0.000000
vt -0.339038 -0.191237 0.000000
vt 0.143099 -0.208438 0.000000
vt -0.339038 -0.233734 0.000000
vt 0.129612 -0.243178 0.000000
vt -0.339038 -0.276232 0.000000
vt 0.114373 -0.277918 0.000000
vt 0.097515 -0.312657 0.000000
vt -0.339038 -0.318729 0.000000
vt 0.079184 -0.347397 0.000000
vt -0.339038 -0.361226 0.000000
vt 0.059540 -0.382137 0.000000
vt -0.339038 -0.403723 0.000000
vt 0.038755 -0.416877 0.000000
vt -0.339038 -0.446220 0.000000
vt 0.017010 -0.451616 0.000000
vt -0.339038 -0.488718 0.000000
vt -0.005506 -0.486356 0.000000
vt -0.028597 -0.521096 0.000000
vt -0.339038 -0.531215 0.000000
vt -0.052062 -0.555836 0.000000
vt -0.339038 -0.573712 0.000000
vt -0.027454 -0.594138 0.000000
vt -0.339038 -0.616209 0.000000
vt -0.002912 -0.632440 0.000000
vt -0.339038 -0.658706 0.000000
vt 0.021302 -0.670742 0.000000
vt -0.339038 -0.701203 0.000000
vt 0.044934 -0.709045 0.000000
vt -0.339038 -0.743701 0.000000
vt 0.067732 -0.747347 0.000000
vt -0.339038 -0.786198 0.000000
vt 0.089455 -0.785649 0.000000
vt 0.109873 -0.823952 0.000000
vt -0.339038 -0.828695 0.000000
vt 0.128769 -0.862254 0.000000
vt -0.339038 -0.871192 0.000000
vt 0.145945 -0.900556 0.000000
vt -0.339038 -0.913689 0.000000
vt 0.161216 -0.938859 0.000000
vt -0.339038 -0.956187 0.000000
vt 0.174423 -0.977161 0.000000
vt -0.339038 -0.998684 0.000000
vt 0.185425 -1.015463 0.000000
vt -0.339038 -1.041181 0.000000
vt 0.194105 -1.053766 0.000000
vt -0.339038 -1.083678 0.000000
vt 0.200371 -1.092068 0.000000
vt -0.339038 -1.126175 0.000000
vt 0.204158 -1.130370 0.000000
vt -0.339038 -1.168672 0.000000
vt 0.205425 -1.168672 0.000000
vt 0.205425 1.168672 0.000000
vt -0.339038 1.168672 0.000000
vt 0.204158 1.130370 0.000000
vt -0.339038 1.126175 0.000000
vt 0.200371 1.092068 0.000000
vt -0.339038 1.083678 0.000000
vt 0.194105 1.053766 0.000000
vt -0.339038 1.041181 0.000000
vt 0.185425 1.015463 0.000000
vt -0.339038 0.998684 0.000000
vt 0.174423 0.977161 0.000000
vt -0.339038 0.956187 0.000000
vt 0.161216 0.938859 0.000000
vt -0.339038 0.913689 0.000000
vt 0.145945 0.900556 0.000000
vt -0.339038 0.871192 0.000000
vt 0.128769 0.862254 0.000000
vt -0.339038 0.828695 0.000000
vt 0.109873 0.823952 0.000000
vt -0.339038 0.786198 0.000000
vt 0.089455 0.785649 0.000000
vt 0.067732 0.747347 0.000000
vt -0.339038 0.743701 0.000000
vt 0.044934 0.709045 0.000000
vt -0.339038 0.701203 0.000000
vt 0.021302 0.670742 0.000000
vt -0.339038 0.658706 0.000000
vt -0.002912 0.632440 0.000000
vt -0.339038 0.616209 0.000000
vt -0.883500 1.126175 0.000000
vt -0.883500 1.168672 0.000000
vt -0.883500 -1.168672 0.000000
vt -0.883500 -1.126175 0.000000
vt -0.883500 -1.083678 0.000000
vt -0.883500 -1.041181 0.000000
vt -0.883500 -0.998684 0.000000
vt -0.883500 -0.956187 0.000000
vt -0.883500 -0.913689 0.000000
vt -0.883500 -0.871192 0.000000
vt -0.883500 -0.828695 0.000000
vt -0.883500 -0.786198 0.000000
vt -0.883500 -0.743701 0.000000
vt -0.883500 -0.701203 0.000000
vt -0.883500 -0.658706 0.000000
vt -0.883500 -0.616209 0.000000
vt -0.883500 -0.573712 0.000000
vt -0.883500 -0.531215 0.000000
vt -0.883500 -0.488718 0.000000
vt -0.883500 -0.446220 0.000000
vt -0.883500 -0.403723 0.000000
vt -0.883500 -0.361226 0.000000
vt -0.883500 -0.318729 0.000000
vt -0.883500 -0.276232 0.000000
vt -0.883500 -0.233734 0.000000
vt -0.883500 -0.191237 0.000000
vt -0.883500 -0.148740 0.000000
vt -0.883500 -0.106243 0.000000
vt -0.883500 -0.063746 0.000000
vt -0.883500 -0.021249 0.000000
vt -0.883500 0.021249 0.000000
vt -0.883500 0.063746 0.000000
vt -0.883500 0.106243 0.000000
vt -0.883500 0.148740 0.000000
vt -0.883500 0.191237 0.000000
vt -0.883500 0.233734 0.000000
vt -0.883500 0.276232 0.000000
vt -0.883500 0.318729 0.000000
vt -0.883500 0.361226 0.000000
vt -0.883500 0.403723 0.000000
vt -0.883500 0.446220 0.000000
vt -0.883500 0.488718 0.000000
vt -0.883500 0.531215 0.000000
vt -0.883500 0.573712 0.000000
vt -0.883500 0.616209 0.000000
vt -0.883500 0.658706 0.000000
vt -0.883500 0.701203 0.000000
vt -0.883500 0.743701 0.000000
vt -0.883500 0.786198 0.000000
vt -0.883500 0.828695 0.000000
vt -0.883500 0.871192 0.000000
vt -0.883500 0.913689 0.000000
vt -0.883500 0.956187 0.000000
vt -0.883500 0.998684 0.000000
vt -0.883500 1.041181 0.000000
vt -0.883500 1.083678 0.000000
vt 0.920846 0.338732 0.000000
vt 0.879153 0.343003 0.000000
vt 0.920846 0.000000 0.000000
vt 0.838124 0.350470 0.000000
vt 0.798115 0.361066 0.000000
vt 0.759477 0.374700 0.000000
vt 0.722544 0.391253 0.000000
vt 0.687641 0.410581 0.000000
vt 0.655069 0.432515 0.000000
vt 0.000000 0.000000 0.000000
vt 0.625114 0.456864 0.000000
vt 0.598036 0.483416 0.000000
vt 0.574072 0.511939 0.000000
vt 0.553430 0.542185 0.000000
vt 0.536290 0.573891 0.000000
vt 0.522802 0.606780 0.000000
vt 0.513082 0.640564 0.000000
vt 0.507216 0.674951 0.000000
vt 0.505255 0.709641 0.000000
vt 0.000000 1.395000 0.000000
vt 0.507216 0.744330 0.000000
vt 0.513082 0.778717 0.000000
vt 0.522802 0.812502 0.000000
vt 0.536290 0.845390 0.000000
vt 0.553430 0.877096 0.000000
vt 0.574072 0.907342 0.000000
vt 0.598036 0.935866 0.000000
vt 0.625114 0.962417 0.000000
vt 0.655069 0.986766 0.000000
vt 0.920846 1.395000 0.000000
vt 0.687641 1.008700 0.000000
vt 0.722544 1.028028 0.000000
vt 0.759477 1.044581 0.000000
vt 0.798115 1.058215 0.000000
vt 0.838124 1.068812 0.000000
vt 0.879153 1.076278 0.000000
vt 0.920846 1.080549 0.000000
vt -1.567579 0.130220 0.000000
vt -1.567579 0.000000 0.000000
vt -1.526957 0.065110 0.000000
vt -1.504865 0.000000 0.000000
vt -1.486335 0.065110 0.000000
vt -1.442149 0.000000 0.000000
vt -1.445713 0.065110 0.000000
vt -1.379446 0.000000 0.000000
vt -1.405092 0.065110 0.000000
vt -1.364470 0.065110 0.000000
vt -1.405092 0.130220 0.000000
vt -1.364470 0.130220 0.000000
vt -1.405092 0.195330 0.000000
vt -1.364470 0.195330 0.000000
vt -1.405092 0.260441 0.000000
vt -1.364470 0.260441 0.000000
vt -1.405092 0.325551 0.000000
vt -1.364470 0.325551 0.000000
vt -1.405092 0.390661 0.000000
vt -1.364470 0.390661 0.000000
vt -1.405092 0.455771 0.000000
vt -1.364470 0.455771 0.000000
vt -1.405092 0.520881 0.000000
vt -1.364470 0.520881 0.000000
vt -1.405092 0.585991 0.000000
vt -1.364470 0.585991 0.000000
vt -1.405092 0.651102 0.000000
vt -1.364470 0.651102 0.000000
vt -1.405092 0.716212 0.000000
vt -1.364470 0.716212 0.000000
vt -1.405092 0.781322 0.000000
vt -1.364470 0.781322 0.000000
vt -1.405092 0.846432 0.000000
vt -1.364470 0.846432 0.000000
vt -1.405092 0.911542 0.000000
vt -1.364470 0.911542 0.000000
vt -1.405092 0.976652 0.000000
vt -1.364470 0.976652 0.000000
vt -1.371631 1.041762 0.000000
vt -1.323848 0.976652 0.000000
vt -1.283227 0.976652 0.000000
vt -1.283227 0.911542 0.000000
vt -1.242605 0.911542 0.000000
vt -1.242605 0.846432 0.000000
vt -1.201983 0.846432 0.000000
vt -1.201983 0.781322 0.000000
vt -1.161362 0.781322 0.000000
vt -1.161362 0.716212 0.000000
vt -1.120740 0.716212 0.000000
vt -1.120740 0.651102 0.000000
vt -1.080118 0.651102 0.000000
vt -1.080118 0.585991 0.000000
vt -1.039497 0.585991 0.000000
vt -1.039497 0.520881 0.000000
vt -0.998875 0.520881 0.000000
vt -0.998875 0.455771 0.000000
vt -0.958253 0.455771 0.000000
vt -0.958253 0.390661 0.000000
vt -0.917631 0.390661 0.000000
vt -0.917631 0.325551 0.000000
vt -0.877010 0.325551 0.000000
vt -0.877010 0.260441 0.000000
vt -0.836388 0.260441 0.000000
vt -0.836388 0.195330 0.000000
vt -0.795766 0.195330 0.000000
vt -0.795766 0.130220 0.000000
vt -0.755145 0.130220 0.000000
vt -0.755145 0.065110 0.000000
vt -0.714523 0.065110 0.000000
vt -0.752420 0.000000 0.000000
vt -0.689737 0.000000 0.000000
vt -1.316755 0.000000 0.000000
vt -1.323848 0.065110 0.000000
vt -1.323848 0.130220 0.000000
vt -1.323848 0.195330 0.000000
vt -1.323848 0.260441 0.000000
vt -1.323848 0.325551 0.000000
vt -1.323848 0.390661 0.000000
vt -1.323848 0.455771 0.000000
vt -1.323848 0.520881 0.000000
vt -1.323848 0.585991 0.000000
vt -1.323848 0.651102 0.000000
vt -1.323848 0.716212 0.000000
vt -1.323848 0.781322 0.000000
vt -1.323848 0.846432 0.000000
vt -1.323848 0.911542 0.000000
vt -1.254070 0.000000 0.000000
vt -1.283227 0.065110 0.000000
vt -1.283227 0.130220 0.000000
vt -1.283227 0.195330 0.000000
vt -1.283227 0.260441 0.000000
vt -1.283227 0.325551 0.000000
vt -1.283227 0.390661 0.000000
vt -1.283227 0.455771 0.000000
vt -1.283227 0.520881 0.000000
vt -1.283227 0.585991 0.000000
vt -1.283227 0.651102 0.000000
vt -1.283227 0.716212 0.000000
vt -1.283227 0.781322 0.000000
vt -1.283227 0.846432 0.000000
vt -1.242605 0.065110 0.000000
vt -1.191382 0.000000 0.000000
vt -1.201983 0.065110 0.000000
vt -1.161362 0.065110 0.000000
vt -1.201983 0.130220 0.000000
vt -1.161362 0.130220 0.000000
vt -1.201983 0.195330 0.000000
vt -1.161362 0.195330 0.000000
vt -1.201983 0.260441 0.000000
vt -1.161362 0.260441 0.000000
vt -1.201983 0.325551 0.000000
vt -1.161362 0.325551 0.000000
vt -1.201983 0.390661 0.000000
vt -1.161362 0.390661 0.000000
vt -1.201983 0.455771 0.000000
vt -1.161362 0.455771 0.000000
vt -1.201983 0.520881 0.000000
vt -1.161362 0.520881 0.000000
vt -1.201983 0.585991 0.000000
vt -1.161362 0.585991 0.000000
vt -1.201983 0.651102 0.000000
vt -1.161362 0.651102 0.000000
vt -1.201983 0.716212 0.000000
vt -1.128681 0.000000 0.000000
vt -1.120740 0.065110 0.000000
vt -1.120740 0.130220 0.000000
vt -1.120740 0.195330 0.000000
vt -1.120740 0.260441 0.000000
vt -1.120740 0.325551 0.000000
vt -1.120740 0.390661 0.000000
vt -1.120740 0.455771 0.000000
vt -1.120740 0.520881 0.000000
vt -1.120740 0.585991 0.000000
vt -1.065967 0.000000 0.000000
vt -1.080118 0.065110 0.000000
vt -1.080118 0.130220 0.000000
vt -1.080118 0.195330 0.000000
vt -1.080118 0.260441 0.000000
vt -1.080118 0.325551 0.000000
vt -1.080118 0.390661 0.000000
vt -1.080118 0.455771 0.000000
vt -1.080118 0.520881 0.000000
vt -1.039497 0.065110 0.000000
vt -1.003251 0.000000 0.000000
vt -0.998875 0.065110 0.000000
vt -0.940539 0.000000 0.000000
vt -0.958253 0.065110 0.000000
vt -0.917631 0.065110 0.000000
vt -0.958253 0.130220 0.000000
vt -0.917631 0.130220 0.000000
vt -0.958253 0.195330 0.000000
vt -0.917631 0.195330 0.000000
vt -0.958253 0.260441 0.000000
vt -0.917631 0.260441 0.000000
vt -0.958253 0.325551 0.000000
vt -0.877820 0.000000 0.000000
vt -0.877010 0.065110 0.000000
vt -0.877010 0.130220 0.000000
vt -0.877010 0.195330 0.000000
vt -0.836388 0.065110 0.000000
vt -0.815113 0.000000 0.000000
vt -0.795766 0.065110 0.000000
vt -0.673901 0.065110 0.000000
vt -0.627052 0.000000 0.000000
vt -0.633280 0.065110 0.000000
vt -0.592658 0.065110 0.000000
vt -0.633280 0.130220 0.000000
vt -0.592658 0.130220 0.000000
vt -0.633280 0.195330 0.000000
vt -0.592658 0.195330 0.000000
vt -0.633280 0.260441 0.000000
vt -0.592658 0.260441 0.000000
vt -0.633280 0.325551 0.000000
vt -0.592658 0.325551 0.000000
vt -0.633280 0.390661 0.000000
vt -0.592658 0.390661 0.000000
vt -0.633280 0.455771 0.000000
vt -0.592658 0.455771 0.000000
vt -0.633280 0.520881 0.000000
vt -0.592658 0.520881 0.000000
vt -0.633280 0.585991 0.000000
vt -0.592658 0.585991 0.000000
vt -0.633280 0.651102 0.000000
vt -0.592658 0.651102 0.000000
vt -0.633280 0.716212 0.000000
vt -0.592658 0.716212 0.000000
vt -0.633280 0.781322 0.000000
vt -0.592658 0.781322 0.000000
vt -0.633280 0.846432 0.000000
vt -0.592658 0.846432 0.000000
vt -0.633280 0.911542 0.000000
vt -0.592658 0.911542 0.000000
vt -0.633280 0.976652 0.000000
vt -0.592658 0.976652 0.000000
vt -0.587842 1.041762 0.000000
vt -0.552036 0.976652 0.000000
vt -0.511415 0.976652 0.000000
vt -0.511415 0.911542 0.000000
vt -0.470793 0.911542 0.000000
vt -0.470793 0.846432 0.000000
vt -0.430171 0.846432 0.000000
vt -0.430171 0.781322 0.000000
vt -0.389549 0.781322 0.000000
vt -0.389549 0.716212 0.000000
vt -0.348928 0.716212 0.000000
vt -0.348928 0.651102 0.000000
vt -0.308306 0.651102 0.000000
vt -0.308306 0.585991 0.000000
vt -0.267684 0.585991 0.000000
vt -0.267684 0.520881 0.000000
vt -0.234224 0.520881 0.000000
vt -0.234224 0.455771 0.000000
vt -0.200763 0.455771 0.000000
vt -0.200763 0.390661 0.000000
vt -0.167303 0.390661 0.000000
vt -0.167303 0.325551 0.000000
vt -0.133842 0.325551 0.000000
vt -0.133842 0.260441 0.000000
vt -0.100382 0.260441 0.000000
vt -0.100382 0.195330 0.000000
vt -0.066921 0.195330 0.000000
vt -0.066921 0.130220 0.000000
vt -0.033461 0.130220 0.000000
vt -0.033461 0.065110 0.000000
vt -0.000000 0.130220 0.000000
vt -0.000000 0.000000 0.000000
vt -0.062706 0.000000 0.000000
vt -0.066921 0.065110 0.000000
vt -0.100382 0.065110 0.000000
vt -0.100382 0.130220 0.000000
vt -0.133842 0.130220 0.000000
vt -0.133842 0.195330 0.000000
vt -0.167303 0.195330 0.000000
vt -0.167303 0.260441 0.000000
vt -0.200763 0.260441 0.000000
vt -0.200763 0.325551 0.000000
vt -0.234224 0.325551 0.000000
vt -0.234224 0.390661 0.000000
vt -0.267684 0.390661 0.000000
vt -0.267684 0.455771 0.000000
vt -0.308306 0.455771 0.000000
vt -0.308306 0.520881 0.000000
vt -0.348928 0.520881 0.000000
vt -0.348928 0.585991 0.000000
vt -0.389549 0.585991 0.000000
vt -0.389549 0.651102 0.000000
vt -0.430171 0.651102 0.000000
vt -0.430171 0.716212 0.000000
vt -0.470793 0.716212 0.000000
vt -0.470793 0.781322 0.000000
vt -0.511415 0.781322 0.000000
vt -0.511415 0.846432 0.000000
vt -0.552036 0.846432 0.000000
vt -0.552036 0.911542 0.000000
vt -0.564357 0.000000 0.000000
vt -0.552036 0.065110 0.000000
vt -0.552036 0.130220 0.000000
vt -0.552036 0.195330 0.000000
vt -0.552036 0.260441 0.000000
vt -0.552036 0.325551 0.000000
vt -0.552036 0.390661 0.000000
vt -0.552036 0.455771 0.000000
vt -0.552036 0.520881 0.000000
vt -0.552036 0.585991 0.000000
vt -0.552036 0.651102 0.000000
vt -0.552036 0.716212 0.000000
vt -0.552036 0.781322 0.000000
vt -0.501646 0.000000 0.000000
vt -0.511415 0.065110 0.000000
vt -0.511415 0.130220 0.000000
vt -0.511415 0.195330 0.000000
vt -0.511415 0.260441 0.000000
vt -0.511415 0.325551 0.000000
vt -0.511415 0.390661 0.000000
vt -0.511415 0.455771 0.000000
vt -0.511415 0.520881 0.000000
vt -0.511415 0.585991 0.000000
vt -0.511415 0.651102 0.000000
vt -0.511415 0.716212 0.000000
vt -0.470793 0.065110 0.000000
vt -0.438927 0.000000 0.000000
vt -0.430171 0.065110 0.000000
vt -0.389549 0.065110 0.000000
vt -0.430171 0.130220 0.000000
vt -0.389549 0.130220 0.000000
vt -0.430171 0.195330 0.000000
vt -0.389549 0.195330 0.000000
vt -0.430171 0.260441 0.000000
vt -0.389549 0.260441 0.000000
vt -0.430171 0.325551 0.000000
vt -0.389549 0.325551 0.000000
vt -0.430171 0.390661 0.000000
vt -0.389549 0.390661 0.000000
vt -0.430171 0.455771 0.000000
vt -0.389549 0.455771 0.000000
vt -0.430171 0.520881 0.000000
vt -0.389549 0.520881 0.000000
vt -0.430171 0.585991 0.000000
vt -0.376218 0.000000 0.000000
vt -0.348928 0.065110 0.000000
vt -0.348928 0.130220 0.000000
vt -0.348928 0.195330 0.000000
vt -0.348928 0.260441 0.000000
vt -0.348928 0.325551 0.000000
vt -0.348928 0.390661 0.000000
vt -0.348928 0.455771 0.000000
vt -0.313512 0.000000 0.000000
vt -0.308306 0.065110 0.000000
vt -0.308306 0.130220 0.000000
vt -0.308306 0.195330 0.000000
vt -0.308306 0.260441 0.000000
vt -0.308306 0.325551 0.000000
vt -0.308306 0.390661 0.000000
vt -0.267684 0.065110 0.000000
vt -0.250809 0.000000 0.000000
vt -0.234224 0.065110 0.000000
vt -0.188110 0.000000 0.000000
vt -0.200763 0.065110 0.000000
vt -0.167303 0.065110 0.000000
vt -0.200763 0.130220 0.000000
vt -0.167303 0.130220 0.000000
vt -0.200763 0.195330 0.000000
vt -0.125410 0.000000 0.000000
vt -0.133842 0.065110 0.000000
vt -0.033461 0.195330 0.000000
vt -0.000000 0.260441 0.000000
vt -0.033461 0.260441 0.000000
vt -0.033461 0.325551 0.000000
vt -0.066921 0.325551 0.000000
vt -0.066921 0.390661 0.000000
vt -0.100382 0.390661 0.000000
vt -0.100382 0.455771 0.000000
vt -0.133842 0.455771 0.000000
vt -0.133842 0.520881 0.000000
vt -0.167303 0.520881 0.000000
vt -0.167303 0.585991 0.000000
vt -0.200763 0.585991 0.000000
vt -0.200763 0.651102 0.000000
vt -0.234224 0.651102 0.000000
vt -0.234224 0.716212 0.000000
vt -0.267684 0.716212 0.000000
vt -0.267684 0.781322 0.000000
vt -0.308306 0.781322 0.000000
vt -0.308306 0.846432 0.000000
vt -0.348928 0.846432 0.000000
vt -0.348928 0.911542 0.000000
vt -0.389549 0.911542 0.000000
vt -0.389549 0.976652 0.000000
vt -0.430171 0.976652 0.000000
vt -0.391895 1.041762 0.000000
vt -0.470793 0.976652 0.000000
vt -0.000000 0.390661 0.000000
vt -0.033461 0.390661 0.000000
vt -0.066921 0.455771 0.000000
vt -0.100382 0.520881 0.000000
vt -0.133842 0.585991 0.000000
vt -0.167303 0.651102 0.000000
vt -0.200763 0.716212 0.000000
vt -0.234224 0.781322 0.000000
vt -0.267684 0.846432 0.000000
vt -0.308306 0.911542 0.000000
vt -0.348928 0.976652 0.000000
vt -0.033461 0.455771 0.000000
vt -0.000000 0.520881 0.000000
vt -0.033461 0.520881 0.000000
vt -0.033461 0.585991 0.000000
vt -0.066921 0.585991 0.000000
vt -0.066921 0.651102 0.000000
vt -0.100382 0.651102 0.000000
vt -0.100382 0.716212 0.000000
vt -0.133842 0.716212 0.000000
vt -0.133842 0.781322 0.000000
vt -0.167303 0.781322 0.000000
vt -0.167303 0.846432 0.000000
vt -0.200763 0.846432 0.000000
vt -0.200763 0.911542 0.000000
vt -0.234224 0.911542 0.000000
vt -0.234224 0.976652 0.000000
vt -0.267684 0.976652 0.000000
vt -0.195947 1.041762 0.000000
vt -0.308306 0.976652 0.000000
vt -0.000000 0.651102 0.000000
vt -0.033461 0.651102 0.000000
vt -0.066921 0.716212 0.000000
vt -0.100382 0.781322 0.000000
vt -0.133842 0.846432 0.000000
vt -0.167303 0.911542 0.000000
vt -0.200763 0.976652 0.000000
vt -0.033461 0.716212 0.000000
vt -0.000000 0.781322 0.000000
vt -0.033461 0.781322 0.000000
vt -0.033461 0.846432 0.000000
vt -0.066921 0.846432 0.000000
vt -0.066921 0.911542 0.000000
vt -0.100382 0.911542 0.000000
vt -0.100382 0.976652 0.000000
vt -0.133842 0.976652 0.000000
vt -0.167303 0.976652 0.000000
vt -0.000000 0.911542 0.000000
vt -0.033461 0.911542 0.000000
vt -0.066921 0.976652 0.000000
vt -0.000000 1.041762 0.000000
vt -0.033461 0.976652 0.000000
vt -0.673901 0.976652 0.000000
vt -0.783789 1.041762 0.000000
vt -0.714523 0.976652 0.000000
vt -0.755145 0.976652 0.000000
vt -0.714523 0.911542 0.000000
vt -0.755145 0.911542 0.000000
vt -0.714523 0.846432 0.000000
vt -0.755145 0.846432 0.000000
vt -0.714523 0.781322 0.000000
vt -0.755145 0.781322 0.000000
vt -0.714523 0.716212 0.000000
vt -0.755145 0.716212 0.000000
vt -0.714523 0.651102 0.000000
vt -0.755145 0.651102 0.000000
vt -0.714523 0.585991 0.000000
vt -0.755145 0.585991 0.000000
vt -0.714523 0.520881 0.000000
vt -0.755145 0.520881 0.000000
vt -0.714523 0.455771 0.000000
vt -0.755145 0.455771 0.000000
vt -0.714523 0.390661 0.000000
vt -0.755145 0.390661 0.000000
vt -0.714523 0.325551 0.000000
vt -0.755145 0.325551 0.000000
vt -0.714523 0.260441 0.000000
vt -0.755145 0.260441 0.000000
vt -0.714523 0.195330 0.000000
vt -0.755145 0.195330 0.000000
vt -0.714523 0.130220 0.000000
vt -1.175684 1.041762 0.000000
vt -0.998875 0.976652 0.000000
vt -0.958253 0.976652 0.000000
vt -0.917631 0.976652 0.000000
vt -0.917631 0.911542 0.000000
vt -0.877010 0.911542 0.000000
vt -0.877010 0.846432 0.000000
vt -0.836388 0.846432 0.000000
vt -0.836388 0.781322 0.000000
vt -0.795766 0.781322 0.000000
vt -0.795766 0.716212 0.000000
vt -1.242605 0.976652 0.000000
vt -1.201983 0.976652 0.000000
vt -1.201983 0.911542 0.000000
vt -1.161362 0.911542 0.000000
vt -1.161362 0.846432 0.000000
vt -1.120740 0.846432 0.000000
vt -1.120740 0.781322 0.000000
vt -1.080118 0.781322 0.000000
vt -1.080118 0.716212 0.000000
vt -1.039497 0.716212 0.000000
vt -1.039497 0.651102 0.000000
vt -0.998875 0.651102 0.000000
vt -0.998875 0.585991 0.000000
vt -0.958253 0.585991 0.000000
vt -0.958253 0.520881 0.000000
vt -0.917631 0.520881 0.000000
vt -0.917631 0.455771 0.000000
vt -0.877010 0.455771 0.000000
vt -0.877010 0.390661 0.000000
vt -0.836388 0.390661 0.000000
vt -0.836388 0.325551 0.000000
vt -0.795766 0.325551 0.000000
vt -0.795766 0.260441 0.000000
vt -1.567579 1.041762 0.000000
vt -1.486335 0.976652 0.000000
vt -1.445713 0.976652 0.000000
vt -1.526957 0.976652 0.000000
vt -1.567579 0.911542 0.000000
vt -1.526957 0.911542 0.000000
vt -1.526957 0.846432 0.000000
vt -1.486335 0.846432 0.000000
vt -1.486335 0.781322 0.000000
vt -1.445713 0.781322 0.000000
vt -1.445713 0.716212 0.000000
vt -1.567579 0.781322 0.000000
vt -1.526957 0.781322 0.000000
vt -1.486335 0.716212 0.000000
vt -1.445713 0.651102 0.000000
vt -1.526957 0.716212 0.000000
vt -1.567579 0.651102 0.000000
vt -1.526957 0.651102 0.000000
vt -1.526957 0.585991 0.000000
vt -1.486335 0.585991 0.000000
vt -1.486335 0.520881 0.000000
vt -1.445713 0.520881 0.000000
vt -1.445713 0.455771 0.000000
vt -1.567579 0.520881 0.000000
vt -1.526957 0.520881 0.000000
vt -1.486335 0.455771 0.000000
vt -1.445713 0.390661 0.000000
vt -1.526957 0.455771 0.000000
vt -1.567579 0.390661 0.000000
vt -1.526957 0.390661 0.000000
vt -1.526957 0.325551 0.000000
vt -1.486335 0.325551 0.000000
vt -1.486335 0.260441 0.000000
vt -1.445713 0.260441 0.000000
vt -1.445713 0.195330 0.000000
vt -1.567579 0.260441 0.000000
vt -1.526957 0.260441 0.000000
vt -1.486335 0.195330 0.000000
vt -1.445713 0.130220 0.000000
vt -1.526957 0.195330 0.000000
vt -1.526957 0.130220 0.000000
vt -0.234224 0.130220 0.000000
vt -0.234224 0.195330 0.000000
vt -0.234224 0.260441 0.000000
vt -0.267684 0.130220 0.000000
vt -0.267684 0.195330 0.000000
vt -0.267684 0.260441 0.000000
vt -0.267684 0.325551 0.000000
vt -0.470793 0.130220 0.000000
vt -0.470793 0.195330 0.000000
vt -0.470793 0.260441 0.000000
vt -0.470793 0.325551 0.000000
vt -0.470793 0.390661 0.000000
vt -0.470793 0.455771 0.000000
vt -0.470793 0.520881 0.000000
vt -0.470793 0.585991 0.000000
vt -0.470793 0.651102 0.000000
vt -0.673901 0.130220 0.000000
vt -0.673901 0.195330 0.000000
vt -0.673901 0.260441 0.000000
vt -0.673901 0.325551 0.000000
vt -0.673901 0.390661 0.000000
vt -0.673901 0.455771 0.000000
vt -0.673901 0.520881 0.000000
vt -0.673901 0.585991 0.000000
vt -0.673901 0.651102 0.000000
vt -0.673901 0.716212 0.000000
vt -0.673901 0.781322 0.000000
vt -0.673901 0.846432 0.000000
vt -0.673901 0.911542 0.000000
vt -0.836388 0.130220 0.000000
vt -0.998875 0.130220 0.000000
vt -0.998875 0.195330 0.000000
vt -0.998875 0.260441 0.000000
vt -0.998875 0.325551 0.000000
vt -0.998875 0.390661 0.000000
vt -1.039497 0.130220 0.000000
vt -1.039497 0.195330 0.000000
vt -1.039497 0.260441 0.000000
vt -1.039497 0.325551 0.000000
vt -1.039497 0.390661 0.000000
vt -1.039497 0.455771 0.000000
vt -1.242605 0.130220 0.000000
vt -1.242605 0.195330 0.000000
vt -1.242605 0.260441 0.000000
vt -1.242605 0.325551 0.000000
vt -1.242605 0.390661 0.000000
vt -1.242605 0.455771 0.000000
vt -1.242605 0.520881 0.000000
vt -1.242605 0.585991 0.000000
vt -1.242605 0.651102 0.000000
vt -1.242605 0.716212 0.000000
vt -1.242605 0.781322 0.000000
vt -1.486335 0.130220 0.000000
vt -0.066921 0.260441 0.000000
vt -0.100382 0.325551 0.000000
vt -0.133842 0.390661 0.000000
vt -0.167303 0.455771 0.000000
vt -0.200763 0.520881 0.000000
vt -0.234224 0.585991 0.000000
vt -0.267684 0.651102 0.000000
vt -0.308306 0.716212 0.000000
vt -0.348928 0.781322 0.000000
vt -0.389549 0.846432 0.000000
vt -0.430171 0.911542 0.000000
vt -0.795766 0.390661 0.000000
vt -0.836388 0.455771 0.000000
vt -0.877010 0.520881 0.000000
vt -0.917631 0.585991 0.000000
vt -0.958253 0.651102 0.000000
vt -0.998875 0.716212 0.000000
vt -1.039497 0.781322 0.000000
vt -1.080118 0.846432 0.000000
vt -1.120740 0.911542 0.000000
vt -1.161362 0.976652 0.000000
vt -1.445713 0.325551 0.000000
vt -1.486335 0.390661 0.000000
vt -0.066921 0.520881 0.000000
vt -0.100382 0.585991 0.000000
vt -0.133842 0.651102 0.000000
vt -0.167303 0.716212 0.000000
vt -0.200763 0.781322 0.000000
vt -0.234224 0.846432 0.000000
vt -0.267684 0.911542 0.000000
vt -0.795766 0.455771 0.000000
vt -0.795766 0.520881 0.000000
vt -0.795766 0.585991 0.000000
vt -0.795766 0.651102 0.000000
vt -0.836388 0.520881 0.000000
vt -0.877010 0.585991 0.000000
vt -0.917631 0.651102 0.000000
vt -0.958253 0.716212 0.000000
vt -0.998875 0.781322 0.000000
vt -1.039497 0.846432 0.000000
vt -1.080118 0.911542 0.000000
vt -1.120740 0.976652 0.000000
vt -0.836388 0.585991 0.000000
vt -0.836388 0.651102 0.000000
vt -0.836388 0.716212 0.000000
vt -0.877010 0.651102 0.000000
vt -0.917631 0.716212 0.000000
vt -0.958253 0.781322 0.000000
vt -0.998875 0.846432 0.000000
vt -1.039497 0.911542 0.000000
vt -1.080118 0.976652 0.000000
vt -1.445713 0.585991 0.000000
vt -1.486335 0.651102 0.000000
vt -0.066921 0.781322 0.000000
vt -0.100382 0.846432 0.000000
vt -0.133842 0.911542 0.000000
vt -0.877010 0.716212 0.000000
vt -0.877010 0.781322 0.000000
vt -0.917631 0.781322 0.000000
vt -0.958253 0.846432 0.000000
vt -0.998875 0.911542 0.000000
vt -1.039497 0.976652 0.000000
vt -0.795766 0.846432 0.000000
vt -0.795766 0.911542 0.000000
vt -0.795766 0.976652 0.000000
vt -0.836388 0.911542 0.000000
vt -0.877010 0.976652 0.000000
vt -0.917631 0.846432 0.000000
vt -0.958253 0.911542 0.000000
vt -1.445713 0.846432 0.000000
vt -1.445713 0.911542 0.000000
vt -1.486335 0.911542 0.000000
vt -0.836388 0.976652 0.000000
vt -1.276638 0.000000 0.000000
vt -1.305740 0.031287 0.000000
vt -1.340477 0.000000 0.000000
vt -1.305740 0.062573 0.000000
vt -1.340477 0.125146 0.000000
vt -1.305740 0.093860 0.000000
vt -1.305740 0.125146 0.000000
vt -1.271003 0.093860 0.000000
vt -1.271003 0.125146 0.000000
vt -1.236267 0.093860 0.000000
vt -1.236267 0.125146 0.000000
vt -1.201530 0.093860 0.000000
vt -1.201530 0.125146 0.000000
vt -1.166793 0.093860 0.000000
vt -1.166793 0.125146 0.000000
vt -1.132057 0.093860 0.000000
vt -1.132057 0.125146 0.000000
vt -1.097320 0.093860 0.000000
vt -1.097320 0.125146 0.000000
vt -1.062584 0.093860 0.000000
vt -1.062584 0.125146 0.000000
vt -1.027847 0.093860 0.000000
vt -1.027847 0.125146 0.000000
vt -0.993110 0.093860 0.000000
vt -0.993110 0.125146 0.000000
vt -0.958374 0.093860 0.000000
vt -0.958374 0.125146 0.000000
vt -0.923637 0.093860 0.000000
vt -0.923637 0.125146 0.000000
vt -0.888900 0.093860 0.000000
vt -0.888900 0.125146 0.000000
vt -0.854164 0.093860 0.000000
vt -0.854164 0.125146 0.000000
vt -0.819427 0.093860 0.000000
vt -0.819427 0.125146 0.000000
vt -0.784690 0.093860 0.000000
vt -0.784690 0.125146 0.000000
vt -0.749954 0.093860 0.000000
vt -0.749954 0.125146 0.000000
vt -0.715217 0.093860 0.000000
vt -0.715217 0.125146 0.000000
vt -0.680480 0.093860 0.000000
vt -0.680480 0.125146 0.000000
vt -0.645744 0.093860 0.000000
vt -0.645744 0.125146 0.000000
vt -0.611007 0.093860 0.000000
vt -0.611007 0.125146 0.000000
vt -0.576270 0.093860 0.000000
vt -0.576270 0.125146 0.000000
vt -0.541534 0.093860 0.000000
vt -0.541534 0.125146 0.000000
vt -0.506797 0.093860 0.000000
vt -0.506797 0.125146 0.000000
vt -0.472060 0.093860 0.000000
vt -0.472060 0.125146 0.000000
vt -0.437324 0.093860 0.000000
vt -0.437324 0.125146 0.000000
vt -0.402587 0.093860 0.000000
vt -0.402587 0.125146 0.000000
vt -0.367850 0.093860 0.000000
vt -0.367850 0.125146 0.000000
vt -0.333114 0.093860 0.000000
vt -0.333114 0.125146 0.000000
vt -0.298377 0.093860 0.000000
vt -0.298377 0.125146 0.000000
vt -0.263640 0.093860 0.000000
vt -0.263640 0.125146 0.000000
vt -0.228904 0.093860 0.000000
vt -0.228904 0.125146 0.000000
vt -0.171678 0.093860 0.000000
vt -0.171678 0.125146 0.000000
vt -0.114452 0.093860 0.000000
vt -0.114452 0.125146 0.000000
vt -0.057226 0.093860 0.000000
vt -0.057226 0.125146 0.000000
vt -0.000000 0.125146 0.000000
vt -0.057226 0.156433 0.000000
vt -0.000000 0.250293 0.000000
vt -0.057226 0.187720 0.000000
vt -0.057226 0.219006 0.000000
vt -0.114452 0.219006 0.000000
vt -0.114452 0.250293 0.000000
vt -0.171678 0.250293 0.000000
vt -0.171678 0.312866 0.000000
vt -0.228904 0.312866 0.000000
vt -0.228904 0.375439 0.000000
vt -0.263640 0.375439 0.000000
vt -0.263640 0.438013 0.000000
vt -0.298377 0.438013 0.000000
vt -0.298377 0.500586 0.000000
vt -0.333114 0.500586 0.000000
vt -0.333114 0.625732 0.000000
vt -0.367850 0.625732 0.000000
vt -0.367850 0.750879 0.000000
vt -0.402587 0.750879 0.000000
vt -0.402587 0.876025 0.000000
vt -0.437324 0.876025 0.000000
vt -0.502679 1.001172 0.000000
vt -0.472060 0.876025 0.000000
vt -0.506797 0.876025 0.000000
vt -0.472060 0.750879 0.000000
vt -0.506797 0.750879 0.000000
vt -0.472060 0.625732 0.000000
vt -0.506797 0.625732 0.000000
vt -0.472060 0.500586 0.000000
vt -0.506797 0.500586 0.000000
vt -0.472060 0.438013 0.000000
vt -0.506797 0.438013 0.000000
vt -0.472060 0.375439 0.000000
vt -0.506797 0.375439 0.000000
vt -0.472060 0.312866 0.000000
vt -0.506797 0.312866 0.000000
vt -0.472060 0.250293 0.000000
vt -0.506797 0.250293 0.000000
vt -0.472060 0.219006 0.000000
vt -0.506797 0.219006 0.000000
vt -0.472060 0.187720 0.000000
vt -0.506797 0.187720 0.000000
vt -0.472060 0.156433 0.000000
vt -0.506797 0.156433 0.000000
vt -1.271003 0.031287 0.000000
vt -1.212801 0.000000 0.000000
vt -1.236267 0.031287 0.000000
vt -1.201530 0.031287 0.000000
vt -1.236267 0.062573 0.000000
vt -1.201530 0.062573 0.000000
vt -1.148972 0.000000 0.000000
vt -1.166793 0.031287 0.000000
vt -1.166793 0.062573 0.000000
vt -1.132057 0.031287 0.000000
vt -1.085149 0.000000 0.000000
vt -1.097320 0.031287 0.000000
vt -1.062584 0.031287 0.000000
vt -1.097320 0.062573 0.000000
vt -1.062584 0.062573 0.000000
vt -1.021326 0.000000 0.000000
vt -1.027847 0.031287 0.000000
vt -1.027847 0.062573 0.000000
vt -0.993110 0.031287 0.000000
vt -0.957494 0.000000 0.000000
vt -0.958374 0.031287 0.000000
vt -0.923637 0.031287 0.000000
vt -0.958374 0.062573 0.000000
vt -0.923637 0.062573 0.000000
vt -0.893655 0.000000 0.000000
vt -0.888900 0.031287 0.000000
vt -0.888900 0.062573 0.000000
vt -0.854164 0.031287 0.000000
vt -0.829818 0.000000 0.000000
vt -0.819427 0.031287 0.000000
vt -0.784690 0.031287 0.000000
vt -0.819427 0.062573 0.000000
vt -0.784690 0.062573 0.000000
vt -0.765978 0.000000 0.000000
vt -0.749954 0.031287 0.000000
vt -0.749954 0.062573 0.000000
vt -0.702141 0.000000 0.000000
vt -0.715217 0.031287 0.000000
vt -0.715217 0.062573 0.000000
vt -0.680480 0.031287 0.000000
vt -0.638315 0.000000 0.000000
vt -0.645744 0.031287 0.000000
vt -0.611007 0.031287 0.000000
vt -0.645744 0.062573 0.000000
vt -0.611007 0.062573 0.000000
vt -0.574494 0.000000 0.000000
vt -0.576270 0.031287 0.000000
vt -0.576270 0.062573 0.000000
vt -0.541534 0.031287 0.000000
vt -0.510670 0.000000 0.000000
vt -0.506797 0.031287 0.000000
vt -0.472060 0.031287 0.000000
vt -0.506797 0.062573 0.000000
vt -0.472060 0.062573 0.000000
vt -0.446837 0.000000 0.000000
vt -0.437324 0.031287 0.000000
vt -0.437324 0.062573 0.000000
vt -0.402587 0.031287 0.000000
vt -0.382997 0.000000 0.000000
vt -0.367850 0.031287 0.000000
vt -0.319161 0.000000 0.000000
vt -0.333114 0.031287 0.000000
vt -0.298377 0.031287 0.000000
vt -0.333114 0.062573 0.000000
vt -0.298377 0.062573 0.000000
vt -0.255327 0.000000 0.000000
vt -0.263640 0.031287 0.000000
vt -0.263640 0.062573 0.000000
vt -0.228904 0.031287 0.000000
vt -0.191496 0.000000 0.000000
vt -0.171678 0.031287 0.000000
vt -0.127666 0.000000 0.000000
vt -0.114452 0.031287 0.000000
vt -0.063834 0.000000 0.000000
vt -0.057226 0.031287 0.000000
vt -0.000000 0.000000 0.000000
vt -0.000000 0.375439 0.000000
vt -0.057226 0.312866 0.000000
vt -0.057226 0.250293 0.000000
vt -0.000000 0.500586 0.000000
vt -0.057226 0.438013 0.000000
vt -0.057226 0.375439 0.000000
vt -0.114452 0.375439 0.000000
vt -0.114452 0.312866 0.000000
vt -0.171678 0.375439 0.000000
vt -0.000000 0.625732 0.000000
vt -0.057226 0.625732 0.000000
vt -0.057226 0.500586 0.000000
vt -0.114452 0.500586 0.000000
vt -0.114452 0.438013 0.000000
vt -0.171678 0.500586 0.000000
vt -0.171678 0.438013 0.000000
vt -0.228904 0.500586 0.000000
vt -0.228904 0.438013 0.000000
vt -0.263640 0.500586 0.000000
vt -0.057226 0.750879 0.000000
vt -0.000000 0.750879 0.000000
vt -0.057226 0.876025 0.000000
vt -0.000000 0.876025 0.000000
vt -0.000000 1.001172 0.000000
vt -0.167560 1.001172 0.000000
vt -0.114452 0.876025 0.000000
vt -0.114452 0.750879 0.000000
vt -0.114452 0.625732 0.000000
vt -0.335119 1.001172 0.000000
vt -0.263640 0.876025 0.000000
vt -0.228904 0.876025 0.000000
vt -0.171678 0.876025 0.000000
vt -0.171678 0.750879 0.000000
vt -0.367850 0.876025 0.000000
vt -0.333114 0.876025 0.000000
vt -0.333114 0.750879 0.000000
vt -0.298377 0.750879 0.000000
vt -0.298377 0.625732 0.000000
vt -0.263640 0.625732 0.000000
vt -0.670238 1.001172 0.000000
vt -0.576270 0.876025 0.000000
vt -0.541534 0.876025 0.000000
vt -1.005358 1.001172 0.000000
vt -0.854164 0.876025 0.000000
vt -0.819427 0.876025 0.000000
vt -0.784690 0.876025 0.000000
vt -0.784690 0.750879 0.000000
vt -0.749954 0.750879 0.000000
vt -0.749954 0.625732 0.000000
vt -0.715217 0.625732 0.000000
vt -0.715217 0.500586 0.000000
vt -0.680480 0.500586 0.000000
vt -0.680480 0.438013 0.000000
vt -0.645744 0.438013 0.000000
vt -0.645744 0.375439 0.000000
vt -0.611007 0.375439 0.000000
vt -0.611007 0.312866 0.000000
vt -0.576270 0.312866 0.000000
vt -0.576270 0.250293 0.000000
vt -0.541534 0.250293 0.000000
vt -0.541534 0.219006 0.000000
vt -1.340477 1.001172 0.000000
vt -1.166793 0.876025 0.000000
vt -1.132057 0.876025 0.000000
vt -1.097320 0.876025 0.000000
vt -1.097320 0.750879 0.000000
vt -1.062584 0.750879 0.000000
vt -1.062584 0.625732 0.000000
vt -1.027847 0.625732 0.000000
vt -1.027847 0.500586 0.000000
vt -0.993110 0.500586 0.000000
vt -0.993110 0.438013 0.000000
vt -0.958374 0.438013 0.000000
vt -0.958374 0.375439 0.000000
vt -0.923637 0.375439 0.000000
vt -0.923637 0.312866 0.000000
vt -0.888900 0.312866 0.000000
vt -0.888900 0.250293 0.000000
vt -0.854164 0.250293 0.000000
vt -0.854164 0.219006 0.000000
vt -0.819427 0.219006 0.000000
vt -0.819427 0.187720 0.000000
vt -0.784690 0.187720 0.000000
vt -0.784690 0.156433 0.000000
vt -0.749954 0.156433 0.000000
vt -1.340477 0.876025 0.000000
vt -1.305740 0.876025 0.000000
vt -1.271003 0.876025 0.000000
vt -1.236267 0.876025 0.000000
vt -1.236267 0.750879 0.000000
vt -1.201530 0.750879 0.000000
vt -1.201530 0.625732 0.000000
vt -1.166793 0.625732 0.000000
vt -1.166793 0.500586 0.000000
vt -1.132057 0.500586 0.000000
vt -1.132057 0.438013 0.000000
vt -1.097320 0.438013 0.000000
vt -1.097320 0.375439 0.000000
vt -1.062584 0.375439 0.000000
vt -1.062584 0.312866 0.000000
vt -1.027847 0.312866 0.000000
vt -1.027847 0.250293 0.000000
vt -0.993110 0.250293 0.000000
vt -0.993110 0.219006 0.000000
vt -0.958374 0.219006 0.000000
vt -0.958374 0.187720 0.000000
vt -0.923637 0.187720 0.000000
vt -0.923637 0.156433 0.000000
vt -0.888900 0.156433 0.000000
vt -1.305740 0.750879 0.000000
vt -1.340477 0.750879 0.000000
vt -1.305740 0.625732 0.000000
vt -1.340477 0.625732 0.000000
vt -1.305740 0.500586 0.000000
vt -1.340477 0.500586 0.000000
vt -1.305740 0.438013 0.000000
vt -1.340477 0.375439 0.000000
vt -1.305740 0.375439 0.000000
vt -1.305740 0.312866 0.000000
vt -1.271003 0.312866 0.000000
vt -1.271003 0.250293 0.000000
vt -1.236267 0.250293 0.000000
vt -1.236267 0.219006 0.000000
vt -1.201530 0.219006 0.000000
vt -1.201530 0.187720 0.000000
vt -1.166793 0.187720 0.000000
vt -1.166793 0.156433 0.000000
vt -1.132057 0.156433 0.000000
vt -1.340477 0.250293 0.000000
vt -1.305740 0.250293 0.000000
vt -1.271003 0.219006 0.000000
vt -1.236267 0.187720 0.000000
vt -1.201530 0.156433 0.000000
vt -1.305740 0.187720 0.000000
vt -1.305740 0.219006 0.000000
vt -0.057226 0.062573 0.000000
vt -0.114452 0.062573 0.000000
vt -0.171678 0.062573 0.000000
vt -0.228904 0.062573 0.000000
vt -1.305740 0.156433 0.000000
vt -1.271003 0.156433 0.000000
vt -1.236267 0.156433 0.000000
vt -1.271003 0.187720 0.000000
vt -0.367850 0.062573 0.000000
vt -0.402587 0.062573 0.000000
vt -0.541534 0.062573 0.000000
vt -0.680480 0.062573 0.000000
vt -0.854164 0.062573 0.000000
vt -0.993110 0.062573 0.000000
vt -1.132057 0.062573 0.000000
vt -1.271003 0.062573 0.000000
vt -0.114452 0.156433 0.000000
vt -0.114452 0.187720 0.000000
vt -0.171678 0.156433 0.000000
vt -0.171678 0.187720 0.000000
vt -0.171678 0.219006 0.000000
vt -0.228904 0.156433 0.000000
vt -0.228904 0.187720 0.000000
vt -0.228904 0.219006 0.000000
vt -0.228904 0.250293 0.000000
vt -0.263640 0.156433 0.000000
vt -0.263640 0.187720 0.000000
vt -0.263640 0.219006 0.000000
vt -0.263640 0.250293 0.000000
vt -0.263640 0.312866 0.000000
vt -0.298377 0.156433 0.000000
vt -0.298377 0.187720 0.000000
vt -0.298377 0.219006 0.000000
vt -0.298377 0.250293 0.000000
vt -0.298377 0.312866 0.000000
vt -0.298377 0.375439 0.000000
vt -0.333114 0.156433 0.000000
vt -0.333114 0.187720 0.000000
vt -0.333114 0.219006 0.000000
vt -0.333114 0.250293 0.000000
vt -0.333114 0.312866 0.000000
vt -0.333114 0.375439 0.000000
vt -0.333114 0.438013 0.000000
vt -0.367850 0.156433 0.000000
vt -0.367850 0.187720 0.000000
vt -0.367850 0.219006 0.000000
vt -0.367850 0.250293 0.000000
vt -0.367850 0.312866 0.000000
vt -0.367850 0.375439 0.000000
vt -0.367850 0.438013 0.000000
vt -0.367850 0.500586 0.000000
vt -0.402587 0.156433 0.000000
vt -0.402587 0.187720 0.000000
vt -0.402587 0.219006 0.000000
vt -0.402587 0.250293 0.000000
vt -0.402587 0.312866 0.000000
vt -0.402587 0.375439 0.000000
vt -0.402587 0.438013 0.000000
vt -0.402587 0.500586 0.000000
vt -0.402587 0.625732 0.000000
vt -0.437324 0.156433 0.000000
vt -0.437324 0.187720 0.000000
vt -0.437324 0.219006 0.000000
vt -0.437324 0.250293 0.000000
vt -0.437324 0.312866 0.000000
vt -0.437324 0.375439 0.000000
vt -0.437324 0.438013 0.000000
vt -0.437324 0.500586 0.000000
vt -0.437324 0.625732 0.000000
vt -0.437324 0.750879 0.000000
vt -0.541534 0.156433 0.000000
vt -0.541534 0.187720 0.000000
vt -0.576270 0.156433 0.000000
vt -0.576270 0.187720 0.000000
vt -0.576270 0.219006 0.000000
vt -0.611007 0.156433 0.000000
vt -0.611007 0.187720 0.000000
vt -0.611007 0.219006 0.000000
vt -0.611007 0.250293 0.000000
vt -0.645744 0.156433 0.000000
vt -0.645744 0.187720 0.000000
vt -0.645744 0.219006 0.000000
vt -0.645744 0.250293 0.000000
vt -0.645744 0.312866 0.000000
vt -0.680480 0.156433 0.000000
vt -0.680480 0.187720 0.000000
vt -0.680480 0.219006 0.000000
vt -0.680480 0.250293 0.000000
vt -0.680480 0.312866 0.000000
vt -0.680480 0.375439 0.000000
vt -0.715217 0.156433 0.000000
vt -0.715217 0.187720 0.000000
vt -0.715217 0.219006 0.000000
vt -0.715217 0.250293 0.000000
vt -0.715217 0.312866 0.000000
vt -0.715217 0.375439 0.000000
vt -0.715217 0.438013 0.000000
vt -0.749954 0.187720 0.000000
vt -0.784690 0.219006 0.000000
vt -0.819427 0.250293 0.000000
vt -0.854164 0.312866 0.000000
vt -0.888900 0.375439 0.000000
vt -0.923637 0.438013 0.000000
vt -0.958374 0.500586 0.000000
vt -0.993110 0.625732 0.000000
vt -1.027847 0.750879 0.000000
vt -1.062584 0.876025 0.000000
vt -0.819427 0.156433 0.000000
vt -0.854164 0.156433 0.000000
vt -0.854164 0.187720 0.000000
vt -0.888900 0.187720 0.000000
vt -0.923637 0.219006 0.000000
vt -0.958374 0.250293 0.000000
vt -0.993110 0.312866 0.000000
vt -1.027847 0.375439 0.000000
vt -1.062584 0.438013 0.000000
vt -1.097320 0.500586 0.000000
vt -1.132057 0.625732 0.000000
vt -1.166793 0.750879 0.000000
vt -1.201530 0.876025 0.000000
vt -0.958374 0.156433 0.000000
vt -0.993110 0.156433 0.000000
vt -0.993110 0.187720 0.000000
vt -1.027847 0.156433 0.000000
vt -1.027847 0.187720 0.000000
vt -1.027847 0.219006 0.000000
vt -1.062584 0.156433 0.000000
vt -1.062584 0.187720 0.000000
vt -1.062584 0.219006 0.000000
vt -1.062584 0.250293 0.000000
vt -1.097320 0.156433 0.000000
vt -1.097320 0.187720 0.000000
vt -1.097320 0.219006 0.000000
vt -1.097320 0.250293 0.000000
vt -1.097320 0.312866 0.000000
vt -1.132057 0.187720 0.000000
vt -1.166793 0.219006 0.000000
vt -1.201530 0.250293 0.000000
vt -1.236267 0.312866 0.000000
vt -1.271003 0.375439 0.000000
vt -0.541534 0.312866 0.000000
vt -0.576270 0.375439 0.000000
vt -0.611007 0.438013 0.000000
vt -0.645744 0.500586 0.000000
vt -0.680480 0.625732 0.000000
vt -0.715217 0.750879 0.000000
vt -0.749954 0.876025 0.000000
vt -0.541534 0.375439 0.000000
vt -0.541534 0.438013 0.000000
vt -0.541534 0.500586 0.000000
vt -0.541534 0.625732 0.000000
vt -0.541534 0.750879 0.000000
vt -0.749954 0.312866 0.000000
vt -0.749954 0.250293 0.000000
vt -0.749954 0.219006 0.000000
vt -0.784690 0.312866 0.000000
vt -0.784690 0.250293 0.000000
vt -0.749954 0.375439 0.000000
vt -0.749954 0.438013 0.000000
vt -0.749954 0.500586 0.000000
vt -0.819427 0.312866 0.000000
vt -0.784690 0.375439 0.000000
vt -0.784690 0.438013 0.000000
vt -0.784690 0.500586 0.000000
vt -0.784690 0.625732 0.000000
vt -0.854164 0.375439 0.000000
vt -0.888900 0.438013 0.000000
vt -0.923637 0.500586 0.000000
vt -0.958374 0.625732 0.000000
vt -0.993110 0.750879 0.000000
vt -1.027847 0.876025 0.000000
vt -0.819427 0.375439 0.000000
vt -0.819427 0.438013 0.000000
vt -0.819427 0.500586 0.000000
vt -0.819427 0.625732 0.000000
vt -0.819427 0.750879 0.000000
vt -0.958374 0.312866 0.000000
vt -0.923637 0.250293 0.000000
vt -0.993110 0.375439 0.000000
vt -1.027847 0.438013 0.000000
vt -1.062584 0.500586 0.000000
vt -1.097320 0.625732 0.000000
vt -1.132057 0.750879 0.000000
vt -1.132057 0.312866 0.000000
vt -1.132057 0.250293 0.000000
vt -1.132057 0.219006 0.000000
vt -1.166793 0.312866 0.000000
vt -1.166793 0.250293 0.000000
vt -1.132057 0.375439 0.000000
vt -1.201530 0.312866 0.000000
vt -1.166793 0.375439 0.000000
vt -1.166793 0.438013 0.000000
vt -1.236267 0.375439 0.000000
vt -1.271003 0.438013 0.000000
vt -1.201530 0.375439 0.000000
vt -1.201530 0.438013 0.000000
vt -1.201530 0.500586 0.000000
vt -0.888900 0.219006 0.000000
vt -0.576270 0.438013 0.000000
vt -0.611007 0.500586 0.000000
vt -0.645744 0.625732 0.000000
vt -0.680480 0.750879 0.000000
vt -0.715217 0.876025 0.000000
vt -0.576270 0.500586 0.000000
vt -0.576270 0.625732 0.000000
vt -0.576270 0.750879 0.000000
vt -0.854164 0.438013 0.000000
vt -0.888900 0.500586 0.000000
vt -0.923637 0.625732 0.000000
vt -0.958374 0.750879 0.000000
vt -0.993110 0.876025 0.000000
vt -0.854164 0.500586 0.000000
vt -0.854164 0.625732 0.000000
vt -0.854164 0.750879 0.000000
vt -1.236267 0.438013 0.000000
vt -1.271003 0.500586 0.000000
vt -1.236267 0.500586 0.000000
vt -1.236267 0.625732 0.000000
vt -0.171678 0.625732 0.000000
vt -0.228904 0.625732 0.000000
vt -0.228904 0.750879 0.000000
vt -0.263640 0.750879 0.000000
vt -0.298377 0.876025 0.000000
vt -0.611007 0.625732 0.000000
vt -0.645744 0.750879 0.000000
vt -0.680480 0.876025 0.000000
vt -0.611007 0.750879 0.000000
vt -0.611007 0.876025 0.000000
vt -0.888900 0.625732 0.000000
vt -0.923637 0.750879 0.000000
vt -0.958374 0.876025 0.000000
vt -0.888900 0.750879 0.000000
vt -0.888900 0.876025 0.000000
vt -1.271003 0.625732 0.000000
vt -1.271003 0.750879 0.000000
vt -0.645744 0.876025 0.000000
vt -0.923637 0.876025 0.000000
vt -1.567579 0.130300 0.000000
vt -1.567579 0.000000 0.000000
vt -1.526957 0.065150 0.000000
vt -1.504865 0.000000 0.000000
vt -1.486335 0.065150 0.000000
vt -1.442149 0.000000 0.000000
vt -1.445713 0.065150 0.000000
vt -1.379446 0.000000 0.000000
vt -1.405092 0.065150 0.000000
vt -1.364470 0.065150 0.000000
vt -1.405092 0.130300 0.000000
vt -1.364470 0.130300 0.000000
vt -1.405092 0.195450 0.000000
vt -1.364470 0.195450 0.000000
vt -1.405092 0.260600 0.000000
vt -1.364470 0.260600 0.000000
vt -1.405092 0.325750 0.000000
vt -1.364470 0.325750 0.000000
vt -1.405092 0.390900 0.000000
vt -1.364470 0.390900 0.000000
vt -1.405092 0.456051 0.000000
vt -1.364470 0.456051 0.000000
vt -1.405092 0.521201 0.000000
vt -1.364470 0.521201 0.000000
vt -1.405092 0.586351 0.000000
vt -1.364470 0.586351 0.000000
vt -1.405092 0.651501 0.000000
vt -1.364470 0.651501 0.000000
vt -1.405092 0.716651 0.000000
vt -1.364470 0.716651 0.000000
vt -1.405092 0.781801 0.000000
vt -1.364470 0.781801 0.000000
vt -1.405092 0.846951 0.000000
vt -1.364470 0.846951 0.000000
vt -1.405092 0.912101 0.000000
vt -1.364470 0.912101 0.000000
vt -1.405092 0.977251 0.000000
vt -1.364470 0.977251 0.000000
vt -1.371631 1.042401 0.000000
vt -1.323848 0.977251 0.000000
vt -1.283227 0.977251 0.000000
vt -1.283227 0.912101 0.000000
vt -1.242605 0.912101 0.000000
vt -1.242605 0.846951 0.000000
vt -1.201983 0.846951 0.000000
vt -1.201983 0.781801 0.000000
vt -1.161362 0.781801 0.000000
vt -1.161362 0.716651 0.000000
vt -1.120740 0.716651 0.000000
vt -1.120740 0.651501 0.000000
vt -1.080118 0.651501 0.000000
vt -1.080118 0.586351 0.000000
vt -1.039497 0.586351 0.000000
vt -1.039497 0.521201 0.000000
vt -0.998875 0.521201 0.000000
vt -0.998875 0.456051 0.000000
vt -0.958253 0.456051 0.000000
vt -0.958253 0.390900 0.000000
vt -0.917631 0.390900 0.000000
vt -0.917631 0.325750 0.000000
vt -0.877010 0.325750 0.000000
vt -0.877010 0.260600 0.000000
vt -0.836388 0.260600 0.000000
vt -0.836388 0.195450 0.000000
vt -0.795766 0.195450 0.000000
vt -0.795766 0.130300 0.000000
vt -0.755145 0.130300 0.000000
vt -0.755145 0.065150 0.000000
vt -0.714523 0.065150 0.000000
vt -0.752420 0.000000 0.000000
vt -0.689737 0.000000 0.000000
vt -1.316755 0.000000 0.000000
vt -1.323848 0.065150 0.000000
vt -1.323848 0.130300 0.000000
vt -1.323848 0.195450 0.000000
vt -1.323848 0.260600 0.000000
vt -1.323848 0.325750 0.000000
vt -1.323848 0.390900 0.000000
vt -1.323848 0.456051 0.000000
vt -1.323848 0.521201 0.000000
vt -1.323848 0.586351 0.000000
vt -1.323848 0.651501 0.000000
vt -1.323848 0.716651 0.000000
vt -1.323848 0.781801 0.000000
vt -1.323848 0.846951 0.000000
vt -1.323848 0.912101 0.000000
vt -1.254070 0.000000 0.000000
vt -1.283227 0.065150 0.000000
vt -1.283227 0.130300 0.000000
vt -1.283227 0.195450 0.000000
vt -1.283227 0.260600 0.000000
vt -1.283227 0.325750 0.000000
vt -1.283227 0.390900 0.000000
vt -1.283227 0.456051 0.000000
vt -1.283227 0.521201 0.000000
vt -1.283227 0.586351 0.000000
vt -1.283227 0.651501 0.000000
vt -1.283227 0.716651 0.000000
vt -1.283227 0.781801 0.000000
vt -1.283227 0.846951 0.000000
vt -1.242605 0.065150 0.000000
vt -1.191382 0.000000 0.000000
vt -1.201983 0.065150 0.000000
vt -1.161362 0.065150 0.000000
vt -1.201983 0.130300 0.000000
vt -1.161362 0.130300 0.000000
vt -1.201983 0.195450 0.000000
vt -1.161362 0.195450 0.000000
vt -1.201983 0.260600 0.000000
vt -1.161362 0.260600 0.000000
vt -1.201983 0.325750 0.000000
vt -1.161362 0.325750 0.000000
vt -1.201983 0.390900 0.000000
vt -1.161362 0.390900 0.000000
vt -1.201983 0.456051 0.000000
vt -1.161362 0.456051 0.000000
vt -1.201983 0.521201 0.000000
vt -1.161362 0.521201 0.000000
vt -1.201983 0.586351 0.000000
vt -1.161362 0.586351 0.000000
vt -1.201983 0.651501 0.000000
vt -1.161362 0.651501 0.000000
vt -1.201983 0.716651 0.000000
vt -1.128681 0.000000 0.000000
vt -1.120740 0.065150 0.000000
vt -1.120740 0.130300 0.000000
vt -1.120740 0.195450 0.000000
vt -1.120740 0.260600 0.000000
vt -1.120740 0.325750 0.000000
vt -1.120740 0.390900 0.000000
vt -1.120740 0.456051 0.000000
vt -1.120740 0.521201 0.000000
vt -1.120740 0.586351 0.000000
vt -1.065967 0.000000 0.000000
vt -1.080118 0.065150 0.000000
vt -1.080118 0.130300 0.000000
vt -1.080118 0.195450 0.000000
vt -1.080118 0.260600 0.000000
vt -1.080118 0.325750 0.000000
vt -1.080118 0.390900 0.000000
vt -1.080118 0.456051 0.000000
vt -1.080118 0.521201 0.000000
vt -1.039497 0.065150 0.000000
vt -1.003251 0.000000 0.000000
vt -0.998875 0.065150 0.000000
vt -0.940539 0.000000 0.000000
vt -0.958253 0.065150 0.000000
vt -0.917631 0.065150 0.000000
vt -0.958253 0.130300 0.000000
vt -0.917631 0.130300 0.000000
vt -0.958253 0.195450 0.000000
vt -0.917631 0.195450 0.000000
vt -0.958253 0.260600 0.000000
vt -0.917631 0.260600 0.000000
vt -0.958253 0.325750 0.000000
vt -0.877820 0.000000 0.000000
vt -0.877010 0.065150 0.000000
vt -0.877010 0.130300 0.000000
vt -0.877010 0.195450 0.000000
vt -0.836388 0.065150 0.000000
vt -0.815113 0.000000 0.000000
vt -0.795766 0.065150 0.000000
vt -0.673901 0.065150 0.000000
vt -0.627052 0.000000 0.000000
vt -0.633280 0.065150 0.000000
vt -0.592658 0.065150 0.000000
vt -0.633280 0.130300 0.000000
vt -0.592658 0.130300 0.000000
vt -0.633280 0.195450 0.000000
vt -0.592658 0.195450 0.000000
vt -0.633280 0.260600 0.000000
vt -0.592658 0.260600 0.000000
vt -0.633280 0.325750 0.000000
vt -0.592658 0.325750 0.000000
vt -0.633280 0.390900 0.000000
vt -0.592658 0.390900 0.000000
vt -0.633280 0.456051 0.000000
vt -0.592658 0.456051 0.000000
vt -0.633280 0.521201 0.000000
vt -0.592658 0.521201 0.000000
vt -0.633280 0.586351 0.000000
vt -0.592658 0.586351 0.000000
vt -0.633280 0.651501 0.000000
vt -0.592658 0.651501 0.000000
vt -0.633280 0.716651 0.000000
vt -0.592658 0.716651 0.000000
vt -0.633280 0.781801 0.000000
vt -0.592658 0.781801 0.000000
vt -0.633280 0.846951 0.000000
vt -0.592658 0.846951 0.000000
vt -0.633280 0.912101 0.000000
vt -0.592658 0.912101 0.000000
vt -0.633280 0.977251 0.000000
vt -0.592658 0.977251 0.000000
vt -0.587842 1.042401 0.000000
vt -0.552036 0.977251 0.000000
vt -0.511415 0.977251 0.000000
vt -0.511415 0.912101 0.000000
vt -0.470793 0.912101 0.000000
vt -0.470793 0.846951 0.000000
vt -0.430171 0.846951 0.000000
vt -0.430171 0.781801 0.000000
vt -0.389549 0.781801 0.000000
vt -0.389549 0.716651 0.000000
vt -0.348928 0.716651 0.000000
vt -0.348928 0.651501 0.000000
vt -0.308306 0.651501 0.000000
vt -0.308306 0.586351 0.000000
vt -0.267684 0.586351 0.000000
vt -0.267684 0.521201 0.000000
vt -0.234224 0.521201 0.000000
vt -0.234224 0.456051 0.000000
vt -0.200763 0.456051 0.000000
vt -0.200763 0.390900 0.000000
vt -0.167303 0.390900 0.000000
vt -0.167303 0.325750 0.000000
vt -0.133842 0.325750 0.000000
vt -0.133842 0.260600 0.000000
vt -0.100382 0.260600 0.000000
vt -0.100382 0.195450 0.000000
vt -0.066921 0.195450 0.000000
vt -0.066921 0.130300 0.000000
vt -0.033461 0.130300 0.000000
vt -0.033461 0.065150 0.000000
vt -0.000000 0.130300 0.000000
vt -0.000000 0.000000 0.000000
vt -0.062706 0.000000 0.000000
vt -0.066921 0.065150 0.000000
vt -0.100382 0.065150 0.000000
vt -0.100382 0.130300 0.000000
vt -0.133842 0.130300 0.000000
vt -0.133842 0.195450 0.000000
vt -0.167303 0.195450 0.000000
vt -0.167303 0.260600 0.000000
vt -0.200763 0.260600 0.000000
vt -0.200763 0.325750 0.000000
vt -0.234224 0.325750 0.000000
vt -0.234224 0.390900 0.000000
vt -0.267684 0.390900 0.000000
vt -0.267684 0.456051 0.000000
vt -0.308306 0.456051 0.000000
vt -0.308306 0.521201 0.000000
vt -0.348928 0.521201 0.000000
vt -0.348928 0.586351 0.000000
vt -0.389549 0.586351 0.000000
vt -0.389549 0.651501 0.000000
vt -0.430171 0.651501 0.000000
vt -0.430171 0.716651 0.000000
vt -0.470793 0.716651 0.000000
vt -0.470793 0.781801 0.000000
vt -0.511415 0.781801 0.000000
vt -0.511415 0.846951 0.000000
vt -0.552036 0.846951 0.000000
vt -0.552036 0.912101 0.000000
vt -0.564357 0.000000 0.000000
vt -0.552036 0.065150 0.000000
vt -0.552036 0.130300 0.000000
vt -0.552036 0.195450 0.000000
vt -0.552036 0.260600 0.000000
vt -0.552036 0.325750 0.000000
vt -0.552036 0.390900 0.000000
vt -0.552036 0.456051 0.000000
vt -0.552036 0.521201 0.000000
vt -0.552036 0.586351 0.000000
vt -0.552036 0.651501 0.000000
vt -0.552036 0.716651 0.000000
vt -0.552036 0.781801 0.000000
vt -0.501646 0.000000 0.000000
vt -0.511415 0.065150 0.000000
vt -0.511415 0.130300 0.000000
vt -0.511415 0.195450 0.000000
vt -0.511415 0.260600 0.000000
vt -0.511415 0.325750 0.000000
vt -0.511415 0.390900 0.000000
vt -0.511415 0.456051 0.000000
vt -0.511415 0.521201 0.000000
vt -0.511415 0.586351 0.000000
vt -0.511415 0.651501 0.000000
vt -0.511415 0.716651 0.000000
vt -0.470793 0.065150 0.000000
vt -0.438927 0.000000 0.000000
vt -0.430171 0.065150 0.000000
vt -0.389549 0.065150 0.000000
vt -0.430171 0.130300 0.000000
vt -0.389549 0.130300 0.000000
vt -0.430171 0.195450 0.000000
vt -0.389549 0.195450 0.000000
vt -0.430171 0.260600 0.000000
vt -0.389549 0.260600 0.000000
vt -0.430171 0.325750 0.000000
vt -0.389549 0.325750 0.000000
vt -0.430171 0.390900 0.000000
vt -0.389549 0.390900 0.000000
vt -0.430171 0.456051 0.000000
vt -0.389549 0.456051 0.000000
vt -0.430171 0.521201 0.000000
vt -0.389549 0.521201 0.000000
vt -0.430171 0.586351 0.000000
vt -0.376218 0.000000 0.000000
vt -0.348928 0.065150 0.000000
vt -0.348928 0.130300 0.000000
vt -0.348928 0.195450 0.000000
vt -0.348928 0.260600 0.000000
vt -0.348928 0.325750 0.000000
vt -0.348928 0.390900 0.000000
vt -0.348928 0.456051 0.000000
vt -0.313512 0.000000 0.000000
vt -0.308306 0.065150 0.000000
vt -0.308306 0.130300 0.000000
vt -0.308306 0.195450 0.000000
vt -0.308306 0.260600 0.000000
vt -0.308306 0.325750 0.000000
vt -0.308306 0.390900 0.000000
vt -0.267684 0.065150 0.000000
vt -0.250809 0.000000 0.000000
vt -0.234224 0.065150 0.000000
vt -0.188110 0.000000 0.000000
vt -0.200763 0.065150 0.000000
vt -0.167303 0.065150 0.000000
vt -0.200763 0.130300 0.000000
vt -0.167303 0.130300 0.000000
vt -0.200763 0.195450 0.000000
vt -0.125410 0.000000 0.000000
vt -0.133842 0.065150 0.000000
vt -0.033461 0.195450 0.000000
vt -0.000000 0.260600 0.000000
vt -0.033461 0.260600 0.000000
vt -0.033461 0.325750 0.000000
vt -0.066921 0.325750 0.000000
vt -0.066921 0.390900 0.000000
vt -0.100382 0.390900 0.000000
vt -0.100382 0.456051 0.000000
vt -0.133842 0.456051 0.000000
vt -0.133842 0.521201 0.000000
vt -0.167303 0.521201 0.000000
vt -0.167303 0.586351 0.000000
vt -0.200763 0.586351 0.000000
vt -0.200763 0.651501 0.000000
vt -0.234224 0.651501 0.000000
vt -0.234224 0.716651 0.000000
vt -0.267684 0.716651 0.000000
vt -0.267684 0.781801 0.000000
vt -0.308306 0.781801 0.000000
vt -0.308306 0.846951 0.000000
vt -0.348928 0.846951 0.000000
vt -0.348928 0.912101 0.000000
vt -0.389549 0.912101 0.000000
vt -0.389549 0.977251 0.000000
vt -0.430171 0.977251 0.000000
vt -0.391895 1.042401 0.000000
vt -0.470793 0.977251 0.000000
vt -0.000000 0.390900 0.000000
vt -0.033461 0.390900 0.000000
vt -0.066921 0.456051 0.000000
vt -0.100382 0.521201 0.000000
vt -0.133842 0.586351 0.000000
vt -0.167303 0.651501 0.000000
vt -0.200763 0.716651 0.000000
vt -0.234224 0.781801 0.000000
vt -0.267684 0.846951 0.000000
vt -0.308306 0.912101 0.000000
vt -0.348928 0.977251 0.000000
vt -0.033461 0.456051 0.000000
vt -0.000000 0.521201 0.000000
vt -0.033461 0.521201 0.000000
vt -0.033461 0.586351 0.000000
vt -0.066921 0.586351 0.000000
vt -0.066921 0.651501 0.000000
vt -0.100382 0.651501 0.000000
vt -0.100382 0.716651 0.000000
vt -0.133842 0.716651 0.000000
vt -0.133842 0.781801 0.000000
vt -0.167303 0.781801 0.000000
vt -0.167303 0.846951 0.000000
vt -0.200763 0.846951 0.000000
vt -0.200763 0.912101 0.000000
vt -0.234224 0.912101 0.000000
vt -0.234224 0.977251 0.000000
vt -0.267684 0.977251 0.000000
vt -0.195947 1.042401 0.000000
vt -0.308306 0.977251 0.000000
vt -0.000000 0.651501 0.000000
vt -0.033461 0.651501 0.000000
vt -0.066921 0.716651 0.000000
vt -0.100382 0.781801 0.000000
vt -0.133842 0.846951 0.000000
vt -0.167303 0.912101 0.000000
vt -0.200763 0.977251 0.000000
vt -0.033461 0.716651 0.000000
vt -0.000000 0.781801 0.000000
vt -0.033461 0.781801 0.000000
vt -0.033461 0.846951 0.000000
vt -0.066921 0.846951 0.000000
vt -0.066921 0.912101 0.000000
vt -0.100382 0.912101 0.000000
vt -0.100382 0.977251 0.000000
vt -0.133842 0.977251 0.000000
vt -0.167303 0.977251 0.000000
vt -0.000000 0.912101 0.000000
vt -0.033461 0.912101 0.000000
vt -0.066921 0.977251 0.000000
vt -0.000000 1.042401 0.000000
vt -0.033461 0.977251 0.000000
vt -0.673901 0.977251 0.000000
vt -0.783789 1.042401 0.000000
vt -0.714523 0.977251 0.000000
vt -0.755145 0.977251 0.000000
vt -0.714523 0.912101 0.000000
vt -0.755145 0.912101 0.000000
vt -0.714523 0.846951 0.000000
vt -0.755145 0.846951 0.000000
vt -0.714523 0.781801 0.000000
vt -0.755145 0.781801 0.000000
vt -0.714523 0.716651 0.000000
vt -0.755145 0.716651 0.000000
vt -0.714523 0.651501 0.000000
vt -0.755145 0.651501 0.000000
vt -0.714523 0.586351 0.000000
vt -0.755145 0.586351 0.000000
vt -0.714523 0.521201 0.000000
vt -0.755145 0.521201 0.000000
vt -0.714523 0.456051 0.000000
vt -0.755145 0.456051 0.000000
vt -0.714523 0.390900 0.000000
vt -0.755145 0.390900 0.000000
vt -0.714523 0.325750 0.000000
vt -0.755145 0.325750 0.000000
vt -0.714523 0.260600 0.000000
vt -0.755145 0.260600 0.000000
vt -0.714523 0.195450 0.000000
vt -0.755145 0.195450 0.000000
vt -0.714523 0.130300 0.000000
vt -0.979737 1.042401 0.000000
vt -0.877010 0.977251 0.000000
vt -0.836388 0.977251 0.000000
vt -0.795766 0.977251 0.000000
vt -0.795766 0.912101 0.000000
vt -1.175684 1.042401 0.000000
vt -1.080118 0.977251 0.000000
vt -1.039497 0.977251 0.000000
vt -0.998875 0.977251 0.000000
vt -0.998875 0.912101 0.000000
vt -0.958253 0.912101 0.000000
vt -0.958253 0.846951 0.000000
vt -0.917631 0.846951 0.000000
vt -0.917631 0.781801 0.000000
vt -0.877010 0.781801 0.000000
vt -0.877010 0.716651 0.000000
vt -0.836388 0.716651 0.000000
vt -0.836388 0.651501 0.000000
vt -0.795766 0.651501 0.000000
vt -0.795766 0.586351 0.000000
vt -1.242605 0.977251 0.000000
vt -1.201983 0.977251 0.000000
vt -1.201983 0.912101 0.000000
vt -1.161362 0.912101 0.000000
vt -1.161362 0.846951 0.000000
vt -1.120740 0.846951 0.000000
vt -1.120740 0.781801 0.000000
vt -1.080118 0.781801 0.000000
vt -1.080118 0.716651 0.000000
vt -1.039497 0.716651 0.000000
vt -1.039497 0.651501 0.000000
vt -0.998875 0.651501 0.000000
vt -0.998875 0.586351 0.000000
vt -0.958253 0.586351 0.000000
vt -0.958253 0.521201 0.000000
vt -0.917631 0.521201 0.000000
vt -0.917631 0.456051 0.000000
vt -0.877010 0.456051 0.000000
vt -0.877010 0.390900 0.000000
vt -0.836388 0.390900 0.000000
vt -0.836388 0.325750 0.000000
vt -0.795766 0.325750 0.000000
vt -0.795766 0.260600 0.000000
vt -1.567579 1.042401 0.000000
vt -1.486335 0.977251 0.000000
vt -1.445713 0.977251 0.000000
vt -1.526957 0.977251 0.000000
vt -1.567579 0.912101 0.000000
vt -1.526957 0.912101 0.000000
vt -1.526957 0.846951 0.000000
vt -1.486335 0.846951 0.000000
vt -1.486335 0.781801 0.000000
vt -1.445713 0.781801 0.000000
vt -1.445713 0.716651 0.000000
vt -1.567579 0.781801 0.000000
vt -1.526957 0.781801 0.000000
vt -1.486335 0.716651 0.000000
vt -1.445713 0.651501 0.000000
vt -1.526957 0.716651 0.000000
vt -1.567579 0.651501 0.000000
vt -1.526957 0.651501 0.000000
vt -1.526957 0.586351 0.000000
vt -1.486335 0.586351 0.000000
vt -1.486335 0.521201 0.000000
vt -1.445713 0.521201 0.000000
vt -1.445713 0.456051 0.000000
vt -1.567579 0.521201 0.000000
vt -1.526957 0.521201 0.000000
vt -1.486335 0.456051 0.000000
vt -1.445713 0.390900 0.000000
vt -1.526957 0.456051 0.000000
vt -1.567579 0.390900 0.000000
vt -1.526957 0.390900 0.000000
vt -1.526957 0.325750 0.000000
vt -1.486335 0.325750 0.000000
vt -1.486335 0.260600 0.000000
vt -1.445713 0.260600 0.000000
vt -1.445713 0.195450 0.000000
vt -1.567579 0.260600 0.000000
vt -1.526957 0.260600 0.000000
vt -1.486335 0.195450 0.000000
vt -1.445713 0.130300 0.000000
vt -1.526957 0.195450 0.000000
vt -1.526957 0.130300 0.000000
vt -0.234224 0.130300 0.000000
vt -0.234224 0.195450 0.000000
vt -0.234224 0.260600 0.000000
vt -0.267684 0.130300 0.000000
vt -0.267684 0.195450 0.000000
vt -0.267684 0.260600 0.000000
vt -0.267684 0.325750 0.000000
vt -0.470793 0.130300 0.000000
vt -0.470793 0.195450 0.000000
vt -0.470793 0.260600 0.000000
vt -0.470793 0.325750 0.000000
vt -0.470793 0.390900 0.000000
vt -0.470793 0.456051 0.000000
vt -0.470793 0.521201 0.000000
vt -0.470793 0.586351 0.000000
vt -0.470793 0.651501 0.000000
vt -0.673901 0.130300 0.000000
vt -0.673901 0.195450 0.000000
vt -0.673901 0.260600 0.000000
vt -0.673901 0.325750 0.000000
vt -0.673901 0.390900 0.000000
vt -0.673901 0.456051 0.000000
vt -0.673901 0.521201 0.000000
vt -0.673901 0.586351 0.000000
vt -0.673901 0.651501 0.000000
vt -0.673901 0.716651 0.000000
vt -0.673901 0.781801 0.000000
vt -0.673901 0.846951 0.000000
vt -0.673901 0.912101 0.000000
vt -0.836388 0.130300 0.000000
vt -0.998875 0.130300 0.000000
vt -0.998875 0.195450 0.000000
vt -0.998875 0.260600 0.000000
vt -0.998875 0.325750 0.000000
vt -0.998875 0.390900 0.000000
vt -1.039497 0.130300 0.000000
vt -1.039497 0.195450 0.000000
vt -1.039497 0.260600 0.000000
vt -1.039497 0.325750 0.000000
vt -1.039497 0.390900 0.000000
vt -1.039497 0.456051 0.000000
vt -1.242605 0.130300 0.000000
vt -1.242605 0.195450 0.000000
vt -1.242605 0.260600 0.000000
vt -1.242605 0.325750 0.000000
vt -1.242605 0.390900 0.000000
vt -1.242605 0.456051 0.000000
vt -1.242605 0.521201 0.000000
vt -1.242605 0.586351 0.000000
vt -1.242605 0.651501 0.000000
vt -1.242605 0.716651 0.000000
vt -1.242605 0.781801 0.000000
vt -1.486335 0.130300 0.000000
vt -0.066921 0.260600 0.000000
vt -0.100382 0.325750 0.000000
vt -0.133842 0.390900 0.000000
vt -0.167303 0.456051 0.000000
vt -0.200763 0.521201 0.000000
vt -0.234224 0.586351 0.000000
vt -0.267684 0.651501 0.000000
vt -0.308306 0.716651 0.000000
vt -0.348928 0.781801 0.000000
vt -0.389549 0.846951 0.000000
vt -0.430171 0.912101 0.000000
vt -0.795766 0.390900 0.000000
vt -0.836388 0.456051 0.000000
vt -0.877010 0.521201 0.000000
vt -0.917631 0.586351 0.000000
vt -0.958253 0.651501 0.000000
vt -0.998875 0.716651 0.000000
vt -1.039497 0.781801 0.000000
vt -1.080118 0.846951 0.000000
vt -1.120740 0.912101 0.000000
vt -1.161362 0.977251 0.000000
vt -1.445713 0.325750 0.000000
vt -1.486335 0.390900 0.000000
vt -0.066921 0.521201 0.000000
vt -0.100382 0.586351 0.000000
vt -0.133842 0.651501 0.000000
vt -0.167303 0.716651 0.000000
vt -0.200763 0.781801 0.000000
vt -0.234224 0.846951 0.000000
vt -0.267684 0.912101 0.000000
vt -0.795766 0.456051 0.000000
vt -0.795766 0.521201 0.000000
vt -0.836388 0.521201 0.000000
vt -0.877010 0.586351 0.000000
vt -0.917631 0.651501 0.000000
vt -0.958253 0.716651 0.000000
vt -0.998875 0.781801 0.000000
vt -1.039497 0.846951 0.000000
vt -1.080118 0.912101 0.000000
vt -1.120740 0.977251 0.000000
vt -0.836388 0.586351 0.000000
vt -0.877010 0.651501 0.000000
vt -0.917631 0.716651 0.000000
vt -0.958253 0.781801 0.000000
vt -0.998875 0.846951 0.000000
vt -1.039497 0.912101 0.000000
vt -1.445713 0.586351 0.000000
vt -1.486335 0.651501 0.000000
vt -0.066921 0.781801 0.000000
vt -0.100382 0.846951 0.000000
vt -0.133842 0.912101 0.000000
vt -0.795766 0.716651 0.000000
vt -0.795766 0.781801 0.000000
vt -0.795766 0.846951 0.000000
vt -0.836388 0.781801 0.000000
vt -0.877010 0.846951 0.000000
vt -0.917631 0.912101 0.000000
vt -0.958253 0.977251 0.000000
vt -0.836388 0.846951 0.000000
vt -0.836388 0.912101 0.000000
vt -0.877010 0.912101 0.000000
vt -0.917631 0.977251 0.000000
vt -1.445713 0.846951 0.000000
vt -1.445713 0.912101 0.000000
vt -1.486335 0.912101 0.000000
vt -1.276638 0.000000 0.000000
vt -1.305740 0.031491 0.000000
vt -1.340477 0.000000 0.000000
vt -1.305740 0.062981 0.000000
vt -1.340477 0.125963 0.000000
vt -1.305740 0.094472 0.000000
vt -1.305740 0.125963 0.000000
vt -1.271003 0.094472 0.000000
vt -1.271003 0.125963 0.000000
vt -1.236267 0.094472 0.000000
vt -1.236267 0.125963 0.000000
vt -1.201530 0.094472 0.000000
vt -1.201530 0.125963 0.000000
vt -1.166793 0.094472 0.000000
vt -1.166793 0.125963 0.000000
vt -1.132057 0.094472 0.000000
vt -1.132057 0.125963 0.000000
vt -1.097320 0.094472 0.000000
vt -1.097320 0.125963 0.000000
vt -1.062584 0.094472 0.000000
vt -1.062584 0.125963 0.000000
vt -1.027847 0.094472 0.000000
vt -1.027847 0.125963 0.000000
vt -0.993110 0.094472 0.000000
vt -0.993110 0.125963 0.000000
vt -0.958374 0.094472 0.000000
vt -0.958374 0.125963 0.000000
vt -0.923637 0.094472 0.000000
vt -0.923637 0.125963 0.000000
vt -0.888900 0.094472 0.000000
vt -0.888900 0.125963 0.000000
vt -0.854164 0.094472 0.000000
vt -0.854164 0.125963 0.000000
vt -0.819427 0.094472 0.000000
vt -0.819427 0.125963 0.000000
vt -0.784690 0.094472 0.000000
vt -0.784690 0.125963 0.000000
vt -0.749954 0.094472 0.000000
vt -0.749954 0.125963 0.000000
vt -0.715217 0.094472 0.000000
vt -0.715217 0.125963 0.000000
vt -0.680480 0.094472 0.000000
vt -0.680480 0.125963 0.000000
vt -0.645744 0.094472 0.000000
vt -0.645744 0.125963 0.000000
vt -0.611007 0.094472 0.000000
vt -0.611007 0.125963 0.000000
vt -0.576270 0.094472 0.000000
vt -0.576270 0.125963 0.000000
vt -0.541534 0.094472 0.000000
vt -0.541534 0.125963 0.000000
vt -0.506797 0.094472 0.000000
vt -0.506797 0.125963 0.000000
vt -0.472060 0.094472 0.000000
vt -0.472060 0.125963 0.000000
vt -0.437324 0.094472 0.000000
vt -0.437324 0.125963 0.000000
vt -0.402587 0.094472 0.000000
vt -0.402587 0.125963 0.000000
vt -0.367850 0.094472 0.000000
vt -0.367850 0.125963 0.000000
vt -0.333114 0.094472 0.000000
vt -0.333114 0.125963 0.000000
vt -0.298377 0.094472 0.000000
vt -0.298377 0.125963 0.000000
vt -0.263640 0.094472 0.000000
vt -0.263640 0.125963 0.000000
vt -0.228904 0.094472 0.000000
vt -0.228904 0.125963 0.000000
vt -0.171678 0.094472 0.000000
vt -0.171678 0.125963 0.000000
vt -0.114452 0.094472 0.000000
vt -0.114452 0.125963 0.000000
vt -0.057226 0.094472 0.000000
vt -0.057226 0.125963 0.000000
vt -0.000000 0.125963 0.000000
vt -0.057226 0.157454 0.000000
vt -0.000000 0.251926 0.000000
vt -0.057226 0.188944 0.000000
vt -0.057226 0.220435 0.000000
vt -0.114452 0.220435 0.000000
vt -0.114452 0.251926 0.000000
vt -0.171678 0.251926 0.000000
vt -0.171678 0.314907 0.000000
vt -0.228904 0.314907 0.000000
vt -0.228904 0.377889 0.000000
vt -0.263640 0.377889 0.000000
vt -0.263640 0.440870 0.000000
vt -0.298377 0.440870 0.000000
vt -0.298377 0.503851 0.000000
vt -0.333114 0.503851 0.000000
vt -0.333114 0.629814 0.000000
vt -0.367850 0.629814 0.000000
vt -0.367850 0.755777 0.000000
vt -0.402587 0.755777 0.000000
vt -0.402587 0.881740 0.000000
vt -0.437324 0.881740 0.000000
vt -0.502679 1.007703 0.000000
vt -0.472060 0.881740 0.000000
vt -0.506797 0.881740 0.000000
vt -0.472060 0.755777 0.000000
vt -0.506797 0.755777 0.000000
vt -0.472060 0.629814 0.000000
vt -0.506797 0.629814 0.000000
vt -0.472060 0.503851 0.000000
vt -0.506797 0.503851 0.000000
vt -0.472060 0.440870 0.000000
vt -0.506797 0.440870 0.000000
vt -0.472060 0.377889 0.000000
vt -0.506797 0.377889 0.000000
vt -0.472060 0.314907 0.000000
vt -0.506797 0.314907 0.000000
vt -0.472060 0.251926 0.000000
vt -0.506797 0.251926 0.000000
vt -0.472060 0.220435 0.000000
vt -0.506797 0.220435 0.000000
vt -0.472060 0.188944 0.000000
vt -0.506797 0.188944 0.000000
vt -0.472060 0.157454 0.000000
vt -0.506797 0.157454 0.000000
vt -1.271003 0.031491 0.000000
vt -1.212801 0.000000 0.000000
vt -1.236267 0.031491 0.000000
vt -1.201530 0.031491 0.000000
vt -1.236267 0.062981 0.000000
vt -1.201530 0.062981 0.000000
vt -1.148972 0.000000 0.000000
vt -1.166793 0.031491 0.000000
vt -1.166793 0.062981 0.000000
vt -1.132057 0.031491 0.000000
vt -1.085149 0.000000 0.000000
vt -1.097320 0.031491 0.000000
vt -1.062584 0.031491 0.000000
vt -1.097320 0.062981 0.000000
vt -1.062584 0.062981 0.000000
vt -1.021326 0.000000 0.000000
vt -1.027847 0.031491 0.000000
vt -1.027847 0.062981 0.000000
vt -0.993110 0.031491 0.000000
vt -0.957494 0.000000 0.000000
vt -0.958374 0.031491 0.000000
vt -0.923637 0.031491 0.000000
vt -0.958374 0.062981 0.000000
vt -0.923637 0.062981 0.000000
vt -0.893655 0.000000 0.000000
vt -0.888900 0.031491 0.000000
vt -0.888900 0.062981 0.000000
vt -0.854164 0.031491 0.000000
vt -0.829818 0.000000 0.000000
vt -0.819427 0.031491 0.000000
vt -0.784690 0.031491 0.000000
vt -0.819427 0.062981 0.000000
vt -0.784690 0.062981 0.000000
vt -0.765978 0.000000 0.000000
vt -0.749954 0.031491 0.000000
vt -0.749954 0.062981 0.000000
vt -0.702141 0.000000 0.000000
vt -0.715217 0.031491 0.000000
vt -0.715217 0.062981 0.000000
vt -0.680480 0.031491 0.000000
vt -0.638315 0.000000 0.000000
vt -0.645744 0.031491 0.000000
vt -0.611007 0.031491 0.000000
vt -0.645744 0.062981 0.000000
vt -0.611007 0.062981 0.000000
vt -0.574494 0.000000 0.000000
vt -0.576270 0.031491 0.000000
vt -0.576270 0.062981 0.000000
vt -0.541534 0.031491 0.000000
vt -0.510670 0.000000 0.000000
vt -0.506797 0.031491 0.000000
vt -0.472060 0.031491 0.000000
vt -0.506797 0.062981 0.000000
vt -0.472060 0.062981 0.000000
vt -0.446837 0.000000 0.000000
vt -0.437324 0.031491 0.000000
vt -0.437324 0.062981 0.000000
vt -0.402587 0.031491 0.000000
vt -0.382997 0.000000 0.000000
vt -0.367850 0.031491 0.000000
vt -0.319161 0.000000 0.000000
vt -0.333114 0.031491 0.000000
vt -0.298377 0.031491 0.000000
vt -0.333114 0.062981 0.000000
vt -0.298377 0.062981 0.000000
vt -0.255327 0.000000 0.000000
vt -0.263640 0.031491 0.000000
vt -0.263640 0.062981 0.000000
vt -0.228904 0.031491 0.000000
vt -0.191496 0.000000 0.000000
vt -0.171678 0.031491 0.000000
vt -0.127666 0.000000 0.000000
vt -0.114452 0.031491 0.000000
vt -0.063834 0.000000 0.000000
vt -0.057226 0.031491 0.000000
vt -0.000000 0.000000 0.000000
vt -0.000000 0.377889 0.000000
vt -0.057226 0.314907 0.000000
vt -0.057226 0.251926 0.000000
vt -0.000000 0.503851 0.000000
vt -0.057226 0.440870 0.000000
vt -0.057226 0.377889 0.000000
vt -0.114452 0.377889 0.000000
vt -0.114452 0.314907 0.000000
vt -0.171678 0.377889 0.000000
vt -0.000000 0.629814 0.000000
vt -0.057226 0.629814 0.000000
vt -0.057226 0.503851 0.000000
vt -0.114452 0.503851 0.000000
vt -0.114452 0.440870 0.000000
vt -0.171678 0.503851 0.000000
vt -0.171678 0.440870 0.000000
vt -0.228904 0.503851 0.000000
vt -0.228904 0.440870 0.000000
vt -0.263640 0.503851 0.000000
vt -0.057226 0.755777 0.000000
vt -0.000000 0.755777 0.000000
vt -0.057226 0.881740 0.000000
vt -0.000000 0.881740 0.000000
vt -0.000000 1.007703 0.000000
vt -0.167560 1.007703 0.000000
vt -0.114452 0.881740 0.000000
vt -0.114452 0.755777 0.000000
vt -0.114452 0.629814 0.000000
vt -0.335119 1.007703 0.000000
vt -0.263640 0.881740 0.000000
vt -0.228904 0.881740 0.000000
vt -0.171678 0.881740 0.000000
vt -0.171678 0.755777 0.000000
vt -0.367850 0.881740 0.000000
vt -0.333114 0.881740 0.000000
vt -0.333114 0.755777 0.000000
vt -0.298377 0.755777 0.000000
vt -0.298377 0.629814 0.000000
vt -0.263640 0.629814 0.000000
vt -0.670238 1.007703 0.000000
vt -0.576270 0.881740 0.000000
vt -0.541534 0.881740 0.000000
vt -0.837798 1.007703 0.000000
vt -0.749954 0.881740 0.000000
vt -0.715217 0.881740 0.000000
vt -0.680480 0.881740 0.000000
vt -0.680480 0.755777 0.000000
vt -0.645744 0.755777 0.000000
vt -0.645744 0.629814 0.000000
vt -0.611007 0.629814 0.000000
vt -0.611007 0.503851 0.000000
vt -0.576270 0.503851 0.000000
vt -0.576270 0.440870 0.000000
vt -0.541534 0.440870 0.000000
vt -0.541534 0.377889 0.000000
vt -1.005358 1.007703 0.000000
vt -0.923637 0.881740 0.000000
vt -0.888900 0.881740 0.000000
vt -0.854164 0.881740 0.000000
vt -0.854164 0.755777 0.000000
vt -0.819427 0.755777 0.000000
vt -0.819427 0.629814 0.000000
vt -0.784690 0.629814 0.000000
vt -0.784690 0.503851 0.000000
vt -0.749954 0.503851 0.000000
vt -0.749954 0.440870 0.000000
vt -0.715217 0.440870 0.000000
vt -0.715217 0.377889 0.000000
vt -0.680480 0.377889 0.000000
vt -0.680480 0.314907 0.000000
vt -0.645744 0.314907 0.000000
vt -0.645744 0.251926 0.000000
vt -0.611007 0.251926 0.000000
vt -0.611007 0.220435 0.000000
vt -0.576270 0.220435 0.000000
vt -0.576270 0.188944 0.000000
vt -0.541534 0.188944 0.000000
vt -0.541534 0.157454 0.000000
vt -1.172917 1.007703 0.000000
vt -1.097320 0.881740 0.000000
vt -1.062584 0.881740 0.000000
vt -1.027847 0.881740 0.000000
vt -1.027847 0.755777 0.000000
vt -0.993110 0.755777 0.000000
vt -0.993110 0.629814 0.000000
vt -0.958374 0.629814 0.000000
vt -0.958374 0.503851 0.000000
vt -0.923637 0.503851 0.000000
vt -0.923637 0.440870 0.000000
vt -0.888900 0.440870 0.000000
vt -0.888900 0.377889 0.000000
vt -0.854164 0.377889 0.000000
vt -0.854164 0.314907 0.000000
vt -0.819427 0.314907 0.000000
vt -0.819427 0.251926 0.000000
vt -0.784690 0.251926 0.000000
vt -0.784690 0.220435 0.000000
vt -0.749954 0.220435 0.000000
vt -0.749954 0.188944 0.000000
vt -0.715217 0.188944 0.000000
vt -0.715217 0.157454 0.000000
vt -0.680480 0.157454 0.000000
vt -1.340477 1.007703 0.000000
vt -1.271003 0.881740 0.000000
vt -1.236267 0.881740 0.000000
vt -1.201530 0.881740 0.000000
vt -1.201530 0.755777 0.000000
vt -1.166793 0.755777 0.000000
vt -1.166793 0.629814 0.000000
vt -1.132057 0.629814 0.000000
vt -1.132057 0.503851 0.000000
vt -1.097320 0.503851 0.000000
vt -1.097320 0.440870 0.000000
vt -1.062584 0.440870 0.000000
vt -1.062584 0.377889 0.000000
vt -1.027847 0.377889 0.000000
vt -1.027847 0.314907 0.000000
vt -0.993110 0.314907 0.000000
vt -0.993110 0.251926 0.000000
vt -0.958374 0.251926 0.000000
vt -0.958374 0.220435 0.000000
vt -0.923637 0.220435 0.000000
vt -0.923637 0.188944 0.000000
vt -0.888900 0.188944 0.000000
vt -0.888900 0.157454 0.000000
vt -0.854164 0.157454 0.000000
vt -1.305740 0.881740 0.000000
vt -1.340477 0.881740 0.000000
vt -1.305740 0.755777 0.000000
vt -1.340477 0.755777 0.000000
vt -1.305740 0.629814 0.000000
vt -1.340477 0.629814 0.000000
vt -1.305740 0.503851 0.000000
vt -1.340477 0.503851 0.000000
vt -1.305740 0.440870 0.000000
vt -1.340477 0.377889 0.000000
vt -1.305740 0.377889 0.000000
vt -1.305740 0.314907 0.000000
vt -1.271003 0.314907 0.000000
vt -1.271003 0.251926 0.000000
vt -1.236267 0.251926 0.000000
vt -1.236267 0.220435 0.000000
vt -1.201530 0.220435 0.000000
vt -1.201530 0.188944 0.000000
vt -1.166793 0.188944 0.000000
vt -1.166793 0.157454 0.000000
vt -1.132057 0.157454 0.000000
vt -1.340477 0.251926 0.000000
vt -1.305740 0.251926 0.000000
vt -1.271003 0.220435 0.000000
vt -1.236267 0.188944 0.000000
vt -1.201530 0.157454 0.000000
vt -1.305740 0.188944 0.000000
vt -1.305740 0.220435 0.000000
vt -0.057226 0.062981 0.000000
vt -0.114452 0.062981 0.000000
vt -0.171678 0.062981 0.000000
vt -0.228904 0.062981 0.000000
vt -1.305740 0.157454 0.000000
vt -1.271003 0.157454 0.000000
vt -1.236267 0.157454 0.000000
vt -1.271003 0.188944 0.000000
vt -0.367850 0.062981 0.000000
vt -0.402587 0.062981 0.000000
vt -0.541534 0.062981 0.000000
vt -0.680480 0.062981 0.000000
vt -0.854164 0.062981 0.000000
vt -0.993110 0.062981 0.000000
vt -1.132057 0.062981 0.000000
vt -1.271003 0.062981 0.000000
vt -0.114452 0.157454 0.000000
vt -0.114452 0.188944 0.000000
vt -0.171678 0.157454 0.000000
vt -0.171678 0.188944 0.000000
vt -0.171678 0.220435 0.000000
vt -0.228904 0.157454 0.000000
vt -0.228904 0.188944 0.000000
vt -0.228904 0.220435 0.000000
vt -0.228904 0.251926 0.000000
vt -0.263640 0.157454 0.000000
vt -0.263640 0.188944 0.000000
vt -0.263640 0.220435 0.000000
vt -0.263640 0.251926 0.000000
vt -0.263640 0.314907 0.000000
vt -0.298377 0.157454 0.000000
vt -0.298377 0.188944 0.000000
vt -0.298377 0.220435 0.000000
vt -0.298377 0.251926 0.000000
vt -0.298377 0.314907 0.000000
vt -0.298377 0.377889 0.000000
vt -0.333114 0.157454 0.000000
vt -0.333114 0.188944 0.000000
vt -0.333114 0.220435 0.000000
vt -0.333114 0.251926 0.000000
vt -0.333114 0.314907 0.000000
vt -0.333114 0.377889 0.000000
vt -0.333114 0.440870 0.000000
vt -0.367850 0.157454 0.000000
vt -0.367850 0.188944 0.000000
vt -0.367850 0.220435 0.000000
vt -0.367850 0.251926 0.000000
vt -0.367850 0.314907 0.000000
vt -0.367850 0.377889 0.000000
vt -0.367850 0.440870 0.000000
vt -0.367850 0.503851 0.000000
vt -0.402587 0.157454 0.000000
vt -0.402587 0.188944 0.000000
vt -0.402587 0.220435 0.000000
vt -0.402587 0.251926 0.000000
vt -0.402587 0.314907 0.000000
vt -0.402587 0.377889 0.000000
vt -0.402587 0.440870 0.000000
vt -0.402587 0.503851 0.000000
vt -0.402587 0.629814 0.000000
vt -0.437324 0.157454 0.000000
vt -0.437324 0.188944 0.000000
vt -0.437324 0.220435 0.000000
vt -0.437324 0.251926 0.000000
vt -0.437324 0.314907 0.000000
vt -0.437324 0.377889 0.000000
vt -0.437324 0.440870 0.000000
vt -0.437324 0.503851 0.000000
vt -0.437324 0.629814 0.000000
vt -0.437324 0.755777 0.000000
vt -0.576270 0.157454 0.000000
vt -0.611007 0.157454 0.000000
vt -0.611007 0.188944 0.000000
vt -0.645744 0.157454 0.000000
vt -0.645744 0.188944 0.000000
vt -0.645744 0.220435 0.000000
vt -0.680480 0.188944 0.000000
vt -0.715217 0.220435 0.000000
vt -0.749954 0.251926 0.000000
vt -0.784690 0.314907 0.000000
vt -0.819427 0.377889 0.000000
vt -0.854164 0.440870 0.000000
vt -0.888900 0.503851 0.000000
vt -0.923637 0.629814 0.000000
vt -0.958374 0.755777 0.000000
vt -0.993110 0.881740 0.000000
vt -0.749954 0.157454 0.000000
vt -0.784690 0.157454 0.000000
vt -0.784690 0.188944 0.000000
vt -0.819427 0.157454 0.000000
vt -0.819427 0.188944 0.000000
vt -0.819427 0.220435 0.000000
vt -0.854164 0.188944 0.000000
vt -0.888900 0.220435 0.000000
vt -0.923637 0.251926 0.000000
vt -0.958374 0.314907 0.000000
vt -0.993110 0.377889 0.000000
vt -1.027847 0.440870 0.000000
vt -1.062584 0.503851 0.000000
vt -1.097320 0.629814 0.000000
vt -1.132057 0.755777 0.000000
vt -1.166793 0.881740 0.000000
vt -0.923637 0.157454 0.000000
vt -0.958374 0.157454 0.000000
vt -0.958374 0.188944 0.000000
vt -0.993110 0.157454 0.000000
vt -0.993110 0.188944 0.000000
vt -0.993110 0.220435 0.000000
vt -1.027847 0.157454 0.000000
vt -1.027847 0.188944 0.000000
vt -1.027847 0.220435 0.000000
vt -1.027847 0.251926 0.000000
vt -1.062584 0.157454 0.000000
vt -1.062584 0.188944 0.000000
vt -1.062584 0.220435 0.000000
vt -1.062584 0.251926 0.000000
vt -1.062584 0.314907 0.000000
vt -1.097320 0.157454 0.000000
vt -1.097320 0.188944 0.000000
vt -1.097320 0.220435 0.000000
vt -1.097320 0.251926 0.000000
vt -1.097320 0.314907 0.000000
vt -1.097320 0.377889 0.000000
vt -1.132057 0.188944 0.000000
vt -1.166793 0.220435 0.000000
vt -1.201530 0.251926 0.000000
vt -1.236267 0.314907 0.000000
vt -1.271003 0.377889 0.000000
vt -0.541534 0.314907 0.000000
vt -0.541534 0.251926 0.000000
vt -0.541534 0.220435 0.000000
vt -0.576270 0.314907 0.000000
vt -0.576270 0.251926 0.000000
vt -0.576270 0.377889 0.000000
vt -0.611007 0.377889 0.000000
vt -0.611007 0.314907 0.000000
vt -0.645744 0.377889 0.000000
vt -0.715217 0.314907 0.000000
vt -0.680480 0.251926 0.000000
vt -0.715217 0.251926 0.000000
vt -0.680480 0.220435 0.000000
vt -0.749954 0.314907 0.000000
vt -0.749954 0.377889 0.000000
vt -0.784690 0.377889 0.000000
vt -0.888900 0.314907 0.000000
vt -0.854164 0.251926 0.000000
vt -0.888900 0.251926 0.000000
vt -0.854164 0.220435 0.000000
vt -0.923637 0.314907 0.000000
vt -0.923637 0.377889 0.000000
vt -0.958374 0.377889 0.000000
vt -1.132057 0.314907 0.000000
vt -1.132057 0.251926 0.000000
vt -1.132057 0.220435 0.000000
vt -1.166793 0.314907 0.000000
vt -1.166793 0.251926 0.000000
vt -1.132057 0.377889 0.000000
vt -1.132057 0.440870 0.000000
vt -1.201530 0.314907 0.000000
vt -1.166793 0.377889 0.000000
vt -1.166793 0.440870 0.000000
vt -1.166793 0.503851 0.000000
vt -1.236267 0.377889 0.000000
vt -1.271003 0.440870 0.000000
vt -1.201530 0.377889 0.000000
vt -1.201530 0.440870 0.000000
vt -1.201530 0.503851 0.000000
vt -1.201530 0.629814 0.000000
vt -0.541534 0.503851 0.000000
vt -0.576270 0.629814 0.000000
vt -0.611007 0.755777 0.000000
vt -0.645744 0.881740 0.000000
vt -0.611007 0.440870 0.000000
vt -0.645744 0.440870 0.000000
vt -0.645744 0.503851 0.000000
vt -0.680480 0.440870 0.000000
vt -0.680480 0.503851 0.000000
vt -0.680480 0.629814 0.000000
vt -0.715217 0.503851 0.000000
vt -0.749954 0.629814 0.000000
vt -0.784690 0.755777 0.000000
vt -0.819427 0.881740 0.000000
vt -0.784690 0.440870 0.000000
vt -0.819427 0.440870 0.000000
vt -0.819427 0.503851 0.000000
vt -0.854164 0.503851 0.000000
vt -0.888900 0.629814 0.000000
vt -0.923637 0.755777 0.000000
vt -0.958374 0.881740 0.000000
vt -0.958374 0.440870 0.000000
vt -0.993110 0.440870 0.000000
vt -0.993110 0.503851 0.000000
vt -1.027847 0.503851 0.000000
vt -1.062584 0.629814 0.000000
vt -1.097320 0.755777 0.000000
vt -1.132057 0.881740 0.000000
vt -1.236267 0.440870 0.000000
vt -1.271003 0.503851 0.000000
vt -1.236267 0.503851 0.000000
vt -1.236267 0.629814 0.000000
vt -1.236267 0.755777 0.000000
vt -0.171678 0.629814 0.000000
vt -0.228904 0.629814 0.000000
vt -0.228904 0.755777 0.000000
vt -0.263640 0.755777 0.000000
vt -0.298377 0.881740 0.000000
vt -0.541534 0.629814 0.000000
vt -0.541534 0.755777 0.000000
vt -0.576270 0.755777 0.000000
vt -0.611007 0.881740 0.000000
vt -0.715217 0.629814 0.000000
vt -0.715217 0.755777 0.000000
vt -0.749954 0.755777 0.000000
vt -0.784690 0.881740 0.000000
vt -0.854164 0.629814 0.000000
vt -0.888900 0.755777 0.000000
vt -1.027847 0.629814 0.000000
vt -1.062584 0.755777 0.000000
vt -1.271003 0.629814 0.000000
vt -1.271003 0.755777 0.000000
vt -0.093000 3.158074 0.000000
vt -0.000000 3.160386 0.000000
vt -0.093000 3.229042 0.000000
vt -0.093000 -3.229042 0.000000
vt 0.000000 -3.297698 0.000000
vt -0.000000 -3.228075 0.000000
vt -0.093000 -3.158074 0.000000
vt -0.000000 -3.158452 0.000000
vt -0.000000 -3.088829 0.000000
vt -0.000000 3.090763 0.000000
vt -0.093000 3.087106 0.000000
vt -0.000000 3.021140 0.000000
vt -0.093000 3.016138 0.000000
vt -0.000000 2.951517 0.000000
vt -0.093000 2.945170 0.000000
vt -0.000000 2.881894 0.000000
vt -0.093000 2.874202 0.000000
vt -0.000000 2.812271 0.000000
vt -0.093000 2.803234 0.000000
vt -0.000000 2.742648 0.000000
vt -0.093000 2.732266 0.000000
vt -0.000000 2.673025 0.000000
vt -0.093000 2.661298 0.000000
vt -0.000000 2.603402 0.000000
vt -0.093000 2.590330 0.000000
vt -0.000000 2.533779 0.000000
vt -0.093000 2.519362 0.000000
vt -0.000000 2.464156 0.000000
vt -0.093000 2.448395 0.000000
vt -0.000000 2.394533 0.000000
vt -0.093000 2.377427 0.000000
vt -0.000000 2.324910 0.000000
vt -0.093000 2.306459 0.000000
vt -0.000000 2.254031 0.000000
vt -0.093000 2.235491 0.000000
vt -0.000000 2.183151 0.000000
vt -0.093000 2.164523 0.000000
vt -0.000000 2.112272 0.000000
vt -0.093000 2.093555 0.000000
vt -0.000000 2.041393 0.000000
vt -0.093000 2.022587 0.000000
vt -0.000000 1.970513 0.000000
vt -0.093000 1.951619 0.000000
vt -0.000000 1.899634 0.000000
vt -0.093000 1.880651 0.000000
vt -0.000000 1.828754 0.000000
vt -0.093000 1.809683 0.000000
vt -0.000000 1.757875 0.000000
vt -0.093000 1.738715 0.000000
vt -0.000000 1.686996 0.000000
vt -0.093000 1.667747 0.000000
vt -0.000000 1.616116 0.000000
vt -0.093000 1.596779 0.000000
vt -0.000000 1.545237 0.000000
vt -0.093000 1.525811 0.000000
vt -0.000000 1.474357 0.000000
vt -0.093000 1.454843 0.000000
vt -0.000000 1.403478 0.000000
vt -0.093000 1.383875 0.000000
vt -0.000000 1.332599 0.000000
vt -0.093000 1.312907 0.000000
vt -0.000000 1.261719 0.000000
vt -0.093000 1.241939 0.000000
vt -0.000000 1.190840 0.000000
vt -0.093000 1.170971 0.000000
vt -0.000000 1.119960 0.000000
vt -0.093000 1.100003 0.000000
vt -0.000000 1.049081 0.000000
vt -0.093000 1.029035 0.000000
vt -0.000000 0.978202 0.000000
vt -0.093000 0.958067 0.000000
vt -0.000000 0.907322 0.000000
vt -0.093000 0.887099 0.000000
vt -0.000000 0.836443 0.000000
vt -0.093000 0.816132 0.000000
vt -0.000000 0.766820 0.000000
vt -0.093000 0.745164 0.000000
vt -0.000000 0.697197 0.000000
vt -0.093000 0.674196 0.000000
vt -0.000000 0.627574 0.000000
vt -0.093000 0.603228 0.000000
vt -0.000000 0.557951 0.000000
vt -0.093000 0.532260 0.000000
vt -0.000000 0.488328 0.000000
vt -0.093000 0.461292 0.000000
vt -0.000000 0.418705 0.000000
vt -0.093000 0.390324 0.000000
vt -0.000000 0.349082 0.000000
vt -0.093000 0.319356 0.000000
vt -0.000000 0.279459 0.000000
vt -0.093000 0.248388 0.000000
vt -0.000000 0.209836 0.000000
vt -0.093000 0.177420 0.000000
vt -0.000000 0.140213 0.000000
vt -0.093000 0.106452 0.000000
vt -0.000000 0.070590 0.000000
vt -0.093000 0.035484 0.000000
vt -0.000000 0.000967 0.000000
vt -0.093000 -0.035484 0.000000
vt -0.000000 -0.068656 0.000000
vt -0.093000 -0.106452 0.000000
vt -0.000000 -0.138279 0.000000
vt -0.093000 -0.177420 0.000000
vt -0.000000 -0.207902 0.000000
vt -0.093000 -0.248388 0.000000
vt -0.000000 -0.277525 0.000000
vt -0.093000 -0.319356 0.000000
vt -0.000000 -0.347148 0.000000
vt -0.093000 -0.390324 0.000000
vt -0.000000 -0.416771 0.000000
vt -0.093000 -0.461292 0.000000
vt -0.000000 -0.486394 0.000000
vt -0.093000 -0.532260 0.000000
vt -0.000000 -0.556017 0.000000
vt -0.093000 -0.603228 0.000000
vt -0.000000 -0.625640 0.000000
vt -0.093000 -0.674196 0.000000
vt -0.000000 -0.695263 0.000000
vt -0.093000 -0.745164 0.000000
vt -0.000000 -0.764886 0.000000
vt -0.093000 -0.816132 0.000000
vt -0.000000 -0.834509 0.000000
vt -0.093000 -0.887099 0.000000
vt -0.000000 -0.904132 0.000000
vt -0.093000 -0.958067 0.000000
vt -0.000000 -0.975011 0.000000
vt -0.093000 -1.029035 0.000000
vt -0.000000 -1.045891 0.000000
vt -0.093000 -1.100003 0.000000
vt -0.000000 -1.116770 0.000000
vt -0.093000 -1.170971 0.000000
vt -0.000000 -1.187649 0.000000
vt -0.093000 -1.241939 0.000000
vt -0.000000 -1.258529 0.000000
vt -0.093000 -1.312907 0.000000
vt -0.000000 -1.329408 0.000000
vt -0.093000 -1.383875 0.000000
vt -0.000000 -1.400288 0.000000
vt -0.093000 -1.454843 0.000000
vt -0.000000 -1.471167 0.000000
vt -0.093000 -1.525811 0.000000
vt -0.000000 -1.542046 0.000000
vt -0.093000 -1.596779 0.000000
vt -0.000000 -1.612926 0.000000
vt -0.093000 -1.667747 0.000000
vt -0.000000 -1.683805 0.000000
vt -0.093000 -1.738715 0.000000
vt -0.000000 -1.754685 0.000000
vt -0.093000 -1.809683 0.000000
vt -0.000000 -1.825564 0.000000
vt -0.093000 -1.880651 0.000000
vt -0.000000 -1.896443 0.000000
vt -0.093000 -1.951619 0.000000
vt -0.000000 -1.967323 0.000000
vt -0.093000 -2.022587 0.000000
vt -0.000000 -2.038202 0.000000
vt -0.093000 -2.093555 0.000000
vt -0.000000 -2.109082 0.000000
vt -0.093000 -2.164523 0.000000
vt -0.000000 -2.179961 0.000000
vt -0.093000 -2.235491 0.000000
vt -0.000000 -2.250840 0.000000
vt -0.093000 -2.306459 0.000000
vt -0.000000 -2.321720 0.000000
vt -0.093000 -2.377427 0.000000
vt -0.000000 -2.392599 0.000000
vt -0.093000 -2.448395 0.000000
vt -0.000000 -2.462222 0.000000
vt -0.093000 -2.519362 0.000000
vt -0.000000 -2.531845 0.000000
vt -0.093000 -2.590330 0.000000
vt -0.000000 -2.601468 0.000000
vt -0.093000 -2.661298 0.000000
vt -0.000000 -2.671091 0.000000
vt -0.093000 -2.732266 0.000000
vt -0.000000 -2.740714 0.000000
vt -0.093000 -2.803234 0.000000
vt -0.000000 -2.810337 0.000000
vt -0.093000 -2.874202 0.000000
vt -0.000000 -2.879960 0.000000
vt -0.093000 -2.945170 0.000000
vt -0.000000 -2.949583 0.000000
vt -0.093000 -3.016138 0.000000
vt -0.000000 -3.019206 0.000000
vt -0.093000 -3.087106 0.000000
vt 0.834544 -0.064072 0.000000
vt 1.027224 -0.035477 0.000000
vt 0.837000 0.000000 0.000000
vt 1.027224 0.035477 0.000000
vt 0.834544 0.064072 0.000000
vt 1.022328 0.106262 0.000000
vt 0.827191 0.127767 0.000000
vt 1.012561 0.176540 0.000000
vt 0.814983 0.190713 0.000000
vt 0.997969 0.245977 0.000000
vt 0.797993 0.252540 0.000000
vt 0.978621 0.314242 0.000000
vt 0.776320 0.312885 0.000000
vt 0.954609 0.381010 0.000000
vt 0.926048 0.445961 0.000000
vt 1.022328 -0.106262 0.000000
vt 0.827191 -0.127767 0.000000
vt 1.012561 -0.176540 0.000000
vt 0.814983 -0.190713 0.000000
vt 0.997969 -0.245977 0.000000
vt 0.797993 -0.252540 0.000000
vt 0.978621 -0.314242 0.000000
vt 0.776320 -0.312885 0.000000
vt 0.954609 -0.381010 0.000000
vt 0.926048 -0.445961 0.000000
vt 0.750091 -0.371394 0.000000
vt 0.893074 -0.508788 0.000000
vt 0.719460 -0.427723 0.000000
vt 0.855845 -0.569190 0.000000
vt 0.684607 -0.481542 0.000000
vt 0.814536 -0.626879 0.000000
vt 0.645736 -0.532535 0.000000
vt 0.769346 -0.681581 0.000000
vt 0.603077 -0.580403 0.000000
vt 0.720490 -0.733035 0.000000
vt 0.556878 -0.624865 0.000000
vt 0.668200 -0.780996 0.000000
vt 0.507411 -0.665660 0.000000
vt 0.612726 -0.825235 0.000000
vt 0.454966 -0.702549 0.000000
vt 0.554333 -0.865542 0.000000
vt 0.399851 -0.735315 0.000000
vt 0.493297 -0.901723 0.000000
vt 0.429911 -0.933608 0.000000
vt 0.342390 -0.763766 0.000000
vt 0.364476 -0.961043 0.000000
vt 0.282920 -0.787734 0.000000
vt 0.297304 -0.983899 0.000000
vt 0.221790 -0.807080 0.000000
vt 0.228715 -1.002066 0.000000
vt 0.159357 -0.821690 0.000000
vt 0.159036 -1.015458 0.000000
vt 0.095990 -0.831478 0.000000
vt 0.088600 -1.024010 0.000000
vt 0.032059 -0.836386 0.000000
vt 0.017741 -1.027683 0.000000
vt -0.032059 -0.836386 0.000000
vt -0.053202 -1.026458 0.000000
vt -0.095990 -0.831478 0.000000
vt -0.123892 -1.020342 0.000000
vt -0.159357 -0.821690 0.000000
vt -0.193991 -1.009363 0.000000
vt -0.263166 -0.993575 0.000000
vt -0.221790 -0.807080 0.000000
vt -0.331087 -0.973051 0.000000
vt -0.282920 -0.787734 0.000000
vt -0.397430 -0.947890 0.000000
vt -0.342390 -0.763766 0.000000
vt -0.461879 -0.918213 0.000000
vt -0.399851 -0.735315 0.000000
vt -0.524127 -0.884159 0.000000
vt -0.454966 -0.702549 0.000000
vt -0.583877 -0.845892 0.000000
vt -0.507411 -0.665660 0.000000
vt -0.640845 -0.803595 0.000000
vt -0.556878 -0.624865 0.000000
vt -0.694759 -0.757467 0.000000
vt -0.603077 -0.580403 0.000000
vt -0.745362 -0.707730 0.000000
vt -0.645736 -0.532535 0.000000
vt -0.792413 -0.654620 0.000000
vt -0.835688 -0.598391 0.000000
vt -0.684607 -0.481542 0.000000
vt -0.874981 -0.539310 0.000000
vt -0.719460 -0.427723 0.000000
vt -0.910104 -0.477659 0.000000
vt -0.750091 -0.371394 0.000000
vt -0.940889 -0.413732 0.000000
vt -0.776320 -0.312885 0.000000
vt -0.967191 -0.347833 0.000000
vt -0.797993 -0.252540 0.000000
vt -0.988884 -0.280277 0.000000
vt -0.814983 -0.190713 0.000000
vt -1.005864 -0.211385 0.000000
vt -0.827191 -0.127767 0.000000
vt -1.018051 -0.141485 0.000000
vt -0.834544 -0.064072 0.000000
vt -1.025387 -0.070912 0.000000
vt -0.837000 0.000000 0.000000
vt -1.027836 0.000000 0.000000
vt -1.025387 0.070912 0.000000
vt -0.834544 0.064072 0.000000
vt -1.018051 0.141485 0.000000
vt -0.827191 0.127767 0.000000
vt -1.005864 0.211385 0.000000
vt -0.814983 0.190713 0.000000
vt -0.988884 0.280277 0.000000
vt -0.797993 0.252540 0.000000
vt -0.967191 0.347833 0.000000
vt -0.776320 0.312885 0.000000
vt -0.940889 0.413732 0.000000
vt -0.750091 0.371394 0.000000
vt -0.910104 0.477659 0.000000
vt -0.719460 0.427723 0.000000
vt -0.874981 0.539310 0.000000
vt -0.684607 0.481542 0.000000
vt -0.835688 0.598391 0.000000
vt -0.645736 0.532535 0.000000
vt -0.792413 0.654620 0.000000
vt -0.745362 0.707730 0.000000
vt -0.603077 0.580403 0.000000
vt -0.694759 0.757467 0.000000
vt -0.556878 0.624865 0.000000
vt -0.640845 0.803595 0.000000
vt -0.507411 0.665660 0.000000
vt -0.583877 0.845892 0.000000
vt -0.454966 0.702549 0.000000
vt -0.524127 0.884159 0.000000
vt -0.399851 0.735315 0.000000
vt -0.461879 0.918213 0.000000
vt -0.342390 0.763766 0.000000
vt -0.397430 0.947890 0.000000
vt -0.282920 0.787734 0.000000
vt -0.331087 0.973051 0.000000
vt -0.221790 0.807080 0.000000
vt -0.263166 0.993575 0.000000
vt -0.159357 0.821690 0.000000
vt -0.193991 1.009363 0.000000
vt -0.123892 1.020342 0.000000
vt -0.095990 0.831478 0.000000
vt -0.053202 1.026458 0.000000
vt -0.032059 0.836386 0.000000
vt 0.017741 1.027683 0.000000
vt 0.032059 0.836386 0.000000
vt 0.088600 1.024010 0.000000
vt 0.095990 0.831478 0.000000
vt 0.159036 1.015458 0.000000
vt 0.159357 0.821690 0.000000
vt 0.228715 1.002066 0.000000
vt 0.221790 0.807080 0.000000
vt 0.297304 0.983899 0.000000
vt 0.282920 0.787734 0.000000
vt 0.364476 0.961043 0.000000
vt 0.342390 0.763766 0.000000
vt 0.429911 0.933608 0.000000
vt 0.399851 0.735315 0.000000
vt 0.493297 0.901723 0.000000
vt 0.554333 0.865542 0.000000
vt 0.454966 0.702549 0.000000
vt 0.612726 0.825235 0.000000
vt 0.507411 0.665660 0.000000
vt 0.668200 0.780996 0.000000
vt 0.556878 0.624865 0.000000
vt 0.720490 0.733035 0.000000
vt 0.603077 0.580403 0.000000
vt 0.769346 0.681581 0.000000
vt 0.645736 0.532535 0.000000
vt 0.814536 0.626879 0.000000
vt 0.684607 0.481542 0.000000
vt 0.855845 0.569190 0.000000
vt 0.719460 0.427723 0.000000
vt 0.893074 0.508788 0.000000
vt 0.750091 0.371394 0.000000
vt -0.000000 1.080549 0.000000
vt 0.045502 1.081512 0.000000
vt -0.000000 1.395000 0.000000
vt 0.090880 1.078535 0.000000
vt 0.135654 1.071651 0.000000
vt 0.179350 1.060932 0.000000
vt 0.221505 1.046493 0.000000
vt 0.261672 1.028485 0.000000
vt 0.920846 1.395000 0.000000
vt 0.299426 1.007101 0.000000
vt 0.334367 0.982565 0.000000
vt 0.366125 0.955139 0.000000
vt 0.394363 0.925113 0.000000
vt 0.418783 0.892804 0.000000
vt 0.439126 0.858555 0.000000
vt 0.455176 0.822729 0.000000
vt 0.466763 0.785705 0.000000
vt 0.473765 0.747875 0.000000
vt 0.476107 0.709641 0.000000
vt 0.920846 0.000000 0.000000
vt 0.473765 0.671406 0.000000
vt 0.466763 0.633576 0.000000
vt 0.455176 0.596552 0.000000
vt 0.439126 0.560726 0.000000
vt 0.418783 0.526477 0.000000
vt 0.394363 0.494169 0.000000
vt 0.366125 0.464142 0.000000
vt 0.334367 0.436716 0.000000
vt 0.299426 0.412181 0.000000
vt -0.000000 0.000000 0.000000
vt 0.261672 0.390796 0.000000
vt 0.221505 0.372789 0.000000
vt 0.179350 0.358349 0.000000
vt 0.135654 0.347631 0.000000
vt 0.090880 0.340747 0.000000
vt 0.045502 0.337770 0.000000
vt -0.000000 0.338732 0.000000
vt -0.000000 0.000000 0.000000
vt 0.592238 0.000000 0.000000
vt -0.000000 1.395000 0.000000
vt 0.592238 1.395000 0.000000
vt 0.000000 0.000000 0.000000
vt 1.080069 0.000000 0.000000
vt 0.000000 0.174375 0.000000
vt 0.000000 0.348750 0.000000
vt 0.000000 0.523125 0.000000
vt 0.000000 0.697500 0.000000
vt 1.080069 1.395000 0.000000
vt 0.000000 0.871875 0.000000
vt 0.000000 1.046250 0.000000
vt 0.000000 1.220625 0.000000
vt 0.000000 1.395000 0.000000
vt 1.080069 0.000000 0.000000
vt 1.080069 0.174375 0.000000
vt 0.000000 0.000000 0.000000
vt 1.080069 0.348750 0.000000
vt 1.080069 0.697500 0.000000
vt 0.000000 1.395000 0.000000
vt 1.080069 0.871875 0.000000
vt 1.080069 1.046250 0.000000
vt 1.080069 1.220625 0.000000
vt 1.080069 1.395000 0.000000
vt -0.000000 0.000000 0.000000
vt 0.592238 0.000000 0.000000
vt -0.000000 1.395000 0.000000
vt 0.592238 1.395000 0.000000
vt -0.767866 -0.371940 0.000000
vt 0.006695 0.126069 0.000000
vt -1.360104 -0.371940 0.000000
vt -0.596771 0.392174 0.000000
vt -0.447676 0.389547 0.000000
vt -0.298581 0.386920 0.000000
vt -0.149486 0.384293 0.000000
vt -0.000391 0.381667 0.000000
vt 0.297800 0.376413 0.000000
vt 0.595990 0.371159 0.000000
vt 1.360104 -0.392174 0.000000
vt 0.767866 -0.392174 0.000000
vt -0.371940 -0.767866 0.000000
vt -0.371940 -1.360104 0.000000
vt 0.126069 0.006695 0.000000
vt 0.392174 -0.596771 0.000000
vt 0.389547 -0.447676 0.000000
vt 0.386920 -0.298581 0.000000
vt 0.384293 -0.149486 0.000000
vt 0.381667 -0.000391 0.000000
vt 0.379040 0.148705 0.000000
vt 0.376413 0.297800 0.000000
vt 0.373786 0.446895 0.000000
vt 0.371159 0.595990 0.000000
vt -0.392174 1.360104 0.000000
vt -0.392174 0.767866 0.000000
vn 0.000000 0.000000 0.100000
vn 0.000000 0.000000 0.100000
vn 0.000000 0.000000 0.100000
vn 0.000000 0.000000 0.100000
vn 0.000000 0.000000 0.100000
vn 0.000000 0.000000 0.100000
vn 0.000000 0.000000 0.100000
vn 0.000000 0.000000 0.100000
vn 0.000000 0.000000 0.100000
vn 0.000000 0.000000 0.100000
vn 0.000000 0.000000 0.100000
vn 0.000000 0.000000 0.100000
vn 0.000000 0.000000 0.100000
vn 0.000000 0.000000 0.100000
vn 0.000000 0.000000 0.100000
vn 0.000000 0.000000 0.100000
vn 0.000000 0.000000 0.100000
vn 0.000000 0.000000 0.100000
vn 0.000000 0.000000 0.100000
vn 0.000000 0.000000 0.100000
vn 0.000000 0.000000 0.100000
vn 0.000000 0.000000 0.100000
vn 0.000000 0.000000 0.100000
vn 0.000000 0.000000 0.100000
vn 0.000000 0.000000 0.100000
vn 0.000000 0.000000 0.100000
vn 0.000000 0.000000 0.100000
vn 0.000000 0.000000 0.100000
vn 0.000000 0.000000 0.100000
vn 0.000000 0.000000 0.100000
vn 0.000000 0.000000 0.100000
vn 0.000000 0.000000 0.100000
vn 0.000000 0.000000 0.100000
vn 0.000000 0.000000 0.100000
vn 0.000000 0.000000 0.100000
vn 0.000000 0.000000 0.100000
vn 0.000000 0.000000 0.100000
vn 0.000000 0.000000 0.100000
vn 0.000000 0.000000 0.100000
vn 0.000000 0.000000 0.100000
vn 0.000000 0.000000 0.100000
vn 0.000000 0.000000 0.100000
vn 0.000000 0.000000 0.100000
vn 0.000000 0.000000 0.100000
vn 0.000000 0.000000 0.100000
vn 0.000000 0.000000 0.100000
vn 0.000000 0.000000 0.100000
vn 0.000000 0.000000 0.100000
vn 0.000000 0.000000 0.100000
vn 0.000000 0.000000 0.100000
vn 0.000000 0.000000 0.100000
vn 0.000000 0.000000 0.100000
vn 0.000000 0.000000 0.100000
vn 0.000000 0.000000 0.100000
vn 0.000000 0.000000 0.100000
vn 0.000000 0.000000 0.100000
vn 0.000000 0.000000 0.100000
vn 0.000000 0.000000 0.100000
vn 0.000000 0.000000 0.100000
vn 0.000000 0.000000 0.100000
vn 0.000000 0.000000 0.100000
vn 0.000000 0.000000 0.100000
vn 0.000000 0.000000 0.100000
vn 0.000000 0.000000 0.100000
vn 0.000000 0.000000 0.100000
vn 0.000000 0.000000 0.100000
vn 0.000000 0.000000 0.100000
vn 0.000000 0.000000 0.100000
vn 0.000000 0.000000 0.100000
vn 0.000000 0.000000 0.100000
vn 0.000000 0.000000 0.100000
vn 0.000000 0.000000 0.100000
vn 0.000000 0.000000 0.100000
vn 0.000000 0.000000 0.100000
vn 0.000000 0.000000 0.100000
vn 0.000000 0.000000 0.100000
vn 0.000000 0.000000 0.100000
vn 0.000000 0.000000 0.100000
vn 0.000000 0.000000 0.100000
vn 0.000000 0.000000 0.100000
vn 0.000000 0.000000 0.100000
vn 0.000000 0.000000 0.100000
vn 0.000000 0.000000 0.100000
vn 0.000000 0.000000 0.100000
vn 0.000000 0.000000 0.100000
vn 0.000000 0.000000 0.100000
vn 0.000000 0.000000 0.100000
vn 0.000000 0.000000 0.100000
vn 0.000000 0.000000 0.100000
vn 0.000000 0.000000 0.100000
vn 0.000000 0.000000 0.100000
vn 0.000000 0.000000 0.100000
vn 0.000000 0.000000 0.100000
vn 0.000000 0.000000 0.100000
vn 0.000000 0.000000 0.100000
vn 0.000000 0.000000 0.100000
vn 0.000000 0.000000 0.100000
vn 0.000000 0.000000 0.100000
vn 0.000000 0.000000 0.100000
vn 0.000000 0.000000 0.100000
vn 0.000000 0.000000 0.100000
vn 0.000000 0.000000 0.100000
vn 0.000000 0.000000 0.100000
vn 0.000000 0.000000 0.100000
vn 0.000000 0.000000 0.100000
vn 0.000000 0.000000 0.100000
vn 0.000000 0.000000 0.100000
vn 0.000000 0.000000 0.100000
vn 0.000000 0.000000 0.100000
vn 0.000000 0.000000 0.100000
vn 0.000000 0.000000 0.100000
vn 0.000000 0.000000 0.100000
vn 0.000000 0.000000 0.100000
vn 0.000000 0.000000 0.100000
vn 0.000000 0.000000 0.100000
vn 0.000000 0.000000 0.100000
vn 0.000000 0.000000 0.100000
vn 0.000000 0.000000 0.100000
vn 0.000000 0.000000 0.100000
vn 0.000000 0.000000 0.100000
vn 0.000000 0.000000 0.100000
vn 0.000000 0.000000 0.100000
vn 0.000000 0.000000 0.100000
vn 0.000000 0.000000 0.100000
vn 0.000000 0.000000 0.100000
vn 0.000000 0.000000 0.100000
vn 0.000000 0.000000 0.100000
vn 0.000000 0.000000 0.100000
vn 0.000000 0.000000 0.100000
vn 0.000000 0.000000 0.100000
vn 0.000000 0.000000 0.100000
vn 0.000000 0.000000 0.100000
vn 0.000000 0.000000 0.100000
vn 0.000000 0.000000 0.100000
vn 0.000000 0.000000 0.100000
vn 0.000000 0.000000 0.100000
vn 0.000000 0.000000 0.100000
vn -0.099707 -0.007655 0.000000
vn -0.099707 -0.007655 0.000000
vn -0.100000 0.000000 0.000000
vn -0.100000 0.000000 0.000000
vn -0.099707 0.007655 0.000000
vn -0.099707 0.007655 0.000000
vn -0.098828 0.015265 0.000000
vn -0.098828 0.015265 0.000000
vn -0.097370 0.022785 0.000000
vn -0.097370 0.022785 0.000000
vn -0.095340 0.030172 0.000000
vn -0.095340 0.030172 0.000000
vn -0.092750 0.037382 0.000000
vn -0.092750 0.037382 0.000000
vn -0.089617 0.044372 0.000000
vn -0.089617 0.044372 0.000000
vn -0.085957 0.051102 0.000000
vn -0.085957 0.051102 0.000000
vn -0.081793 0.057532 0.000000
vn -0.081793 0.057532 0.000000
vn -0.077149 0.063624 0.000000
vn -0.077149 0.063624 0.000000
vn -0.072052 0.069343 0.000000
vn -0.072052 0.069343 0.000000
vn -0.066533 0.074655 0.000000
vn -0.066533 0.074655 0.000000
vn -0.060623 0.079529 0.000000
vn -0.060623 0.079529 0.000000
vn -0.054357 0.083937 0.000000
vn -0.054357 0.083937 0.000000
vn -0.047772 0.087851 0.000000
vn -0.047772 0.087851 0.000000
vn -0.040907 0.091250 0.000000
vn -0.040907 0.091250 0.000000
vn -0.033802 0.094114 0.000000
vn -0.033802 0.094114 0.000000
vn -0.026498 0.096425 0.000000
vn -0.026498 0.096425 0.000000
vn -0.019039 0.098171 0.000000
vn -0.019039 0.098171 0.000000
vn -0.011468 0.099340 0.000000
vn -0.011468 0.099340 0.000000
vn -0.003830 0.099927 0.000000
vn -0.003830 0.099927 0.000000
vn 0.003830 0.099927 0.000000
vn 0.003830 0.099927 0.000000
vn 0.011468 0.099340 0.000000
vn 0.011468 0.099340 0.000000
vn 0.019039 0.098171 0.000000
vn 0.019039 0.098171 0.000000
vn 0.026498 0.096425 0.000000
vn 0.026498 0.096425 0.000000
vn 0.033802 0.094114 0.000000
vn 0.033802 0.094114 0.000000
vn 0.040907 0.091250 0.000000
vn 0.040907 0.091250 0.000000
vn 0.047772 0.087851 0.000000
vn 0.047772 0.087851 0.000000
vn 0.054357 0.083937 0.000000
vn 0.054357 0.083937 0.000000
vn 0.060623 0.079529 0.000000
vn 0.060623 0.079529 0.000000
vn 0.066533 0.074655 0.000000
vn 0.066533 0.074655 0.000000
vn 0.072052 0.069343 0.000000
vn 0.072052 0.069343 0.000000
vn 0.077149 0.063624 0.000000
vn 0.077149 0.063624 0.000000
vn 0.081793 0.057532 0.000000
vn 0.081793 0.057532 0.000000
vn 0.085957 0.051102 0.000000
vn 0.085957 0.051102 0.000000
vn 0.089617 0.044372 0.000000
vn 0.089617 0.044372 0.000000
vn 0.092750 0.037382 0.000000
vn 0.092750 0.037382 0.000000
vn 0.095340 0.030172 0.000000
vn 0.095340 0.030172 0.000000
vn 0.097370 0.022785 0.000000
vn 0.097370 0.022785 0.000000
vn 0.098828 0.015265 0.000000
vn 0.098828 0.015265 0.000000
vn 0.099707 0.007655 0.000000
vn 0.099707 0.007655 0.000000
vn 0.100000 0.000000 0.000000
vn 0.100000 0.000000 0.000000
vn 0.099707 -0.007655 0.000000
vn 0.099707 -0.007655 0.000000
vn 0.098828 -0.015265 0.000000
vn 0.098828 -0.015265 0.000000
vn 0.097370 -0.022785 0.000000
vn 0.097370 -0.022785 0.000000
vn 0.095340 -0.030172 0.000000
vn 0.095340 -0.030172 0.000000
vn 0.092750 -0.037382 0.000000
vn 0.092750 -0.037382 0.000000
vn 0.089617 -0.044372 0.000000
vn 0.089617 -0.044372 0.000000
vn 0.085957 -0.051102 0.000000
vn 0.085957 -0.051102 0.000000
vn 0.081793 -0.057532 0.000000
vn 0.081793 -0.057532 0.000000
vn 0.077149 -0.063624 0.000000
vn 0.077149 -0.063624 0.000000
vn 0.072052 -0.069343 0.000000
vn 0.072052 -0.069343 0.000000
vn 0.066533 -0.074655 0.000000
vn 0.066533 -0.074655 0.000000
vn 0.060623 -0.079529 0.000000
vn 0.060623 -0.079529 0.000000
vn 0.054357 -0.083937 0.000000
vn 0.054357 -0.083937 0.000000
vn 0.047772 -0.087851 0.000000
vn 0.047772 -0.087851 0.000000
vn 0.040907 -0.091250 0.000000
vn 0.040907 -0.091250 0.000000
vn 0.033802 -0.094114 0.000000
vn 0.033802 -0.094114 0.000000
vn 0.026498 -0.096425 0.000000
vn 0.026498 -0.096425 0.000000
vn 0.019039 -0.098171 0.000000
vn 0.019039 -0.098171 0.000000
vn 0.011468 -0.099340 0.000000
vn 0.011468 -0.099340 0.000000
vn 0.003830 -0.099927 0.000000
vn 0.003830 -0.099927 0.000000
vn -0.003830 -0.099927 0.000000
vn -0.003830 -0.099927 0.000000
vn -0.011468 -0.099340 0.000000
vn -0.011468 -0.099340 0.000000
vn -0.019039 -0.098171 0.000000
vn -0.019039 -0.098171 0.000000
vn -0.026498 -0.096425 0.000000
vn -0.026498 -0.096425 0.000000
vn -0.033802 -0.094114 0.000000
vn -0.033802 -0.094114 0.000000
vn -0.040907 -0.091250 0.000000
vn -0.040907 -0.091250 0.000000
vn -0.047772 -0.087851 0.000000
vn -0.047772 -0.087851 0.000000
vn -0.054357 -0.083937 0.000000
vn -0.054357 -0.083937 0.000000
vn -0.060623 -0.079529 0.000000
vn -0.060623 -0.079529 0.000000
vn -0.066533 -0.074655 0.000000
vn -0.066533 -0.074655 0.000000
vn -0.072052 -0.069343 0.000000
vn -0.072052 -0.069343 0.000000
vn -0.077149 -0.063624 0.000000
vn -0.077149 -0.063624 0.000000
vn -0.081793 -0.057532 0.000000
vn -0.081793 -0.057532 0.000000
vn -0.085957 -0.051102 0.000000
vn -0.085957 -0.051102 0.000000
vn -0.089617 -0.044372 0.000000
vn -0.089617 -0.044372 0.000000
vn -0.092750 -0.037382 0.000000
vn -0.092750 -0.037382 0.000000
vn -0.095340 -0.030172 0.000000
vn -0.095340 -0.030172 0.000000
vn -0.097370 -0.022785 0.000000
vn -0.097370 -0.022785 0.000000
vn -0.098828 -0.015265 0.000000
vn -0.098828 -0.015265 0.000000
vn 0.002635 0.099965 0.000000
vn -0.002856 0.099959 0.000000
vn -0.007654 0.099707 0.000000
vn -0.014231 0.098982 0.000000
vn -0.016918 0.098558 0.000000
vn -0.025422 0.096715 0.000000
vn -0.026035 0.096551 0.000000
vn -0.036281 0.093186 0.000000
vn -0.034925 0.093703 0.000000
vn -0.043511 0.090038 0.000000
vn -0.046667 0.088443 0.000000
vn -0.051717 0.085588 0.000000
vn -0.056444 0.082547 0.000000
vn -0.059473 0.080392 0.000000
vn -0.065486 0.075575 0.000000
vn -0.066711 0.074496 0.000000
vn -0.073674 0.067617 0.000000
vn -0.073367 0.067951 0.000000
vn -0.079384 0.060813 0.000000
vn -0.080902 0.058779 0.000000
vn -0.084709 0.053146 0.000000
vn -0.087075 0.049173 0.000000
vn -0.089295 0.045015 0.000000
vn -0.092112 0.038927 0.000000
vn -0.093104 0.036492 0.000000
vn -0.095949 0.028173 0.000000
vn -0.096101 0.027651 0.000000
vn -0.098261 0.018569 0.000000
vn -0.098535 0.017052 0.000000
vn -0.099564 0.009325 0.000000
vn -0.099837 0.005709 0.000000
vn -0.100000 0.000000 0.000000
vn -0.099837 -0.005709 0.000000
vn -0.099564 -0.009325 0.000000
vn -0.098535 -0.017052 0.000000
vn -0.098261 -0.018569 0.000000
vn -0.095949 -0.028173 0.000000
vn -0.096101 -0.027651 0.000000
vn -0.093104 -0.036492 0.000000
vn -0.092112 -0.038927 0.000000
vn -0.089295 -0.045015 0.000000
vn -0.087075 -0.049173 0.000000
vn -0.084709 -0.053146 0.000000
vn -0.080902 -0.058779 0.000000
vn -0.079384 -0.060813 0.000000
vn -0.073674 -0.067617 0.000000
vn -0.073367 -0.067951 0.000000
vn -0.066711 -0.074496 0.000000
vn -0.065486 -0.075575 0.000000
vn -0.059473 -0.080392 0.000000
vn -0.056444 -0.082547 0.000000
vn -0.051717 -0.085588 0.000000
vn -0.046667 -0.088443 0.000000
vn -0.043511 -0.090038 0.000000
vn -0.036281 -0.093186 0.000000
vn -0.034925 -0.093703 0.000000
vn -0.025422 -0.096715 0.000000
vn -0.026035 -0.096551 0.000000
vn -0.016918 -0.098558 0.000000
vn -0.014231 -0.098982 0.000000
vn -0.007654 -0.099707 0.000000
vn -0.002856 -0.099959 0.000000
vn 0.002635 -0.099965 0.000000
vn 0.008558 -0.099633 0.000000
vn 0.012895 -0.099165 0.000000
vn 0.019859 -0.098008 0.000000
vn 0.023019 -0.097315 0.000000
vn 0.030902 -0.095106 0.000000
vn 0.032899 -0.094433 0.000000
vn 0.041542 -0.090963 0.000000
vn 0.042431 -0.090552 0.000000
vn 0.051640 -0.085635 0.000000
vn 0.051513 -0.085711 0.000000
vn 0.060050 -0.079962 0.000000
vn 0.061065 -0.079190 0.000000
vn 0.067951 -0.073367 0.000000
vn 0.069694 -0.071713 0.000000
vn 0.075132 -0.065994 0.000000
vn 0.077414 -0.063301 0.000000
vn 0.081517 -0.057923 0.000000
vn 0.084125 -0.054064 0.000000
vn 0.087038 -0.049237 0.000000
vn 0.089740 -0.044122 0.000000
vn 0.091638 -0.040031 0.000000
vn 0.094184 -0.033605 0.000000
vn 0.095267 -0.030400 0.000000
vn 0.097401 -0.022650 0.000000
vn 0.097887 -0.020447 0.000000
vn 0.099348 -0.011399 0.000000
vn 0.099470 -0.010278 0.000000
vn 0.100000 -0.000000 0.000000
vn 0.100000 -0.000000 0.000000
vn 0.099470 0.010278 0.000000
vn 0.099348 0.011399 0.000000
vn 0.097887 0.020447 0.000000
vn 0.097401 0.022650 0.000000
vn 0.095267 0.030400 0.000000
vn 0.094184 0.033605 0.000000
vn 0.091638 0.040031 0.000000
vn 0.089740 0.044122 0.000000
vn 0.087038 0.049237 0.000000
vn 0.084125 0.054064 0.000000
vn 0.081517 0.057923 0.000000
vn 0.077414 0.063301 0.000000
vn 0.075132 0.065994 0.000000
vn 0.069694 0.071713 0.000000
vn 0.067951 0.073367 0.000000
vn 0.061065 0.079190 0.000000
vn 0.060050 0.079962 0.000000
vn 0.051640 0.085635 0.000000
vn 0.051513 0.085711 0.000000
vn 0.042431 0.090552 0.000000
vn 0.041542 0.090963 0.000000
vn 0.032899 0.094433 0.000000
vn 0.030902 0.095106 0.000000
vn 0.023019 0.097315 0.000000
vn 0.019859 0.098008 0.000000
vn 0.012895 0.099165 0.000000
vn 0.008558 0.099633 0.000000
vn 0.099348 0.011399 0.000000
vn 0.100000 0.000000 0.000000
vn 0.099348 -0.011399 0.000000
vn 0.097401 -0.022650 0.000000
vn 0.094184 -0.033605 0.000000
vn 0.089740 -0.044122 0.000000
vn 0.084125 -0.054064 0.000000
vn 0.077414 -0.063301 0.000000
vn 0.069694 -0.071713 0.000000
vn 0.061065 -0.079190 0.000000
vn 0.051640 -0.085635 0.000000
vn 0.041542 -0.090963 0.000000
vn 0.030902 -0.095106 0.000000
vn 0.019859 -0.098008 0.000000
vn 0.008558 -0.099633 0.000000
vn -0.002856 -0.099959 0.000000
vn -0.014231 -0.098982 0.000000
vn -0.025422 -0.096715 0.000000
vn -0.036281 -0.093186 0.000000
vn -0.046667 -0.088443 0.000000
vn -0.056444 -0.082547 0.000000
vn -0.065486 -0.075575 0.000000
vn -0.073674 -0.067617 0.000000
vn -0.080902 -0.058779 0.000000
vn -0.087075 -0.049173 0.000000
vn -0.092112 -0.038927 0.000000
vn -0.095949 -0.028173 0.000000
vn -0.098535 -0.017052 0.000000
vn -0.099837 -0.005709 0.000000
vn -0.099837 0.005709 0.000000
vn -0.098535 0.017052 0.000000
vn -0.095949 0.028173 0.000000
vn -0.092112 0.038927 0.000000
vn -0.087075 0.049173 0.000000
vn -0.080902 0.058779 0.000000
vn -0.073674 0.067617 0.000000
vn -0.065486 0.075575 0.000000
vn -0.056444 0.082547 0.000000
vn -0.046667 0.088443 0.000000
vn -0.036281 0.093186 0.000000
vn -0.025422 0.096715 0.000000
vn -0.014231 0.098982 0.000000
vn -0.002856 0.099959 0.000000
vn 0.008558 0.099633 0.000000
vn 0.019859 0.098008 0.000000
vn 0.030902 0.095106 0.000000
vn 0.041542 0.090963 0.000000
vn 0.051640 0.085635 0.000000
vn 0.061065 0.079190 0.000000
vn 0.069694 0.071713 0.000000
vn 0.077414 0.063301 0.000000
vn 0.084125 0.054064 0.000000
vn 0.089740 0.044122 0.000000
vn 0.094184 0.033605 0.000000
vn 0.097401 0.022650 0.000000
vn -0.056279 0.000000 -0.082660
vn -0.056279 0.000000 -0.082660
vn -0.056279 0.000000 -0.082660
vn -0.056279 0.000000 -0.082660
vn -0.056279 0.000000 -0.082660
vn -0.056279 0.000000 -0.082660
vn -0.056279 0.000000 -0.082660
vn -0.056279 0.000000 -0.082660
vn -0.056279 0.000000 -0.082660
vn -0.056279 0.000000 -0.082660
vn -0.056279 0.000000 -0.082660
vn -0.056279 0.000000 -0.082660
vn -0.056279 0.000000 -0.082660
vn -0.056279 0.000000 -0.082660
vn -0.056279 0.000000 -0.082660
vn -0.056279 0.000000 -0.082660
vn -0.056279 0.000000 -0.082660
vn -0.056279 0.000000 -0.082660
vn -0.056279 0.000000 -0.082660
vn -0.056279 0.000000 -0.082660
vn -0.056279 0.000000 -0.082660
vn -0.056279 0.000000 -0.082660
vn -0.056279 0.000000 -0.082660
vn -0.056279 0.000000 -0.082660
vn -0.056279 0.000000 -0.082660
vn -0.056279 0.000000 -0.082660
vn -0.056279 0.000000 -0.082660
vn -0.056279 0.000000 -0.082660
vn -0.056279 0.000000 -0.082660
vn -0.056279 0.000000 -0.082660
vn -0.056279 0.000000 -0.082660
vn -0.056279 0.000000 -0.082660
vn -0.056279 0.000000 -0.082660
vn -0.056279 0.000000 -0.082660
vn -0.056279 0.000000 -0.082660
vn -0.056279 0.000000 -0.082660
vn -0.056279 0.000000 -0.082660
vn -0.073443 -0.066628 -0.012919
vn -0.068145 -0.072129 -0.012399
vn -0.073391 -0.066082 -0.015715
vn -0.072466 -0.066776 -0.017017
vn -0.075754 -0.062559 -0.018646
vn -0.076184 -0.061155 -0.021356
vn -0.077876 -0.058954 -0.021440
vn -0.079339 -0.055338 -0.025359
vn -0.079770 -0.055287 -0.024084
vn -0.081452 -0.051573 -0.026568
vn -0.081423 -0.052681 -0.024394
vn -0.082881 -0.049081 -0.026865
vn -0.083061 -0.049912 -0.024691
vn -0.084293 -0.046449 -0.027151
vn -0.084673 -0.046976 -0.024974
vn -0.085678 -0.043673 -0.027421
vn -0.086247 -0.043870 -0.025238
vn -0.087027 -0.040749 -0.027674
vn -0.087767 -0.040593 -0.025479
vn -0.088327 -0.037677 -0.027905
vn -0.089219 -0.037145 -0.025693
vn -0.089568 -0.034459 -0.028110
vn -0.090588 -0.033531 -0.025876
vn -0.090735 -0.031095 -0.028288
vn -0.091855 -0.029756 -0.026024
vn -0.091817 -0.027591 -0.028432
vn -0.093005 -0.025829 -0.026134
vn -0.092799 -0.023953 -0.028541
vn -0.094021 -0.021764 -0.026200
vn -0.093668 -0.020191 -0.028611
vn -0.094887 -0.017575 -0.026221
vn -0.094412 -0.016316 -0.028638
vn -0.095591 -0.013282 -0.026192
vn -0.095019 -0.012342 -0.028619
vn -0.096119 -0.008905 -0.026113
vn -0.095478 -0.008285 -0.028553
vn -0.096462 -0.004469 -0.025981
vn -0.095781 -0.004165 -0.028438
vn -0.096043 0.000000 -0.027851
vn -0.095097 -0.003859 -0.030688
vn -0.094423 -0.003552 -0.032736
vn -0.094199 -0.007047 -0.032815
vn -0.093585 -0.006430 -0.034649
vn -0.093309 -0.009548 -0.034675
vn -0.092776 -0.008626 -0.036307
vn -0.092486 -0.011369 -0.036293
vn -0.092048 -0.010152 -0.037738
vn -0.091771 -0.012532 -0.037697
vn -0.091431 -0.011032 -0.038970
vn -0.091187 -0.013065 -0.038914
vn -0.090942 -0.011293 -0.040026
vn -0.090740 -0.012998 -0.039965
vn -0.090581 -0.010960 -0.040925
vn -0.090428 -0.012356 -0.040868
vn -0.090341 -0.010057 -0.041683
vn -0.090234 -0.011161 -0.041633
vn -0.090200 -0.008616 -0.042306
vn -0.090134 -0.009445 -0.042268
vn -0.090129 -0.006704 -0.042800
vn -0.090097 -0.007277 -0.042774
vn -0.090098 -0.004346 -0.043167
vn -0.090088 -0.004679 -0.043153
vn -0.090075 -0.001560 -0.043406
vn -0.090075 -0.001668 -0.043402
vn -0.090021 0.001639 -0.043514
vn -0.090018 0.001743 -0.043517
vn -0.089898 0.005240 -0.043484
vn -0.089877 0.005543 -0.043490
vn -0.089662 0.009232 -0.043307
vn -0.089842 0.006100 -0.043489
vn -0.089410 0.012090 -0.043123
vn -0.081979 -0.049386 -0.028989
vn -0.082937 -0.047823 -0.028886
vn -0.084158 -0.045463 -0.029165
vn -0.085360 -0.042981 -0.029432
vn -0.086537 -0.040375 -0.029685
vn -0.087680 -0.037642 -0.029922
vn -0.088780 -0.034782 -0.030138
vn -0.089828 -0.031795 -0.030332
vn -0.090813 -0.028683 -0.030499
vn -0.091726 -0.025448 -0.030638
vn -0.092556 -0.022096 -0.030744
vn -0.093292 -0.018632 -0.030814
vn -0.093923 -0.015065 -0.030847
vn -0.094440 -0.011406 -0.030838
vn -0.094834 -0.007666 -0.030786
vn -0.084161 -0.043340 -0.032226
vn -0.084241 -0.044048 -0.031035
vn -0.085270 -0.041833 -0.031291
vn -0.086280 -0.039513 -0.031536
vn -0.087266 -0.037087 -0.031767
vn -0.088222 -0.034552 -0.031984
vn -0.089141 -0.031909 -0.032182
vn -0.090015 -0.029157 -0.032361
vn -0.090836 -0.026296 -0.032516
vn -0.091597 -0.023328 -0.032646
vn -0.092289 -0.020257 -0.032747
vn -0.092903 -0.017088 -0.032817
vn -0.093432 -0.013824 -0.032854
vn -0.093866 -0.010475 -0.032854
vn -0.085380 -0.040254 -0.033012
vn -0.085937 -0.037225 -0.035059
vn -0.086368 -0.036445 -0.034817
vn -0.087219 -0.032623 -0.036450
vn -0.087062 -0.034554 -0.035018
vn -0.087769 -0.030909 -0.036622
vn -0.087739 -0.032588 -0.035211
vn -0.088306 -0.029132 -0.036787
vn -0.088398 -0.030546 -0.035393
vn -0.088828 -0.027292 -0.036944
vn -0.089035 -0.028426 -0.035564
vn -0.089330 -0.025385 -0.037091
vn -0.089644 -0.026227 -0.035722
vn -0.089811 -0.023413 -0.037227
vn -0.090223 -0.023948 -0.035865
vn -0.090267 -0.021373 -0.037351
vn -0.090766 -0.021589 -0.035991
vn -0.090695 -0.019265 -0.037462
vn -0.091269 -0.019151 -0.036099
vn -0.091090 -0.017089 -0.037557
vn -0.091727 -0.016634 -0.036187
vn -0.091450 -0.014844 -0.037636
vn -0.092134 -0.014039 -0.036252
vn -0.087354 -0.031051 -0.037484
vn -0.087944 -0.028787 -0.037911
vn -0.088368 -0.027258 -0.038054
vn -0.088781 -0.025678 -0.038192
vn -0.089181 -0.024044 -0.038323
vn -0.089566 -0.022356 -0.038446
vn -0.089934 -0.020612 -0.038561
vn -0.090283 -0.018812 -0.038666
vn -0.090610 -0.016954 -0.038761
vn -0.090912 -0.015039 -0.038844
vn -0.088452 -0.024817 -0.039500
vn -0.088553 -0.024934 -0.039201
vn -0.088867 -0.023599 -0.039317
vn -0.089172 -0.022220 -0.039428
vn -0.089468 -0.020798 -0.039535
vn -0.089752 -0.019332 -0.039635
vn -0.090023 -0.017819 -0.039729
vn -0.090279 -0.016260 -0.039816
vn -0.090519 -0.014653 -0.039895
vn -0.089054 -0.021062 -0.040322
vn -0.089260 -0.018514 -0.041109
vn -0.089453 -0.017165 -0.041274
vn -0.089786 -0.012199 -0.042304
vn -0.089752 -0.013266 -0.042055
vn -0.089949 -0.009422 -0.042666
vn -0.089835 -0.012542 -0.042100
vn -0.089988 -0.008906 -0.042694
vn -0.089915 -0.011799 -0.042144
vn -0.090026 -0.008378 -0.042721
vn -0.089991 -0.011036 -0.042187
vn -0.090062 -0.007834 -0.042748
vn -0.090065 -0.010251 -0.042228
vn -0.090040 -0.006008 -0.043089
vn -0.090054 -0.005628 -0.043111
vn -0.090066 -0.005320 -0.043125
vn -0.090078 -0.005004 -0.043139
vn -0.090074 -0.001877 -0.043394
vn -0.090053 0.000079 -0.043480
vn -0.090014 0.001844 -0.043520
vn -0.089369 0.012921 -0.042969
vn -0.088750 0.018089 -0.042382
vn -0.088992 0.016619 -0.042477
vn -0.088526 0.020336 -0.041828
vn -0.089155 0.015721 -0.042477
vn -0.088766 0.019244 -0.041837
vn -0.089314 0.014798 -0.042474
vn -0.089001 0.018120 -0.041840
vn -0.089470 0.013847 -0.042467
vn -0.089230 0.016961 -0.041837
vn -0.089621 0.012869 -0.042456
vn -0.089453 0.015767 -0.041829
vn -0.089767 0.011862 -0.042440
vn -0.089668 0.014537 -0.041813
vn -0.089908 0.010826 -0.042419
vn -0.089875 0.013269 -0.041791
vn -0.090043 0.009759 -0.042392
vn -0.090072 0.011962 -0.041761
vn -0.090170 0.008660 -0.042360
vn -0.090259 0.010616 -0.041722
vn -0.090290 0.007529 -0.042321
vn -0.090433 0.009229 -0.041674
vn -0.090401 0.006364 -0.042276
vn -0.090594 0.007800 -0.041616
vn -0.090502 0.005164 -0.042223
vn -0.090740 0.006329 -0.041547
vn -0.090592 0.003929 -0.042162
vn -0.090870 0.004814 -0.041467
vn -0.090671 0.002657 -0.042093
vn -0.090981 0.003255 -0.041375
vn -0.090736 0.001348 -0.042014
vn -0.091072 0.001650 -0.041269
vn -0.091188 0.000000 -0.041046
vn -0.091471 0.001955 -0.040363
vn -0.091930 0.002264 -0.039292
vn -0.091776 0.004469 -0.039462
vn -0.092253 0.005089 -0.038255
vn -0.092011 0.007539 -0.038433
vn -0.092482 0.008477 -0.037084
vn -0.092124 0.011163 -0.037264
vn -0.092556 0.012423 -0.035763
vn -0.092051 0.015334 -0.035938
vn -0.092412 0.016887 -0.034276
vn -0.091728 0.020001 -0.034438
vn -0.091973 0.021854 -0.032609
vn -0.091077 0.025147 -0.032752
vn -0.091157 0.027293 -0.030750
vn -0.090014 0.030733 -0.030869
vn -0.089903 0.032730 -0.029089
vn -0.088520 0.036232 -0.029179
vn -0.088193 0.038441 -0.027281
vn -0.086554 0.041962 -0.027342
vn -0.085971 0.044356 -0.025329
vn -0.084067 0.047848 -0.025364
vn -0.083188 0.050393 -0.023243
vn -0.081020 0.053804 -0.023258
vn -0.079811 0.056457 -0.021042
vn -0.077391 0.059731 -0.021044
vn -0.075827 0.062440 -0.018750
vn -0.073178 0.065524 -0.018751
vn -0.071244 0.068230 -0.016402
vn -0.068402 0.071075 -0.016414
vn -0.069156 0.070867 -0.013975
vn -0.063108 0.076284 -0.014074
vn -0.067682 0.071281 -0.018388
vn -0.070553 0.068350 -0.018723
vn -0.072553 0.065551 -0.020955
vn -0.074965 0.062759 -0.021013
vn -0.076612 0.059944 -0.023182
vn -0.078821 0.056985 -0.023235
vn -0.080127 0.054209 -0.025320
vn -0.082113 0.051132 -0.025359
vn -0.083099 0.048444 -0.027344
vn -0.084851 0.045296 -0.027361
vn -0.085548 0.042741 -0.029236
vn -0.087064 0.039570 -0.029226
vn -0.087507 0.037182 -0.030984
vn -0.088793 0.034030 -0.030946
vn -0.089064 0.031368 -0.032919
vn -0.090103 0.028320 -0.032854
vn -0.090153 0.025919 -0.034651
vn -0.090972 0.023013 -0.034562
vn -0.090853 0.020889 -0.036186
vn -0.091481 0.018157 -0.036078
vn -0.091243 0.016305 -0.037534
vn -0.091709 0.013773 -0.037414
vn -0.091388 0.012237 -0.038711
vn -0.091721 0.009922 -0.038585
vn -0.091353 0.008704 -0.039734
vn -0.091583 0.006617 -0.039609
vn -0.091201 0.005709 -0.040618
vn -0.091350 0.003859 -0.040500
vn -0.087837 0.024128 -0.041262
vn -0.087963 0.024079 -0.041021
vn -0.088295 0.022797 -0.041040
vn -0.088621 0.021474 -0.041052
vn -0.088939 0.020108 -0.041055
vn -0.089248 0.018698 -0.041051
vn -0.089547 0.017243 -0.041038
vn -0.089833 0.015742 -0.041014
vn -0.090106 0.014194 -0.040980
vn -0.090364 0.012597 -0.040935
vn -0.090604 0.010951 -0.040877
vn -0.090825 0.009255 -0.040805
vn -0.091025 0.007508 -0.040719
vn -0.086635 0.030233 -0.039753
vn -0.087291 0.027857 -0.040053
vn -0.087733 0.026388 -0.040083
vn -0.088166 0.024868 -0.040105
vn -0.088589 0.023296 -0.040117
vn -0.089000 0.021670 -0.040118
vn -0.089397 0.019990 -0.040108
vn -0.089778 0.018254 -0.040084
vn -0.090140 0.016461 -0.040047
vn -0.090482 0.014610 -0.039994
vn -0.090800 0.012701 -0.039926
vn -0.091091 0.010732 -0.039839
vn -0.086499 0.031674 -0.038919
vn -0.085097 0.036420 -0.037844
vn -0.085572 0.035532 -0.037616
vn -0.084502 0.039412 -0.036140
vn -0.086283 0.033703 -0.037675
vn -0.085374 0.037414 -0.036214
vn -0.086982 0.031801 -0.037721
vn -0.086233 0.035328 -0.036273
vn -0.087666 0.029823 -0.037752
vn -0.087076 0.033153 -0.036314
vn -0.088333 0.027768 -0.037766
vn -0.087896 0.030887 -0.036335
vn -0.088976 0.025635 -0.037763
vn -0.088690 0.028528 -0.036336
vn -0.089594 0.023423 -0.037740
vn -0.089451 0.026076 -0.036312
vn -0.090181 0.021130 -0.037695
vn -0.090174 0.023529 -0.036263
vn -0.090732 0.018757 -0.037628
vn -0.083189 0.042631 -0.035526
vn -0.083313 0.043231 -0.034497
vn -0.084361 0.041076 -0.034584
vn -0.085395 0.038818 -0.034654
vn -0.086410 0.036455 -0.034703
vn -0.087401 0.033985 -0.034730
vn -0.088359 0.031406 -0.034732
vn -0.089279 0.028717 -0.034706
vn -0.080943 0.048697 -0.032814
vn -0.081985 0.047012 -0.032687
vn -0.083222 0.044712 -0.032785
vn -0.084447 0.042293 -0.032863
vn -0.085652 0.039751 -0.032918
vn -0.086829 0.037084 -0.032948
vn -0.087969 0.034290 -0.032949
vn -0.080506 0.050751 -0.030712
vn -0.078311 0.054628 -0.029719
vn -0.079165 0.053795 -0.028965
vn -0.075250 0.060396 -0.026261
vn -0.077707 0.056803 -0.027112
vn -0.076123 0.059770 -0.025156
vn -0.079514 0.054193 -0.027215
vn -0.078125 0.057086 -0.025251
vn -0.081316 0.051408 -0.027294
vn -0.071720 0.065965 -0.022470
vn -0.074408 0.062688 -0.023101
vn -0.074122 0.065102 -0.016360
vn -0.075403 0.064228 -0.013754
vn -0.077012 0.061677 -0.016284
vn -0.079884 0.057940 -0.016169
vn -0.081106 0.055445 -0.018643
vn -0.083681 0.051519 -0.018527
vn -0.084544 0.049139 -0.020920
vn -0.086802 0.045090 -0.020791
vn -0.087344 0.042872 -0.023087
vn -0.089281 0.038767 -0.022936
vn -0.089545 0.036749 -0.025124
vn -0.091170 0.032646 -0.024945
vn -0.091203 0.030855 -0.027019
vn -0.092535 0.026805 -0.026810
vn -0.092382 0.025258 -0.028767
vn -0.093446 0.021304 -0.028529
vn -0.093151 0.020010 -0.030372
vn -0.093977 0.016186 -0.030107
vn -0.093493 0.014929 -0.032190
vn -0.094095 0.011314 -0.031909
vn -0.093531 0.010372 -0.033828
vn -0.093949 0.006985 -0.033538
vn -0.093346 0.006356 -0.035301
vn -0.093616 0.003211 -0.035010
vn -0.093008 0.002892 -0.036623
vn -0.093758 0.000000 -0.034778
vn -0.092443 0.002576 -0.038047
vn -0.081606 0.056227 -0.013375
vn -0.082705 0.053884 -0.016010
vn -0.086170 0.047304 -0.018362
vn -0.088948 0.040787 -0.020609
vn -0.091088 0.034442 -0.022730
vn -0.092657 0.028358 -0.024710
vn -0.093726 0.022602 -0.026545
vn -0.094372 0.017223 -0.028236
vn -0.094670 0.012257 -0.029789
vn -0.094577 0.007612 -0.031579
vn -0.094261 0.003524 -0.033203
vn -0.085436 0.049508 -0.015802
vn -0.087431 0.046819 -0.012803
vn -0.088033 0.044818 -0.015541
vn -0.090453 0.039831 -0.015224
vn -0.090740 0.038038 -0.017869
vn -0.092746 0.033025 -0.017535
vn -0.092772 0.031470 -0.020074
vn -0.094387 0.026501 -0.019715
vn -0.094205 0.025202 -0.022140
vn -0.095464 0.020335 -0.021753
vn -0.095124 0.019299 -0.024062
vn -0.096065 0.014576 -0.023646
vn -0.095612 0.013806 -0.025839
vn -0.096277 0.009258 -0.025397
vn -0.095752 0.008749 -0.027478
vn -0.096182 0.004397 -0.027013
vn -0.095616 0.004145 -0.028988
vn -0.097074 0.000000 -0.024013
vn -0.094932 0.003836 -0.031197
vn -0.092475 0.036111 -0.012017
vn -0.092651 0.034573 -0.014849
vn -0.094518 0.027796 -0.017140
vn -0.095767 0.021366 -0.019294
vn -0.096492 0.015343 -0.021304
vn -0.096788 0.009763 -0.023169
vn -0.096740 0.004647 -0.024894
vn -0.094586 0.029082 -0.014415
vn -0.096348 0.024406 -0.011017
vn -0.096220 0.023405 -0.013925
vn -0.097526 0.017597 -0.013380
vn -0.097234 0.016856 -0.016170
vn -0.098134 0.011242 -0.015601
vn -0.097726 0.010757 -0.018271
vn -0.098279 0.005373 -0.017675
vn -0.097799 0.005135 -0.020226
vn -0.097282 0.004893 -0.022632
vn -0.098767 0.012181 -0.009833
vn -0.098484 0.011718 -0.012788
vn -0.098712 0.005606 -0.014983
vn -0.099636 0.000000 -0.008522
vn -0.099087 0.005831 -0.012153
vn -0.090465 0.001047 -0.042603
vn -0.090077 0.000000 -0.043429
vn -0.090261 0.000748 -0.043040
vn -0.090126 0.000449 -0.043326
vn -0.090235 0.001474 -0.043075
vn -0.090114 0.000884 -0.043345
vn -0.090206 0.002178 -0.043106
vn -0.090100 0.001307 -0.043362
vn -0.090173 0.002862 -0.043135
vn -0.090086 0.001717 -0.043378
vn -0.090137 0.003526 -0.043161
vn -0.090070 0.002115 -0.043392
vn -0.090098 0.004171 -0.043185
vn -0.090054 0.002502 -0.043406
vn -0.090057 0.004798 -0.043206
vn -0.090036 0.002878 -0.043419
vn -0.090013 0.005407 -0.043225
vn -0.090018 0.003244 -0.043430
vn -0.089968 0.005999 -0.043242
vn -0.090000 0.003599 -0.043441
vn -0.089920 0.006576 -0.043257
vn -0.089980 0.003945 -0.043451
vn -0.089871 0.007136 -0.043270
vn -0.089960 0.004282 -0.043460
vn -0.089821 0.007681 -0.043281
vn -0.089940 0.004610 -0.043469
vn -0.089769 0.008212 -0.043291
vn -0.089919 0.004929 -0.043477
vn -0.089716 0.008729 -0.043299
vn -0.092838 0.000000 -0.037164
vn -0.090793 -0.001385 -0.041890
vn -0.090506 -0.001071 -0.042516
vn -0.090288 -0.000761 -0.042982
vn -0.090286 -0.001499 -0.042967
vn -0.090143 -0.000896 -0.043282
vn -0.090144 -0.001324 -0.043271
vn -0.090069 -0.000442 -0.043444
vn -0.090070 -0.000580 -0.043440
vn -0.090051 0.000571 -0.043479
vn -0.090048 0.000703 -0.043484
vn -0.093772 -0.003245 -0.034588
vn -0.093152 -0.002937 -0.036249
vn -0.093000 -0.005814 -0.036293
vn -0.092453 -0.005198 -0.037754
vn -0.092276 -0.007707 -0.037758
vn -0.091817 -0.006791 -0.039033
vn -0.091642 -0.008941 -0.039010
vn -0.091275 -0.007732 -0.040114
vn -0.091121 -0.009538 -0.040076
vn -0.090844 -0.008045 -0.041019
vn -0.090721 -0.009524 -0.040976
vn -0.090528 -0.007753 -0.041769
vn -0.090439 -0.008921 -0.041728
vn -0.090315 -0.006887 -0.042376
vn -0.090260 -0.007764 -0.042342
vn -0.090187 -0.005510 -0.042849
vn -0.090159 -0.006115 -0.042825
vn -0.090116 -0.003652 -0.043194
vn -0.090108 -0.004003 -0.043181
vn -0.090075 -0.001335 -0.043414
vn -0.090075 -0.001449 -0.043410
vn -0.090028 0.001424 -0.043507
vn -0.090025 0.001533 -0.043511
vn -0.099039 0.000000 -0.013828
vn -0.097759 -0.005071 -0.020431
vn -0.097127 -0.004772 -0.023313
vn -0.098340 -0.005365 -0.017335
vn -0.098336 -0.011351 -0.014184
vn -0.097869 -0.010749 -0.017494
vn -0.097112 -0.016105 -0.017602
vn -0.096654 -0.015166 -0.020687
vn -0.095737 -0.020113 -0.020735
vn -0.095334 -0.018841 -0.023588
vn -0.094335 -0.023349 -0.023575
vn -0.096336 -0.022654 -0.014357
vn -0.096077 -0.021385 -0.017659
vn -0.094594 -0.024945 -0.020731
vn -0.093159 -0.027723 -0.023514
vn -0.094780 -0.026547 -0.017664
vn -0.093134 -0.033472 -0.014342
vn -0.093242 -0.031550 -0.017621
vn -0.091490 -0.036361 -0.017531
vn -0.091710 -0.034145 -0.020577
vn -0.090016 -0.038465 -0.020435
vn -0.090354 -0.035989 -0.023260
vn -0.088766 -0.039853 -0.023075
vn -0.088949 -0.043446 -0.014157
vn -0.089555 -0.040954 -0.017400
vn -0.088188 -0.042576 -0.020255
vn -0.087081 -0.043524 -0.022858
vn -0.087466 -0.045307 -0.017232
vn -0.084077 -0.052342 -0.013832
vn -0.085257 -0.049409 -0.017032
vn -0.082957 -0.053252 -0.016804
vn -0.084231 -0.050131 -0.019800
vn -0.082151 -0.053568 -0.019536
vn -0.083504 -0.050278 -0.022345
vn -0.081647 -0.053360 -0.022057
vn -0.078821 -0.060063 -0.013407
vn -0.080596 -0.056835 -0.016554
vn -0.080033 -0.056781 -0.019253
vn -0.079767 -0.056250 -0.021754
vn -0.078200 -0.060163 -0.016286
vn -0.075792 -0.063241 -0.016005
vn -0.080785 0.051270 -0.029071
vn -0.082397 0.048588 -0.029154
vn -0.083988 0.045747 -0.029210
vn -0.081948 0.048321 -0.030817
vn -0.083378 0.045753 -0.030900
vn -0.084788 0.043042 -0.030957
vn -0.086168 0.040185 -0.030987
vn -0.087066 0.030022 -0.038963
vn -0.087624 0.028308 -0.038997
vn -0.088168 0.026532 -0.039018
vn -0.088698 0.024691 -0.039025
vn -0.089210 0.022785 -0.039018
vn -0.089701 0.020812 -0.038995
vn -0.090168 0.018771 -0.038954
vn -0.090607 0.016662 -0.038894
vn -0.091015 0.014484 -0.038814
vn -0.089469 0.012219 -0.042964
vn -0.089568 0.011498 -0.042957
vn -0.089665 0.010757 -0.042948
vn -0.089759 0.009995 -0.042935
vn -0.089850 0.009211 -0.042920
vn -0.089938 0.008405 -0.042901
vn -0.090022 0.007576 -0.042879
vn -0.090102 0.006723 -0.042854
vn -0.090177 0.005845 -0.042824
vn -0.090248 0.004941 -0.042790
vn -0.090312 0.004010 -0.042751
vn -0.090370 0.003051 -0.042707
vn -0.090421 0.002064 -0.042658
vn -0.090075 -0.001774 -0.043398
vn -0.089596 -0.016234 -0.041340
vn -0.089735 -0.015276 -0.041404
vn -0.089869 -0.014290 -0.041465
vn -0.089997 -0.013276 -0.041524
vn -0.090119 -0.012234 -0.041580
vn -0.089274 -0.019926 -0.040412
vn -0.089488 -0.018755 -0.040498
vn -0.089695 -0.017549 -0.040581
vn -0.089893 -0.016307 -0.040660
vn -0.090082 -0.015029 -0.040735
vn -0.090261 -0.013712 -0.040804
vn -0.086233 -0.038196 -0.033242
vn -0.087068 -0.036048 -0.033461
vn -0.087882 -0.033810 -0.033669
vn -0.088669 -0.031481 -0.033863
vn -0.089425 -0.029058 -0.034042
vn -0.090143 -0.026541 -0.034203
vn -0.090817 -0.023932 -0.034345
vn -0.091441 -0.021230 -0.034464
vn -0.092009 -0.018437 -0.034559
vn -0.092514 -0.015557 -0.034628
vn -0.092950 -0.012592 -0.034667
vn -0.077895 -0.059776 -0.018955
vn -0.078478 0.059084 -0.018716
vn -0.082204 0.052928 -0.021002
vn -0.085304 0.046750 -0.023188
vn -0.087804 0.040655 -0.025251
vn -0.089749 0.034736 -0.027175
vn -0.091196 0.029070 -0.028953
vn -0.092207 0.023716 -0.030585
vn -0.092782 0.018445 -0.032423
vn -0.093016 0.013675 -0.034073
vn -0.092990 0.009429 -0.035551
vn -0.092779 0.005719 -0.036871
vn -0.090032 0.001312 -0.043504
vn -0.090074 -0.001218 -0.043418
vn -0.090124 -0.003291 -0.043208
vn -0.090212 -0.004888 -0.042872
vn -0.090365 -0.005985 -0.042407
vn -0.090606 -0.006550 -0.041805
vn -0.090950 -0.006524 -0.041054
vn -0.091402 -0.005876 -0.040139
vn -0.091951 -0.004584 -0.039038
vn -0.092573 -0.002628 -0.037726
vn -0.085321 -0.047000 -0.022613
vn -0.086251 -0.046466 -0.020042
vn -0.088535 0.042805 -0.018144
vn -0.090948 0.036241 -0.020371
vn -0.092739 0.029914 -0.022465
vn -0.093982 0.023902 -0.024417
vn -0.094757 0.018262 -0.026222
vn -0.095145 0.013032 -0.027886
vn -0.095220 0.008237 -0.029416
vn -0.090035 0.001197 -0.043500
vn -0.090038 0.001078 -0.043496
vn -0.090042 0.000957 -0.043492
vn -0.090045 0.000832 -0.043488
vn -0.090074 -0.001097 -0.043423
vn -0.090130 -0.002919 -0.043221
vn -0.090234 -0.004248 -0.042893
vn -0.090408 -0.005058 -0.042435
vn -0.090673 -0.005313 -0.041835
vn -0.091037 -0.004960 -0.041080
vn -0.091500 -0.003968 -0.040151
vn -0.092042 -0.002319 -0.039024
vn -0.090073 -0.000973 -0.043427
vn -0.090072 -0.000846 -0.043431
vn -0.090071 -0.000715 -0.043435
vn -0.090135 -0.002537 -0.043234
vn -0.090252 -0.003590 -0.042914
vn -0.090445 -0.004103 -0.042461
vn -0.090727 -0.004041 -0.041860
vn -0.091104 -0.003351 -0.041096
vn -0.091565 -0.002009 -0.040148
vn -0.091825 -0.031942 -0.023407
vn -0.093244 -0.029631 -0.020678
vn -0.096022 0.022391 -0.016684
vn -0.096885 0.016103 -0.018812
vn -0.097274 0.010263 -0.020794
vn -0.090140 -0.002145 -0.043246
vn -0.090142 -0.001740 -0.043259
vn -0.090268 -0.002913 -0.042933
vn -0.090474 -0.003121 -0.042483
vn -0.090767 -0.002731 -0.041879
vn -0.091147 -0.001698 -0.041102
vn -0.090054 0.000434 -0.043474
vn -0.090057 0.000294 -0.043469
vn -0.090060 0.000149 -0.043464
vn -0.090067 -0.000299 -0.043449
vn -0.090141 -0.000455 -0.043293
vn -0.090279 -0.002217 -0.042951
vn -0.090494 -0.002111 -0.042501
vn -0.096141 -0.014224 -0.023550
vn -0.096742 -0.009524 -0.023458
vn -0.097331 -0.010139 -0.020586
vn -0.090065 -0.000152 -0.043453
vn 0.057713 -0.080644 -0.012870
vn 0.059143 -0.079852 -0.011219
vn 0.063480 -0.076734 -0.009069
vn 0.057871 -0.080771 -0.011270
vn 0.058182 -0.080808 -0.009212
vn 0.056556 -0.081690 -0.011320
vn 0.055197 -0.082608 -0.011368
vn 0.053484 -0.083430 -0.013379
vn 0.052169 -0.084249 -0.013438
vn 0.050369 -0.085014 -0.015349
vn 0.049105 -0.085738 -0.015414
vn 0.047221 -0.086450 -0.017222
vn 0.046013 -0.087085 -0.017291
vn 0.044043 -0.087746 -0.018994
vn 0.042896 -0.088298 -0.019064
vn 0.040841 -0.088911 -0.020660
vn 0.039760 -0.089383 -0.020730
vn 0.037618 -0.089951 -0.022218
vn 0.036608 -0.090351 -0.022285
vn 0.034376 -0.090875 -0.023665
vn 0.033440 -0.091207 -0.023728
vn 0.031115 -0.091689 -0.024999
vn 0.030258 -0.091960 -0.025057
vn 0.027838 -0.092399 -0.026219
vn 0.027061 -0.092615 -0.026270
vn 0.024541 -0.093012 -0.027322
vn 0.023849 -0.093178 -0.027368
vn 0.021226 -0.093531 -0.028309
vn 0.020621 -0.093655 -0.028348
vn 0.017888 -0.093961 -0.029178
vn 0.017373 -0.094048 -0.029210
vn 0.014527 -0.094304 -0.029929
vn 0.014103 -0.094360 -0.029954
vn 0.011156 -0.094560 -0.030559
vn 0.010826 -0.094593 -0.030577
vn 0.007817 -0.094730 -0.031067
vn 0.007580 -0.094745 -0.031080
vn 0.004507 -0.094817 -0.031455
vn 0.004364 -0.094821 -0.031463
vn 0.001222 -0.094826 -0.031725
vn 0.001171 -0.094826 -0.031727
vn -0.002044 -0.094761 -0.031878
vn -0.002002 -0.094762 -0.031876
vn -0.005294 -0.094623 -0.031914
vn -0.005160 -0.094632 -0.031909
vn -0.008534 -0.094412 -0.031836
vn -0.008309 -0.094435 -0.031827
vn -0.011769 -0.094129 -0.031642
vn -0.011454 -0.094171 -0.031631
vn -0.015005 -0.093771 -0.031335
vn -0.014600 -0.093839 -0.031321
vn -0.018244 -0.093336 -0.030913
vn -0.017752 -0.093436 -0.030897
vn -0.021493 -0.092819 -0.030376
vn -0.020913 -0.092957 -0.030359
vn -0.024753 -0.092216 -0.029724
vn -0.024089 -0.092398 -0.029705
vn -0.028029 -0.091520 -0.028956
vn -0.027281 -0.091753 -0.028935
vn -0.031322 -0.090725 -0.028071
vn -0.030492 -0.091014 -0.028048
vn -0.034618 -0.089827 -0.027070
vn -0.033709 -0.090179 -0.027044
vn -0.037865 -0.088841 -0.025952
vn -0.036882 -0.089262 -0.025922
vn -0.041080 -0.087758 -0.024719
vn -0.040027 -0.088252 -0.024685
vn -0.044262 -0.086571 -0.023375
vn -0.043143 -0.087145 -0.023335
vn -0.049429 -0.084374 -0.020926
vn -0.048212 -0.085089 -0.020870
vn -0.054491 -0.081851 -0.018197
vn -0.053191 -0.082719 -0.018120
vn -0.059432 -0.078971 -0.015210
vn -0.058063 -0.080003 -0.015102
vn -0.062805 -0.076911 -0.011845
vn -0.056645 -0.081035 -0.014987
vn -0.056523 -0.081735 -0.011161
vn -0.055176 -0.082065 -0.014864
vn -0.053654 -0.083091 -0.014733
vn -0.049036 -0.085305 -0.017849
vn -0.047565 -0.086155 -0.017745
vn -0.042996 -0.087905 -0.020592
vn -0.040172 -0.089271 -0.020416
vn -0.035831 -0.090485 -0.022989
vn -0.033159 -0.091538 -0.022829
vn -0.030700 -0.092029 -0.024252
vn -0.028110 -0.092895 -0.024091
vn -0.025851 -0.093199 -0.025409
vn -0.023373 -0.093895 -0.025249
vn -0.021328 -0.094048 -0.026459
vn -0.016568 -0.095095 -0.026123
vn -0.014982 -0.095042 -0.027251
vn -0.010413 -0.095752 -0.026889
vn -0.009345 -0.095561 -0.027942
vn -0.005033 -0.095993 -0.027567
vn -0.004502 -0.095731 -0.028552
vn -0.000525 -0.095455 -0.029800
vn -0.003973 -0.095497 -0.029402
vn -0.003445 -0.095294 -0.030121
vn -0.007239 -0.095228 -0.029653
vn -0.006198 -0.095091 -0.030319
vn -0.010317 -0.094878 -0.029861
vn -0.008792 -0.094834 -0.030484
vn -0.013215 -0.094464 -0.030031
vn -0.011235 -0.094531 -0.030621
vn -0.014599 -0.094237 -0.030103
vn -0.012404 -0.094366 -0.030680
vn -0.015941 -0.093999 -0.030168
vn -0.013538 -0.094192 -0.030734
vn -0.017242 -0.093751 -0.030225
vn -0.014639 -0.094012 -0.030782
vn -0.018504 -0.093493 -0.030276
vn -0.015707 -0.093825 -0.030825
vn -0.019120 -0.093362 -0.030299
vn -0.016230 -0.093729 -0.030845
vn -0.019727 -0.093228 -0.030320
vn -0.016745 -0.093633 -0.030863
vn -0.020325 -0.093093 -0.030340
vn -0.017252 -0.093535 -0.030881
vn 0.055995 -0.081785 -0.013257
vn 0.051734 -0.083990 -0.016409
vn 0.052793 -0.083555 -0.015212
vn 0.049544 -0.085169 -0.017078
vn 0.051599 -0.084286 -0.015281
vn 0.048398 -0.085811 -0.017150
vn 0.045592 -0.086808 -0.019641
vn 0.046255 -0.086633 -0.018847
vn 0.045163 -0.087191 -0.018921
vn 0.042931 -0.087955 -0.020516
vn 0.039320 -0.089142 -0.022532
vn 0.039576 -0.089141 -0.022080
vn 0.036194 -0.090200 -0.023535
vn 0.038607 -0.089548 -0.022150
vn 0.035293 -0.090539 -0.023601
vn 0.032941 -0.091032 -0.025060
vn 0.032785 -0.091138 -0.024880
vn 0.031958 -0.091415 -0.024940
vn 0.029351 -0.091960 -0.026112
vn 0.026463 -0.092517 -0.027209
vn 0.025893 -0.092672 -0.027229
vn 0.022408 -0.093279 -0.028230
vn 0.025223 -0.092843 -0.027276
vn 0.021821 -0.093406 -0.028270
vn 0.019885 -0.093625 -0.028966
vn 0.018897 -0.093783 -0.029114
vn 0.018396 -0.093873 -0.029146
vn 0.015356 -0.094188 -0.029878
vn 0.013207 -0.094372 -0.030322
vn 0.011804 -0.094494 -0.030522
vn 0.008281 -0.094698 -0.031042
vn 0.011482 -0.094527 -0.030540
vn 0.008051 -0.094714 -0.031055
vn 0.006576 -0.094760 -0.031263
vn 0.004788 -0.094808 -0.031441
vn 0.004649 -0.094812 -0.031448
vn 0.000036 -0.094811 -0.031794
vn 0.001321 -0.094827 -0.031720
vn 0.001271 -0.094826 -0.031723
vn -0.002126 -0.094758 -0.031881
vn -0.006436 -0.094548 -0.031925
vn -0.005556 -0.094604 -0.031925
vn -0.008975 -0.094366 -0.031852
vn -0.005426 -0.094613 -0.031920
vn -0.008756 -0.094389 -0.031844
vn -0.012869 -0.093979 -0.031661
vn -0.012387 -0.094042 -0.031664
vn -0.012080 -0.094086 -0.031653
vn -0.015797 -0.093632 -0.031360
vn -0.019290 -0.093094 -0.031006
vn -0.019208 -0.093133 -0.030941
vn -0.022625 -0.092539 -0.030406
vn -0.018730 -0.093235 -0.030927
vn -0.022063 -0.092680 -0.030392
vn -0.025723 -0.091873 -0.029960
vn -0.026051 -0.091847 -0.029757
vn -0.025407 -0.092032 -0.029741
vn -0.029487 -0.091049 -0.028991
vn -0.032184 -0.090281 -0.028524
vn -0.032936 -0.090139 -0.028110
vn -0.038630 -0.088289 -0.026697
vn -0.036382 -0.089114 -0.027112
vn -0.039769 -0.087991 -0.026000
vn -0.035508 -0.089471 -0.027093
vn -0.038827 -0.088417 -0.025977
vn -0.044906 -0.085928 -0.024491
vn -0.043115 -0.086760 -0.024776
vn -0.042109 -0.087260 -0.024749
vn -0.046418 -0.085415 -0.023443
vn -0.051017 -0.083165 -0.021927
vn -0.051762 -0.082939 -0.021021
vn -0.056948 -0.079967 -0.019032
vn -0.056971 -0.080114 -0.018334
vn -0.062670 -0.076299 -0.015841
vn -0.062024 -0.076914 -0.015407
vn -0.049222 -0.086432 -0.010329
vn -0.048771 -0.086123 -0.014292
vn -0.052080 -0.084111 -0.014595
vn -0.040882 -0.090783 -0.009339
vn -0.041500 -0.089963 -0.013577
vn -0.045244 -0.088081 -0.013953
vn -0.041233 -0.089455 -0.017251
vn -0.044488 -0.087830 -0.017514
vn -0.037202 -0.090595 -0.020211
vn -0.031570 -0.094532 -0.008189
vn -0.029021 -0.094914 -0.012212
vn -0.037542 -0.091746 -0.013162
vn -0.034185 -0.092494 -0.016621
vn -0.037797 -0.091016 -0.016954
vn -0.030821 -0.093068 -0.019710
vn -0.034085 -0.091865 -0.019977
vn -0.027457 -0.093504 -0.022432
vn -0.030368 -0.092547 -0.022644
vn -0.025415 -0.093715 -0.023907
vn -0.019803 -0.097389 -0.011103
vn -0.021463 -0.097426 -0.006893
vn -0.010091 -0.099001 -0.009850
vn -0.010844 -0.099259 -0.005484
vn -0.000071 -0.099920 -0.004006
vn -0.000283 -0.098706 -0.016035
vn -0.009305 -0.098603 -0.013813
vn -0.018111 -0.097210 -0.014904
vn -0.026450 -0.095129 -0.015841
vn -0.000434 -0.096917 -0.024635
vn -0.007147 -0.097240 -0.022211
vn -0.007661 -0.097575 -0.020505
vn -0.008494 -0.098114 -0.017365
vn -0.016397 -0.096935 -0.018295
vn -0.005567 -0.096279 -0.026444
vn -0.006102 -0.096586 -0.025179
vn -0.011488 -0.095956 -0.025700
vn -0.012552 -0.096169 -0.024370
vn -0.018142 -0.095147 -0.024860
vn -0.019713 -0.095190 -0.023459
vn -0.000560 -0.094812 -0.031786
vn -0.002392 -0.094987 -0.031174
vn -0.002919 -0.095123 -0.030711
vn -0.000468 -0.096401 -0.026583
vn 0.001929 -0.095237 -0.030432
vn 0.001369 -0.095077 -0.030961
vn 0.000817 -0.094951 -0.031362
vn 0.002109 -0.094945 -0.031320
vn 0.001053 -0.094867 -0.031609
vn 0.001790 -0.094866 -0.031580
vn 0.000266 -0.094819 -0.031768
vn 0.000511 -0.094822 -0.031757
vn -0.001453 -0.094781 -0.031851
vn -0.001550 -0.094778 -0.031856
vn -0.003720 -0.094721 -0.031846
vn -0.004024 -0.094704 -0.031860
vn -0.006397 -0.094611 -0.031748
vn -0.006895 -0.094568 -0.031769
vn -0.009470 -0.094418 -0.031553
vn -0.010150 -0.094338 -0.031581
vn -0.012924 -0.094105 -0.031260
vn -0.013352 -0.094040 -0.031276
vn -0.000151 -0.099633 -0.008552
vn 0.006963 -0.097787 -0.019728
vn 0.006401 -0.097459 -0.021465
vn 0.005840 -0.097129 -0.023061
vn 0.011813 -0.096578 -0.023090
vn 0.010729 -0.096351 -0.024523
vn 0.015888 -0.095652 -0.024461
vn 0.014311 -0.095562 -0.025750
vn 0.018702 -0.094833 -0.025629
vn 0.016668 -0.094891 -0.026793
vn 0.018543 -0.094563 -0.026722
vn 0.016293 -0.094675 -0.027769
vn 0.017900 -0.094406 -0.027698
vn 0.015438 -0.094561 -0.028632
vn 0.016793 -0.094350 -0.028565
vn 0.014120 -0.094535 -0.029391
vn 0.015235 -0.094379 -0.029332
vn 0.012349 -0.094575 -0.030051
vn 0.012797 -0.094523 -0.030027
vn 0.009809 -0.094686 -0.030632
vn 0.010152 -0.094656 -0.030614
vn 0.007098 -0.094774 -0.031105
vn 0.007341 -0.094760 -0.031092
vn 0.004218 -0.094825 -0.031470
vn 0.009766 -0.099124 -0.008896
vn 0.009209 -0.098926 -0.011349
vn 0.008649 -0.098684 -0.013660
vn 0.008087 -0.098408 -0.015826
vn 0.016185 -0.097380 -0.015977
vn 0.015087 -0.097209 -0.017967
vn 0.022264 -0.095817 -0.017981
vn 0.020659 -0.095818 -0.019804
vn 0.026906 -0.094274 -0.019709
vn 0.024842 -0.094476 -0.021382
vn 0.027583 -0.093730 -0.021304
vn 0.025313 -0.094007 -0.022845
vn 0.027749 -0.093340 -0.022753
vn 0.025282 -0.093683 -0.024172
vn 0.027436 -0.093101 -0.024073
vn 0.024777 -0.093500 -0.025376
vn 0.026669 -0.093005 -0.025275
vn 0.023821 -0.093445 -0.026467
vn 0.024652 -0.093243 -0.026420
vn 0.021706 -0.093663 -0.027499
vn 0.022432 -0.093504 -0.027456
vn 0.019383 -0.093896 -0.028423
vn 0.020006 -0.093776 -0.028386
vn 0.016850 -0.094133 -0.029241
vn 0.018386 -0.097612 -0.011568
vn 0.019487 -0.097655 -0.009149
vn 0.027120 -0.095540 -0.011686
vn 0.028747 -0.095325 -0.009310
vn 0.035245 -0.092848 -0.011710
vn 0.037342 -0.092290 -0.009385
vn 0.039043 -0.091318 -0.011692
vn 0.045140 -0.088738 -0.009384
vn 0.042654 -0.089693 -0.011655
vn 0.046075 -0.087992 -0.011602
vn 0.043418 -0.089029 -0.013736
vn 0.046502 -0.087471 -0.013648
vn 0.043687 -0.088580 -0.015653
vn 0.045096 -0.087881 -0.015597
vn 0.042198 -0.088958 -0.017486
vn 0.043501 -0.088341 -0.017423
vn 0.040519 -0.089384 -0.019200
vn 0.041722 -0.088844 -0.019133
vn 0.038656 -0.089851 -0.020798
vn 0.052085 -0.084855 -0.009321
vn 0.049304 -0.086233 -0.011536
vn 0.047981 -0.086677 -0.013599
vn 0.046469 -0.087173 -0.015538
vn 0.044773 -0.087716 -0.017358
vn 0.052343 -0.084433 -0.011457
vn 0.050847 -0.085337 -0.011498
vn -0.060752 -0.077941 -0.015312
vn -0.055751 -0.080982 -0.018268
vn -0.050612 -0.083657 -0.020976
vn -0.045354 -0.085994 -0.023411
vn 0.053793 -0.083523 -0.011414
vn 0.050814 -0.085064 -0.013494
vn 0.047805 -0.086459 -0.015477
vn 0.049418 -0.085874 -0.013548
vn -0.032136 -0.090433 -0.028092
vn -0.028765 -0.091286 -0.028974
vn -0.015403 -0.093702 -0.031348
vn -0.002085 -0.094759 -0.031879
vn 0.014944 -0.094247 -0.029904
vn 0.028601 -0.092181 -0.026166
vn 0.041898 -0.088435 -0.020589
vn 0.054759 -0.082608 -0.013319
vn -0.051849 -0.083585 -0.018036
vn -0.050464 -0.084447 -0.017946
vn -0.046961 -0.085800 -0.020810
vn -0.045674 -0.086508 -0.020743
vn -0.044353 -0.087210 -0.020671
vn -0.041996 -0.087715 -0.023290
vn -0.040821 -0.088281 -0.023240
vn -0.039617 -0.088842 -0.023185
vn -0.038385 -0.089397 -0.023126
vn -0.038949 -0.088744 -0.024647
vn -0.037847 -0.089231 -0.024605
vn -0.036720 -0.089714 -0.024558
vn -0.035567 -0.090191 -0.024507
vn -0.033186 -0.091126 -0.024390
vn -0.035878 -0.089680 -0.025890
vn -0.034853 -0.090094 -0.025853
vn -0.033805 -0.090503 -0.025813
vn -0.032736 -0.090908 -0.025769
vn -0.030532 -0.091701 -0.025667
vn -0.028237 -0.092466 -0.025548
vn -0.032783 -0.090529 -0.027016
vn -0.031837 -0.090875 -0.026984
vn -0.030874 -0.091217 -0.026949
vn -0.029891 -0.091555 -0.026910
vn -0.027868 -0.092217 -0.026822
vn -0.025768 -0.092856 -0.026718
vn -0.023588 -0.093467 -0.026598
vn -0.029646 -0.091301 -0.028023
vn -0.028785 -0.091584 -0.027995
vn -0.027908 -0.091865 -0.027964
vn -0.027015 -0.092142 -0.027930
vn -0.025180 -0.092683 -0.027853
vn -0.023278 -0.093206 -0.027763
vn -0.021308 -0.093707 -0.027659
vn -0.019269 -0.094182 -0.027540
vn -0.026519 -0.091983 -0.028912
vn -0.025744 -0.092211 -0.028887
vn -0.024956 -0.092436 -0.028859
vn -0.024154 -0.092658 -0.028830
vn -0.022509 -0.093092 -0.028762
vn -0.020807 -0.093511 -0.028684
vn -0.019047 -0.093912 -0.028595
vn -0.017228 -0.094294 -0.028493
vn -0.013410 -0.094985 -0.028248
vn -0.023413 -0.092578 -0.029684
vn -0.022726 -0.092756 -0.029662
vn -0.022028 -0.092932 -0.029637
vn -0.021318 -0.093106 -0.029611
vn -0.019864 -0.093446 -0.029552
vn -0.018362 -0.093773 -0.029485
vn -0.016812 -0.094088 -0.029409
vn -0.015211 -0.094387 -0.029322
vn -0.011855 -0.094930 -0.029117
vn -0.008288 -0.095385 -0.028862
vn -0.014190 -0.093907 -0.031307
vn -0.013774 -0.093974 -0.031292
vn -0.011135 -0.094214 -0.031619
vn -0.010811 -0.094256 -0.031607
vn -0.010483 -0.094297 -0.031595
vn -0.008081 -0.094458 -0.031818
vn -0.007850 -0.094480 -0.031809
vn -0.007616 -0.094503 -0.031800
vn -0.007379 -0.094525 -0.031790
vn -0.005025 -0.094641 -0.031903
vn -0.004887 -0.094650 -0.031897
vn -0.004748 -0.094659 -0.031891
vn -0.004607 -0.094668 -0.031885
vn -0.004319 -0.094686 -0.031873
vn -0.001959 -0.094764 -0.031874
vn -0.001916 -0.094766 -0.031872
vn -0.001872 -0.094767 -0.031870
vn -0.001828 -0.094769 -0.031868
vn -0.001738 -0.094772 -0.031864
vn -0.001645 -0.094775 -0.031860
vn 0.001120 -0.094826 -0.031730
vn 0.001068 -0.094826 -0.031732
vn 0.001016 -0.094826 -0.031735
vn 0.000963 -0.094825 -0.031737
vn 0.000854 -0.094825 -0.031742
vn 0.000743 -0.094824 -0.031747
vn 0.000629 -0.094823 -0.031752
vn 0.004071 -0.094829 -0.031477
vn 0.006851 -0.094788 -0.031117
vn 0.009460 -0.094716 -0.030650
vn 0.011435 -0.094675 -0.030098
vn 0.012971 -0.094682 -0.029447
vn 0.014043 -0.094760 -0.028695
vn 0.014636 -0.094926 -0.027834
vn 0.012739 -0.095465 -0.026911
vn 0.009648 -0.096126 -0.025822
vn 0.005280 -0.096804 -0.024517
vn 0.010492 -0.094625 -0.030596
vn 0.013674 -0.094416 -0.029978
vn 0.013238 -0.094470 -0.030003
vn 0.016319 -0.094217 -0.029272
vn 0.018750 -0.094013 -0.028460
vn 0.020968 -0.093818 -0.027541
vn 0.022119 -0.093837 -0.026558
vn 0.022820 -0.093971 -0.025469
vn 0.023051 -0.094234 -0.024262
vn 0.022788 -0.094632 -0.022925
vn 0.019061 -0.095786 -0.021490
vn 0.013992 -0.097014 -0.019814
vn 0.007525 -0.098106 -0.017849
vn 0.023146 -0.093343 -0.027412
vn 0.026271 -0.092828 -0.026321
vn 0.025468 -0.093037 -0.026371
vn 0.029384 -0.092227 -0.025114
vn 0.028495 -0.092491 -0.025169
vn 0.027590 -0.092750 -0.025223
vn 0.032486 -0.091535 -0.023790
vn 0.031513 -0.091859 -0.023850
vn 0.030522 -0.092178 -0.023908
vn 0.029512 -0.092492 -0.023965
vn 0.035576 -0.090746 -0.022351
vn 0.034524 -0.091136 -0.022415
vn 0.033449 -0.091520 -0.022477
vn 0.032354 -0.091899 -0.022537
vn 0.030096 -0.092635 -0.022650
vn 0.037526 -0.090313 -0.020864
vn 0.039288 -0.089918 -0.019264
vn 0.040861 -0.089568 -0.017546
vn 0.040755 -0.089949 -0.015755
vn 0.040164 -0.090533 -0.013809
vn -0.012049 -0.094233 -0.031224
vn -0.008771 -0.094495 -0.031523
vn -0.005886 -0.094652 -0.031724
vn -0.003408 -0.094737 -0.031832
vn -0.001249 -0.094787 -0.031842
vn 0.000007 -0.094816 -0.031780
vn 0.000272 -0.094863 -0.031639
vn -0.011149 -0.094357 -0.031185
vn -0.010223 -0.094476 -0.031142
vn -0.009269 -0.094589 -0.031095
vn -0.007276 -0.094799 -0.030988
vn -0.005162 -0.094979 -0.030861
vn 0.003463 -0.094844 -0.031506
vn 0.003771 -0.094837 -0.031491
vn 0.003922 -0.094833 -0.031484
vn 0.006093 -0.094828 -0.031154
vn 0.006602 -0.094802 -0.031130
vn 0.003146 -0.094850 -0.031520
vn 0.002821 -0.094856 -0.031535
vn 0.002487 -0.094860 -0.031550
vn 0.008749 -0.094773 -0.030686
vn 0.005570 -0.094852 -0.031179
vn 0.005032 -0.094874 -0.031203
vn 0.004480 -0.094894 -0.031227
vn 0.003328 -0.094925 -0.031274
vn 0.010495 -0.094769 -0.030143
vn 0.011789 -0.094820 -0.029500
vn 0.012605 -0.094944 -0.028753
vn 0.011169 -0.095364 -0.027945
vn 0.008570 -0.095907 -0.026989
vn 0.004721 -0.096490 -0.025836
vn 0.008018 -0.094826 -0.030720
vn 0.007267 -0.094875 -0.030754
vn 0.006494 -0.094921 -0.030788
vn 0.004883 -0.094997 -0.030851
vn 0.003177 -0.095050 -0.030909
vn 0.019458 -0.094119 -0.027621
vn 0.018107 -0.094128 -0.028496
vn 0.020360 -0.094210 -0.026643
vn 0.020795 -0.094417 -0.025553
vn 0.020741 -0.094749 -0.024340
vn 0.017471 -0.095728 -0.023041
vn 0.012900 -0.096801 -0.021521
vn 0.032758 -0.092095 -0.021106
vn 0.035192 -0.091219 -0.020990
vn 0.036372 -0.090770 -0.020928
vn 0.035423 -0.091473 -0.019442
vn 0.038029 -0.090445 -0.019326
vn 0.030222 -0.092934 -0.021211
vn 0.038089 -0.090760 -0.017658
vn 0.032700 -0.092459 -0.019545
vn 0.029861 -0.093396 -0.019635
vn 0.037673 -0.091267 -0.015844
vn 0.036740 -0.091967 -0.013867
vn 0.035184 -0.091906 -0.017756
vn 0.032147 -0.092996 -0.017840
vn 0.028979 -0.094019 -0.017906
vn 0.015781 -0.094299 -0.029302
vn -0.008052 -0.094570 -0.031490
vn -0.005360 -0.094691 -0.031700
vn -0.002757 -0.094769 -0.031801
vn -0.001033 -0.094793 -0.031832
vn -0.000268 -0.094812 -0.031791
vn -0.007312 -0.094642 -0.031454
vn -0.005767 -0.094775 -0.031374
vn -0.004129 -0.094892 -0.031282
vn 0.009528 -0.094858 -0.030187
vn 0.010572 -0.094947 -0.029551
vn 0.009600 -0.095264 -0.028855
vn 0.007493 -0.095700 -0.028026
vn 0.004163 -0.096191 -0.027019
vn 0.008533 -0.094939 -0.030229
vn 0.006456 -0.095078 -0.030307
vn 0.004257 -0.095180 -0.030376
vn 0.034441 -0.092523 -0.015917
vn 0.033150 -0.093315 -0.013907
vn 0.031061 -0.093702 -0.015972
vn 0.023877 -0.095777 -0.016022
vn -0.023869 -0.095218 -0.019076
vn -0.021284 -0.095218 -0.021920
vn -0.014668 -0.096602 -0.021280
vn -0.013612 -0.096387 -0.022897
vn -0.006628 -0.096908 -0.023768
vn -0.004262 -0.094765 -0.031645
vn -0.002067 -0.094798 -0.031766
vn -0.000804 -0.094799 -0.031821
vn -0.003099 -0.094831 -0.031583
vn -0.001865 -0.094887 -0.031513
vn 0.008030 -0.095167 -0.029642
vn 0.006416 -0.095507 -0.028935
vn 0.003605 -0.095912 -0.028069
vn 0.005338 -0.095333 -0.029718
vn 0.002489 -0.095432 -0.029774
vn 0.025496 -0.095687 -0.013923
vn 0.017285 -0.097517 -0.013845
vn -0.001335 -0.094824 -0.031728
vn 0.003047 -0.095658 -0.028987
vn 0.073608 0.066778 -0.011071
vn 0.068263 0.072254 -0.010932
vn 0.073602 0.066272 -0.013808
vn 0.072690 0.066983 -0.015148
vn 0.076049 0.062802 -0.016505
vn 0.076544 0.061443 -0.019126
vn 0.078265 0.059249 -0.019083
vn 0.079857 0.055700 -0.022811
vn 0.080262 0.055628 -0.021528
vn 0.082054 0.051954 -0.023831
vn 0.081959 0.053027 -0.021701
vn 0.083528 0.049465 -0.024006
vn 0.083642 0.050261 -0.021859
vn 0.084987 0.046832 -0.024167
vn 0.085302 0.047325 -0.021999
vn 0.086420 0.044051 -0.024311
vn 0.086924 0.044215 -0.022119
vn 0.087819 0.041120 -0.024435
vn 0.088495 0.040929 -0.022214
vn 0.089169 0.038037 -0.024537
vn 0.089998 0.037469 -0.022281
vn 0.090460 0.034802 -0.024612
vn 0.091416 0.033838 -0.022317
vn 0.091678 0.031418 -0.024659
vn 0.092733 0.030040 -0.022319
vn 0.092809 0.027889 -0.024674
vn 0.093931 0.026086 -0.022283
vn 0.093838 0.024221 -0.024653
vn 0.094991 0.021989 -0.022207
vn 0.094752 0.020424 -0.024596
vn 0.095899 0.017762 -0.022089
vn 0.095537 0.016510 -0.024498
vn 0.096638 0.013427 -0.021925
vn 0.096180 0.012493 -0.024358
vn 0.097197 0.009005 -0.021716
vn 0.096671 0.008389 -0.024174
vn 0.097565 0.004520 -0.021462
vn 0.096999 0.004218 -0.023946
vn 0.097261 0.000000 -0.023244
vn 0.096420 0.003913 -0.026228
vn 0.095840 0.003605 -0.028313
vn 0.095590 0.007151 -0.028484
vn 0.095060 0.006531 -0.030346
vn 0.094755 0.009696 -0.030456
vn 0.094299 0.008767 -0.032107
vn 0.093978 0.011552 -0.032167
vn 0.093611 0.010325 -0.033621
vn 0.093304 0.012741 -0.033645
vn 0.093032 0.011225 -0.034915
vn 0.092760 0.013290 -0.034914
vn 0.092580 0.011496 -0.036012
vn 0.092354 0.013229 -0.035997
vn 0.092257 0.011163 -0.036933
vn 0.092083 0.012582 -0.036912
vn 0.092055 0.010248 -0.037693
vn 0.091932 0.011371 -0.037672
vn 0.091955 0.008784 -0.038302
vn 0.091878 0.009628 -0.038284
vn 0.091926 0.006838 -0.038766
vn 0.091886 0.007421 -0.038754
vn 0.091936 0.004434 -0.039090
vn 0.091922 0.004774 -0.039084
vn 0.091951 0.001592 -0.039275
vn 0.091950 0.001703 -0.039273
vn 0.091931 -0.001674 -0.039317
vn 0.091929 -0.001780 -0.039318
vn 0.091835 -0.005353 -0.039212
vn 0.091816 -0.005663 -0.039213
vn 0.091617 -0.009434 -0.038952
vn 0.091785 -0.006232 -0.039201
vn 0.091372 -0.012356 -0.038711
vn 0.082673 0.049804 -0.026165
vn 0.083654 0.048237 -0.025985
vn 0.084920 0.045875 -0.026156
vn 0.086169 0.043388 -0.026313
vn 0.087394 0.040774 -0.026454
vn 0.088585 0.038031 -0.026577
vn 0.089734 0.035156 -0.026679
vn 0.090831 0.032151 -0.026758
vn 0.091866 0.029015 -0.026811
vn 0.092826 0.025753 -0.026834
vn 0.093702 0.022369 -0.026826
vn 0.094481 0.018869 -0.026784
vn 0.095152 0.015262 -0.026705
vn 0.095705 0.011559 -0.026587
vn 0.096131 0.007771 -0.026429
vn 0.085040 0.043793 -0.029162
vn 0.085076 0.044485 -0.027985
vn 0.086149 0.042264 -0.028146
vn 0.087204 0.039936 -0.028294
vn 0.088237 0.037499 -0.028428
vn 0.089239 0.034951 -0.028545
vn 0.090205 0.032290 -0.028644
vn 0.091125 0.029516 -0.028722
vn 0.091993 0.026631 -0.028777
vn 0.092799 0.023634 -0.028806
vn 0.093534 0.020531 -0.028807
vn 0.094190 0.017324 -0.028777
vn 0.094757 0.014020 -0.028715
vn 0.095227 0.010626 -0.028618
vn 0.086334 0.040704 -0.029827
vn 0.087002 0.037686 -0.031787
vn 0.087440 0.036898 -0.031508
vn 0.088407 0.033067 -0.033028
vn 0.088172 0.034995 -0.031638
vn 0.088992 0.031340 -0.033140
vn 0.088889 0.033016 -0.031759
vn 0.089565 0.029547 -0.033244
vn 0.089588 0.030957 -0.031869
vn 0.090121 0.027689 -0.033339
vn 0.090264 0.028818 -0.031966
vn 0.090659 0.025763 -0.033423
vn 0.090914 0.026598 -0.032050
vn 0.091176 0.023769 -0.033497
vn 0.091532 0.024295 -0.032118
vn 0.091667 0.021704 -0.033557
vn 0.092115 0.021910 -0.032169
vn 0.092129 0.019570 -0.033604
vn 0.092656 0.019442 -0.032201
vn 0.092559 0.017364 -0.033635
vn 0.093150 0.016892 -0.032213
vn 0.092952 0.015088 -0.033649
vn 0.093593 0.014261 -0.032202
vn 0.088601 0.031494 -0.034029
vn 0.089243 0.029212 -0.034384
vn 0.089698 0.027668 -0.034477
vn 0.090142 0.026071 -0.034564
vn 0.090573 0.024419 -0.034644
vn 0.090989 0.022711 -0.034715
vn 0.091388 0.020945 -0.034777
vn 0.091768 0.019121 -0.034829
vn 0.092125 0.017238 -0.034870
vn 0.092456 0.015294 -0.034899
vn 0.089871 0.025215 -0.035881
vn 0.089959 0.025331 -0.035577
vn 0.090299 0.023979 -0.035652
vn 0.090631 0.022584 -0.035721
vn 0.090952 0.021143 -0.035785
vn 0.091263 0.019657 -0.035843
vn 0.091560 0.018124 -0.035894
vn 0.091842 0.016542 -0.035937
vn 0.092107 0.014910 -0.035972
vn 0.090561 0.021419 -0.036606
vn 0.090834 0.018841 -0.037339
vn 0.091054 0.017473 -0.037469
vn 0.091495 0.012431 -0.038395
vn 0.091437 0.013515 -0.038166
vn 0.091708 0.009606 -0.038696
vn 0.091531 0.012779 -0.038193
vn 0.091755 0.009081 -0.038712
vn 0.091623 0.012023 -0.038219
vn 0.091800 0.008543 -0.038727
vn 0.091712 0.011247 -0.038242
vn 0.091844 0.007989 -0.038741
vn 0.091797 0.010449 -0.038264
vn 0.091856 0.006130 -0.039050
vn 0.091876 0.005742 -0.039063
vn 0.091892 0.005428 -0.039070
vn 0.091907 0.005105 -0.039077
vn 0.091947 0.001916 -0.039270
vn 0.091947 -0.000081 -0.039315
vn 0.091926 -0.001883 -0.039319
vn 0.091327 -0.013204 -0.038537
vn 0.090697 -0.018485 -0.037846
vn 0.090941 -0.016983 -0.037966
vn 0.090452 -0.020778 -0.037238
vn 0.091101 -0.016065 -0.037980
vn 0.090692 -0.019662 -0.037261
vn 0.091258 -0.015120 -0.037991
vn 0.090926 -0.018512 -0.037280
vn 0.091411 -0.014148 -0.037999
vn 0.091153 -0.017327 -0.037295
vn 0.091558 -0.013147 -0.038003
vn 0.091373 -0.016106 -0.037304
vn 0.091700 -0.012118 -0.038003
vn 0.091585 -0.014847 -0.037307
vn 0.091836 -0.011058 -0.037999
vn 0.091787 -0.013551 -0.037304
vn 0.091964 -0.009967 -0.037990
vn 0.091978 -0.012215 -0.037294
vn 0.092085 -0.008844 -0.037977
vn 0.092157 -0.010839 -0.037277
vn 0.092196 -0.007688 -0.037957
vn 0.092323 -0.009422 -0.037252
vn 0.092298 -0.006497 -0.037932
vn 0.092474 -0.007962 -0.037218
vn 0.092389 -0.005272 -0.037901
vn 0.092608 -0.006459 -0.037175
vn 0.092468 -0.004011 -0.037863
vn 0.092724 -0.004913 -0.037122
vn 0.092534 -0.002712 -0.037817
vn 0.092821 -0.003321 -0.037058
vn 0.092585 -0.001376 -0.037763
vn 0.092895 -0.001684 -0.036983
vn 0.092987 0.000000 -0.036788
vn 0.093260 -0.001994 -0.036037
vn 0.093676 -0.002307 -0.034921
vn 0.093545 -0.004556 -0.035050
vn 0.093976 -0.005184 -0.033789
vn 0.093756 -0.007681 -0.033924
vn 0.094173 -0.008632 -0.032512
vn 0.093834 -0.011370 -0.032648
vn 0.094204 -0.012644 -0.031076
vn 0.093715 -0.015611 -0.031207
vn 0.094002 -0.017177 -0.029470
vn 0.093329 -0.020350 -0.029590
vn 0.093489 -0.022214 -0.027684
vn 0.092597 -0.025567 -0.027788
vn 0.092578 -0.027719 -0.025710
vn 0.091433 -0.031217 -0.025796
vn 0.091230 -0.033214 -0.023958
vn 0.089838 -0.036771 -0.024022
vn 0.089410 -0.038971 -0.022072
vn 0.087754 -0.042543 -0.022118
vn 0.087062 -0.044919 -0.020064
vn 0.085136 -0.048457 -0.020095
vn 0.084142 -0.050971 -0.017947
vn 0.081948 -0.054420 -0.017972
vn 0.080621 -0.057030 -0.015746
vn 0.078172 -0.060335 -0.015773
vn 0.076490 -0.062986 -0.013489
vn 0.073814 -0.066094 -0.013530
vn 0.071766 -0.068730 -0.011215
vn 0.068900 -0.071593 -0.011282
vn 0.069568 -0.071289 -0.008839
vn 0.068247 -0.071877 -0.013268
vn 0.071161 -0.068939 -0.013547
vn 0.073274 -0.066203 -0.015751
vn 0.075717 -0.063389 -0.015773
vn 0.077480 -0.060623 -0.017936
vn 0.079720 -0.057636 -0.017967
vn 0.081141 -0.054895 -0.020066
vn 0.083156 -0.051781 -0.020095
vn 0.084253 -0.049117 -0.022111
vn 0.086030 -0.045926 -0.022130
vn 0.086831 -0.043382 -0.024049
vn 0.088366 -0.040162 -0.024052
vn 0.088905 -0.037776 -0.025864
vn 0.090204 -0.034571 -0.025846
vn 0.090578 -0.031901 -0.027893
vn 0.091623 -0.028797 -0.027857
vn 0.091761 -0.026381 -0.029731
vn 0.092579 -0.023419 -0.029676
vn 0.092535 -0.021276 -0.031378
vn 0.093156 -0.018489 -0.031307
vn 0.092981 -0.016615 -0.032839
vn 0.093435 -0.014032 -0.032756
vn 0.093166 -0.012475 -0.034125
vn 0.093484 -0.010112 -0.034036
vn 0.093160 -0.008876 -0.035248
vn 0.093372 -0.006746 -0.035159
vn 0.093027 -0.005824 -0.036223
vn 0.093159 -0.003935 -0.036138
vn 0.089737 -0.024650 -0.036601
vn 0.089853 -0.024597 -0.036351
vn 0.090188 -0.023286 -0.036385
vn 0.090515 -0.021933 -0.036414
vn 0.090833 -0.020536 -0.036436
vn 0.091141 -0.019095 -0.036451
vn 0.091437 -0.017607 -0.036458
vn 0.091720 -0.016073 -0.036456
vn 0.091988 -0.014490 -0.036446
vn 0.092238 -0.012858 -0.036425
vn 0.092470 -0.011177 -0.036393
vn 0.092680 -0.009444 -0.036349
vn 0.092866 -0.007660 -0.036293
vn 0.088455 -0.030869 -0.034968
vn 0.089133 -0.028445 -0.035302
vn 0.089580 -0.026943 -0.035349
vn 0.090017 -0.025390 -0.035388
vn 0.090442 -0.023783 -0.035419
vn 0.090855 -0.022122 -0.035441
vn 0.091251 -0.020405 -0.035452
vn 0.091630 -0.018631 -0.035452
vn 0.091988 -0.016799 -0.035440
vn 0.092323 -0.014908 -0.035415
vn 0.092632 -0.012957 -0.035375
vn 0.092912 -0.010947 -0.035320
vn 0.088278 -0.032325 -0.034089
vn 0.086803 -0.037150 -0.032940
vn 0.087274 -0.036239 -0.032709
vn 0.086115 -0.040165 -0.031161
vn 0.087999 -0.034374 -0.032783
vn 0.087005 -0.038129 -0.031247
vn 0.088709 -0.032432 -0.032845
vn 0.087880 -0.036003 -0.031320
vn 0.089403 -0.030414 -0.032894
vn 0.088735 -0.033785 -0.031378
vn 0.090077 -0.028316 -0.032930
vn 0.089567 -0.031474 -0.031419
vn 0.090725 -0.026139 -0.032949
vn 0.090369 -0.029068 -0.031442
vn 0.091345 -0.023880 -0.032952
vn 0.091135 -0.026566 -0.031444
vn 0.091931 -0.021540 -0.032935
vn 0.091859 -0.023969 -0.031423
vn 0.092478 -0.019118 -0.032899
vn 0.084750 -0.043431 -0.030516
vn 0.084825 -0.044016 -0.029451
vn 0.085894 -0.041823 -0.029547
vn 0.086948 -0.039524 -0.029628
vn 0.087981 -0.037118 -0.029692
vn 0.088986 -0.034601 -0.029736
vn 0.089956 -0.031973 -0.029759
vn 0.090884 -0.029233 -0.029758
vn 0.082331 -0.049532 -0.027715
vn 0.083385 -0.047814 -0.027583
vn 0.084648 -0.045478 -0.027685
vn 0.085896 -0.043019 -0.027770
vn 0.087122 -0.040434 -0.027836
vn 0.088317 -0.037720 -0.027880
vn 0.089472 -0.034876 -0.027900
vn 0.081784 -0.051557 -0.025559
vn 0.079505 -0.055461 -0.024557
vn 0.080338 -0.054592 -0.023781
vn 0.076237 -0.061188 -0.021069
vn 0.078770 -0.057580 -0.021905
vn 0.077073 -0.060516 -0.019938
vn 0.080609 -0.054939 -0.021995
vn 0.079108 -0.057805 -0.020012
vn 0.082442 -0.052120 -0.022065
vn 0.072494 -0.066676 -0.017290
vn 0.075243 -0.063392 -0.017884
vn 0.074668 -0.065582 -0.011125
vn 0.075850 -0.064609 -0.008510
vn 0.077579 -0.062131 -0.011008
vn 0.080471 -0.058365 -0.010860
vn 0.081817 -0.055932 -0.013325
vn 0.084411 -0.051968 -0.013194
vn 0.085399 -0.049636 -0.015599
vn 0.087673 -0.045542 -0.015472
vn 0.088336 -0.043360 -0.017796
vn 0.090284 -0.039202 -0.017662
vn 0.090664 -0.037208 -0.019891
vn 0.092293 -0.033048 -0.019742
vn 0.092434 -0.031271 -0.021865
vn 0.093763 -0.027161 -0.021697
vn 0.093709 -0.025621 -0.023709
vn 0.094763 -0.021605 -0.023520
vn 0.094558 -0.020313 -0.025419
vn 0.095366 -0.016426 -0.025209
vn 0.094981 -0.015167 -0.027362
vn 0.095559 -0.011490 -0.027139
vn 0.095082 -0.010544 -0.029124
vn 0.095471 -0.007098 -0.028893
vn 0.094946 -0.006465 -0.030717
vn 0.095184 -0.003264 -0.030484
vn 0.094645 -0.002943 -0.032151
vn 0.095293 0.000000 -0.030319
vn 0.094140 -0.002623 -0.033628
vn 0.082078 -0.056552 -0.008061
vn 0.083307 -0.054276 -0.010679
vn 0.086913 -0.047712 -0.013026
vn 0.089828 -0.041191 -0.015304
vn 0.092096 -0.034823 -0.017484
vn 0.093777 -0.028701 -0.019548
vn 0.094944 -0.022895 -0.021483
vn 0.095671 -0.017461 -0.023285
vn 0.096035 -0.012433 -0.024954
vn 0.096011 -0.007728 -0.026873
vn 0.095749 -0.003580 -0.028623
vn 0.086048 -0.049863 -0.010462
vn 0.087909 -0.047075 -0.007474
vn 0.088651 -0.045132 -0.010206
vn 0.091069 -0.040102 -0.009910
vn 0.091493 -0.038354 -0.012567
vn 0.093494 -0.033291 -0.012272
vn 0.093652 -0.031769 -0.014835
vn 0.095255 -0.026745 -0.014531
vn 0.095199 -0.025468 -0.016989
vn 0.096437 -0.020542 -0.016668
vn 0.096215 -0.019521 -0.019015
vn 0.097129 -0.014738 -0.018675
vn 0.096786 -0.013975 -0.020909
vn 0.097417 -0.009368 -0.020548
vn 0.096992 -0.008862 -0.022670
vn 0.097382 -0.004452 -0.022291
vn 0.096911 -0.004201 -0.024304
vn 0.098108 0.000000 -0.019358
vn 0.096329 -0.003892 -0.026564
vn 0.092938 -0.036291 -0.006744
vn 0.093259 -0.034800 -0.009574
vn 0.095252 -0.028012 -0.011933
vn 0.096614 -0.021555 -0.014180
vn 0.097439 -0.015493 -0.016299
vn 0.097818 -0.009867 -0.018286
vn 0.097838 -0.004699 -0.020139
vn 0.095179 -0.029265 -0.009198
vn 0.096770 -0.024513 -0.005882
vn 0.096791 -0.023544 -0.008783
vn 0.098069 -0.017695 -0.008334
vn 0.097919 -0.016974 -0.011127
vn 0.098784 -0.011317 -0.010665
vn 0.098511 -0.010843 -0.013342
vn 0.099022 -0.005414 -0.012861
vn 0.098668 -0.005181 -0.015423
vn 0.098270 -0.004943 -0.017849
vn 0.099128 -0.012225 -0.004919
vn 0.098993 -0.011778 -0.007855
vn 0.099322 -0.005640 -0.010169
vn 0.099924 0.000000 -0.003900
vn 0.099557 -0.005859 -0.007351
vn 0.092335 -0.001069 -0.038382
vn 0.091969 0.000000 -0.039264
vn 0.092145 -0.000764 -0.038842
vn 0.092018 -0.000458 -0.039147
vn 0.092127 -0.001505 -0.038863
vn 0.092010 -0.000903 -0.039157
vn 0.092105 -0.002224 -0.038881
vn 0.092001 -0.001334 -0.039166
vn 0.092079 -0.002922 -0.038897
vn 0.091991 -0.001753 -0.039173
vn 0.092049 -0.003601 -0.038911
vn 0.091980 -0.002160 -0.039180
vn 0.092016 -0.004260 -0.038922
vn 0.091967 -0.002555 -0.039186
vn 0.091980 -0.004900 -0.038931
vn 0.091953 -0.002939 -0.039192
vn 0.091942 -0.005523 -0.038939
vn 0.091938 -0.003313 -0.039196
vn 0.091901 -0.006128 -0.038945
vn 0.091923 -0.003676 -0.039200
vn 0.091858 -0.006717 -0.038949
vn 0.091907 -0.004030 -0.039204
vn 0.091813 -0.007290 -0.038952
vn 0.091890 -0.004374 -0.039207
vn 0.091766 -0.007848 -0.038954
vn 0.091872 -0.004709 -0.039209
vn 0.091718 -0.008390 -0.038955
vn 0.091854 -0.005035 -0.039211
vn 0.091668 -0.008919 -0.038954
vn 0.092499 0.000000 -0.037999
vn 0.092024 0.000464 -0.039133
vn 0.091957 0.000155 -0.039292
vn 0.091955 -0.000152 -0.039297
vn 0.091954 -0.000300 -0.039299
vn 0.094477 0.000000 -0.032774
vn 0.093310 0.002048 -0.035903
vn 0.092933 0.001731 -0.036884
vn 0.092613 0.001413 -0.037695
vn 0.092574 0.002786 -0.037714
vn 0.092331 0.002154 -0.038346
vn 0.092299 0.003184 -0.038350
vn 0.092131 0.002262 -0.038817
vn 0.092112 0.002973 -0.038814
vn 0.092011 0.001777 -0.039125
vn 0.092004 0.002189 -0.039122
vn 0.091957 0.000730 -0.039286
vn 0.091956 0.000864 -0.039285
vn 0.091947 -0.000849 -0.039307
vn 0.091945 -0.000977 -0.039309
vn 0.095273 0.003296 -0.030202
vn 0.094728 0.002986 -0.031902
vn 0.094551 0.005911 -0.032019
vn 0.094071 0.005289 -0.033508
vn 0.093868 0.007840 -0.033576
vn 0.093469 0.006913 -0.034868
vn 0.093270 0.009100 -0.034900
vn 0.092959 0.007875 -0.036008
vn 0.092782 0.009712 -0.036016
vn 0.092559 0.008197 -0.036954
vn 0.092416 0.009702 -0.036947
vn 0.092274 0.007902 -0.037723
vn 0.092170 0.009092 -0.037710
vn 0.092095 0.007023 -0.038330
vn 0.092028 0.007916 -0.038317
vn 0.092000 0.005621 -0.038788
vn 0.091964 0.006238 -0.038778
vn 0.091963 0.003727 -0.039102
vn 0.091950 0.004085 -0.039097
vn 0.091953 0.001363 -0.039278
vn 0.091952 0.001479 -0.039276
vn 0.091936 -0.001454 -0.039315
vn 0.091934 -0.001566 -0.039316
vn 0.099580 0.000000 -0.009154
vn 0.098598 0.005114 -0.015883
vn 0.098104 0.004820 -0.018774
vn 0.099031 0.005403 -0.012791
vn 0.098860 0.011412 -0.009823
vn 0.098545 0.010824 -0.013105
vn 0.097766 0.016213 -0.013379
vn 0.097447 0.015290 -0.016438
vn 0.096498 0.020273 -0.016649
vn 0.096224 0.019017 -0.019473
vn 0.095185 0.023560 -0.019615
vn 0.096820 0.022768 -0.010368
vn 0.096703 0.021524 -0.013613
vn 0.095318 0.025136 -0.016814
vn 0.093965 0.027963 -0.019712
vn 0.095372 0.026713 -0.013805
vn 0.093560 0.033625 -0.010768
vn 0.093798 0.031738 -0.013955
vn 0.092006 0.036566 -0.014064
vn 0.092349 0.034383 -0.017016
vn 0.090609 0.038719 -0.017055
vn 0.091066 0.036273 -0.019783
vn 0.089428 0.040150 -0.019763
vn 0.089307 0.043621 -0.011021
vn 0.090029 0.041171 -0.014134
vn 0.088734 0.042840 -0.017058
vn 0.087695 0.043831 -0.019710
vn 0.087899 0.045531 -0.014168
vn 0.084365 0.052521 -0.011141
vn 0.085648 0.049636 -0.014169
vn 0.083308 0.053477 -0.014141
vn 0.084686 0.050402 -0.016968
vn 0.082563 0.053837 -0.016882
vn 0.084022 0.050589 -0.019522
vn 0.082120 0.053668 -0.019393
vn 0.079043 0.060232 -0.011148
vn 0.080909 0.057056 -0.014088
vn 0.080403 0.057044 -0.016774
vn 0.080196 0.056553 -0.019245
vn 0.078476 0.060375 -0.014012
vn 0.076034 0.063444 -0.013918
vn 0.081989 -0.052034 -0.023880
vn 0.083630 -0.049315 -0.023960
vn 0.085248 -0.046433 -0.024017
vn 0.083255 -0.049092 -0.025662
vn 0.084713 -0.046485 -0.025747
vn 0.086147 -0.043732 -0.025811
vn 0.087548 -0.040829 -0.025851
vn 0.088855 -0.030638 -0.034149
vn 0.089419 -0.028888 -0.034200
vn 0.089970 -0.027074 -0.034240
vn 0.090504 -0.025194 -0.034269
vn 0.091017 -0.023247 -0.034284
vn 0.091508 -0.021231 -0.034286
vn 0.091972 -0.019147 -0.034272
vn 0.092405 -0.016993 -0.034242
vn 0.092805 -0.014769 -0.034193
vn 0.091425 -0.012486 -0.038543
vn 0.091520 -0.011749 -0.038548
vn 0.091613 -0.010991 -0.038551
vn 0.091703 -0.010212 -0.038552
vn 0.091790 -0.009410 -0.038550
vn 0.091872 -0.008586 -0.038545
vn 0.091951 -0.007738 -0.038538
vn 0.092025 -0.006866 -0.038527
vn 0.092093 -0.005969 -0.038513
vn 0.092156 -0.005045 -0.038495
vn 0.092212 -0.004094 -0.038474
vn 0.092261 -0.003115 -0.038448
vn 0.092302 -0.002107 -0.038417
vn 0.091948 0.001811 -0.039271
vn 0.091213 0.016527 -0.037510
vn 0.091368 0.015554 -0.037549
vn 0.091519 0.014552 -0.037584
vn 0.091663 0.013522 -0.037617
vn 0.091801 0.012462 -0.037646
vn 0.090803 0.020267 -0.036663
vn 0.091038 0.019080 -0.036716
vn 0.091266 0.017857 -0.036765
vn 0.091485 0.016596 -0.036810
vn 0.091696 0.015298 -0.036850
vn 0.091895 0.013960 -0.036884
vn 0.087228 0.038637 -0.029974
vn 0.088107 0.036478 -0.030109
vn 0.088964 0.034227 -0.030232
vn 0.089795 0.031880 -0.030341
vn 0.090594 0.029438 -0.030433
vn 0.091355 0.026898 -0.030507
vn 0.092072 0.024263 -0.030561
vn 0.092739 0.021531 -0.030593
vn 0.093347 0.018705 -0.030600
vn 0.093891 0.015788 -0.030581
vn 0.094362 0.012784 -0.030534
vn 0.078226 0.060030 -0.016647
vn 0.079167 -0.059602 -0.013422
vn 0.083038 -0.053465 -0.015689
vn 0.086280 -0.047284 -0.017890
vn 0.088912 -0.041168 -0.019997
vn 0.090976 -0.035211 -0.021989
vn 0.092526 -0.029494 -0.023854
vn 0.093624 -0.024081 -0.025585
vn 0.094287 -0.018744 -0.027543
vn 0.094590 -0.013906 -0.029316
vn 0.094617 -0.009594 -0.030914
vn 0.094445 -0.005822 -0.032347
vn 0.091938 -0.001340 -0.039313
vn 0.091954 0.001243 -0.039280
vn 0.091974 0.003358 -0.039108
vn 0.092032 0.004987 -0.038796
vn 0.092156 0.006104 -0.038340
vn 0.092368 0.006678 -0.037730
vn 0.092685 0.006648 -0.036951
vn 0.093108 0.005985 -0.035988
vn 0.093627 0.004667 -0.034817
vn 0.094214 0.002675 -0.033415
vn 0.085886 0.047311 -0.019629
vn 0.086752 0.046736 -0.017028
vn 0.089287 -0.043169 -0.012817
vn 0.091832 -0.036593 -0.015092
vn 0.093743 -0.030238 -0.017261
vn 0.095092 -0.024184 -0.019306
vn 0.095957 -0.018493 -0.021220
vn 0.096418 -0.013206 -0.023002
vn 0.096553 -0.008352 -0.024653
vn 0.091941 -0.001222 -0.039312
vn 0.091943 -0.001101 -0.039311
vn 0.091955 0.001120 -0.039281
vn 0.091985 0.002979 -0.039113
vn 0.092062 0.004335 -0.038804
vn 0.092211 0.005159 -0.038347
vn 0.092450 0.005417 -0.037731
vn 0.092790 0.005055 -0.036939
vn 0.093226 0.004043 -0.035953
vn 0.093739 0.002362 -0.034748
vn 0.091956 0.000994 -0.039283
vn 0.091995 0.002590 -0.039118
vn 0.092089 0.003664 -0.038810
vn 0.092259 0.004186 -0.038351
vn 0.092519 0.004120 -0.037726
vn 0.092873 0.003416 -0.036917
vn 0.092585 0.032206 -0.019767
vn 0.093927 0.029848 -0.016936
vn 0.096736 -0.022557 -0.011551
vn 0.097705 -0.016240 -0.013783
vn 0.098186 -0.010360 -0.015883
vn 0.091949 -0.000718 -0.039306
vn 0.091950 -0.000583 -0.039304
vn 0.091952 -0.000443 -0.039302
vn 0.091957 0.000593 -0.039288
vn 0.092017 0.001352 -0.039128
vn 0.092146 0.001530 -0.038817
vn 0.092353 0.001093 -0.038338
vn 0.091957 0.000451 -0.039290
vn 0.091957 0.000305 -0.039291
vn 0.092021 0.000915 -0.039131
vn 0.092156 0.000777 -0.038815
vn 0.097066 0.014360 -0.019286
vn 0.097696 0.009617 -0.019053
vn 0.098151 0.010224 -0.016182
vn -0.057277 0.080035 -0.017713
vn -0.058750 0.079302 -0.016112
vn -0.057499 0.080210 -0.016130
vn -0.057883 0.080319 -0.014086
vn -0.056206 0.081119 -0.016145
vn -0.054869 0.082026 -0.016156
vn -0.053113 0.082772 -0.018105
vn -0.051823 0.083581 -0.018126
vn -0.049989 0.084277 -0.019962
vn -0.048752 0.084992 -0.019990
vn -0.046840 0.085642 -0.021711
vn -0.045662 0.086268 -0.021744
vn -0.043671 0.086877 -0.023350
vn -0.042556 0.087419 -0.023385
vn -0.040486 0.087989 -0.024875
vn -0.039438 0.088454 -0.024910
vn -0.037286 0.088988 -0.026285
vn -0.036310 0.089381 -0.026319
vn -0.034073 0.089880 -0.027579
vn -0.033172 0.090207 -0.027610
vn -0.030847 0.090673 -0.028755
vn -0.030025 0.090940 -0.028782
vn -0.027607 0.091373 -0.029813
vn -0.026866 0.091586 -0.029836
vn -0.024351 0.091986 -0.030752
vn -0.023695 0.092150 -0.030772
vn -0.021077 0.092515 -0.031572
vn -0.020507 0.092637 -0.031588
vn -0.017782 0.092964 -0.032273
vn -0.017301 0.093050 -0.032285
vn -0.014463 0.093335 -0.032854
vn -0.014073 0.093392 -0.032862
vn -0.011133 0.093628 -0.033313
vn -0.010836 0.093661 -0.033319
vn -0.007831 0.093841 -0.033652
vn -0.007626 0.093857 -0.033655
vn -0.004555 0.093978 -0.033872
vn -0.004443 0.093983 -0.033874
vn -0.001300 0.094043 -0.033975
vn -0.001280 0.094043 -0.033975
vn 0.001940 0.094036 -0.033961
vn 0.001868 0.094038 -0.033961
vn 0.005168 0.093961 -0.033833
vn 0.005005 0.093970 -0.033833
vn 0.008392 0.093816 -0.033589
vn 0.008138 0.093838 -0.033590
vn 0.011615 0.093599 -0.033230
vn 0.011272 0.093640 -0.033233
vn 0.014843 0.093309 -0.032757
vn 0.014411 0.093376 -0.032762
vn 0.018081 0.092942 -0.032169
vn 0.017560 0.093039 -0.032176
vn 0.021332 0.092493 -0.031465
vn 0.020724 0.092627 -0.031475
vn 0.024599 0.091956 -0.030644
vn 0.023907 0.092134 -0.030657
vn 0.027886 0.091323 -0.029706
vn 0.027110 0.091552 -0.029721
vn 0.031193 0.090588 -0.028649
vn 0.030336 0.090873 -0.028667
vn 0.034508 0.089746 -0.027474
vn 0.033571 0.090094 -0.027495
vn 0.037776 0.088811 -0.026183
vn 0.036765 0.089228 -0.026205
vn 0.041013 0.087772 -0.024778
vn 0.039932 0.088263 -0.024801
vn 0.044218 0.086623 -0.023263
vn 0.043072 0.087193 -0.023284
vn 0.049422 0.084474 -0.020533
vn 0.048179 0.085185 -0.020548
vn 0.054518 0.081979 -0.017528
vn 0.053193 0.082844 -0.017530
vn 0.059484 0.079107 -0.014272
vn 0.058094 0.080138 -0.014251
vn 0.062852 0.077034 -0.010743
vn 0.056653 0.081167 -0.014226
vn 0.056496 0.081845 -0.010469
vn 0.055162 0.082193 -0.014194
vn 0.053618 0.083214 -0.014158
vn 0.048965 0.085417 -0.017506
vn 0.047468 0.086261 -0.017488
vn 0.042857 0.087979 -0.020565
vn 0.039980 0.089328 -0.020544
vn 0.035593 0.090492 -0.023331
vn 0.032865 0.091523 -0.023311
vn 0.030379 0.091975 -0.024852
vn 0.027732 0.092816 -0.024821
vn 0.025447 0.093079 -0.026246
vn 0.022911 0.093746 -0.026205
vn 0.020843 0.093854 -0.027513
vn 0.015966 0.094840 -0.027394
vn 0.014357 0.094742 -0.028596
vn 0.009673 0.095384 -0.028432
vn 0.008581 0.095153 -0.029536
vn 0.004152 0.095509 -0.029338
vn 0.003594 0.095214 -0.030353
vn -0.000560 0.094814 -0.031781
vn 0.003042 0.094947 -0.031237
vn 0.002495 0.094711 -0.031995
vn 0.006438 0.094737 -0.031360
vn 0.005384 0.094559 -0.032086
vn 0.009645 0.094437 -0.031442
vn 0.008111 0.094344 -0.032148
vn 0.012669 0.094063 -0.031490
vn 0.010684 0.094074 -0.032185
vn 0.014115 0.093853 -0.031503
vn 0.011915 0.093923 -0.032195
vn 0.015518 0.093629 -0.031509
vn 0.013111 0.093762 -0.032199
vn 0.016880 0.093393 -0.031508
vn 0.014273 0.093592 -0.032200
vn 0.018201 0.093147 -0.031502
vn 0.015401 0.093414 -0.032196
vn 0.018846 0.093020 -0.031497
vn 0.015953 0.093323 -0.032192
vn 0.019482 0.092891 -0.031491
vn 0.016496 0.093230 -0.032188
vn 0.020108 0.092760 -0.031483
vn 0.017032 0.093135 -0.032182
vn -0.055577 0.081150 -0.018052
vn -0.051271 0.083238 -0.021043
vn -0.052360 0.082841 -0.019895
vn -0.049107 0.084382 -0.021637
vn -0.051191 0.083560 -0.019930
vn -0.047988 0.085014 -0.021676
vn -0.045135 0.085939 -0.024027
vn -0.045822 0.085783 -0.023273
vn -0.044760 0.086331 -0.023313
vn -0.042512 0.087050 -0.024799
vn -0.038899 0.088188 -0.026642
vn -0.039178 0.088193 -0.026212
vn -0.035824 0.089218 -0.027511
vn -0.038242 0.088592 -0.026250
vn -0.034957 0.089550 -0.027546
vn -0.032578 0.090028 -0.028872
vn -0.032448 0.090132 -0.028694
vn -0.031655 0.090404 -0.028725
vn -0.029052 0.090941 -0.029761
vn -0.026171 0.091499 -0.030708
vn -0.025634 0.091651 -0.030709
vn -0.022192 0.092265 -0.031538
vn -0.024998 0.091819 -0.030731
vn -0.021639 0.092391 -0.031555
vn -0.019673 0.092627 -0.032143
vn -0.018724 0.092788 -0.032247
vn -0.018257 0.092876 -0.032260
vn -0.015227 0.093220 -0.032836
vn -0.013075 0.093428 -0.033169
vn -0.011716 0.093561 -0.033302
vn -0.008232 0.093809 -0.033646
vn -0.011426 0.093595 -0.033308
vn -0.008033 0.093825 -0.033649
vn -0.006516 0.093896 -0.033780
vn -0.004775 0.093968 -0.033870
vn -0.004666 0.093973 -0.033871
vn -0.000036 0.094048 -0.033984
vn -0.001339 0.094042 -0.033975
vn -0.001319 0.094042 -0.033975
vn 0.002081 0.094033 -0.033962
vn 0.006392 0.093901 -0.033789
vn 0.005488 0.093943 -0.033832
vn 0.008889 0.093771 -0.033586
vn 0.005329 0.093952 -0.033832
vn 0.008642 0.093793 -0.033588
vn 0.012797 0.093456 -0.033199
vn 0.012289 0.093515 -0.033224
vn 0.011954 0.093558 -0.033228
vn 0.015691 0.093174 -0.032746
vn 0.019208 0.092700 -0.032216
vn 0.019099 0.092744 -0.032153
vn 0.022519 0.092219 -0.031442
vn 0.018594 0.092844 -0.032161
vn 0.021930 0.092357 -0.031454
vn 0.025648 0.091604 -0.030837
vn 0.025951 0.091593 -0.030614
vn 0.025281 0.091775 -0.030630
vn 0.029399 0.090860 -0.029669
vn 0.032129 0.090129 -0.029061
vn 0.032862 0.090010 -0.028606
vn 0.038609 0.088240 -0.026889
vn 0.036326 0.089041 -0.027425
vn 0.039734 0.087969 -0.026130
vn 0.035426 0.089395 -0.027450
vn 0.038765 0.088391 -0.026158
vn 0.044923 0.085962 -0.024340
vn 0.043101 0.086781 -0.024724
vn 0.042069 0.087278 -0.024753
vn 0.046427 0.085474 -0.023210
vn 0.051074 0.083258 -0.021436
vn 0.051805 0.083044 -0.020492
vn 0.057039 0.080094 -0.018206
vn 0.057044 0.080245 -0.017513
vn 0.062783 0.076436 -0.014688
vn 0.062118 0.077051 -0.014301
vn 0.049125 0.086515 -0.010092
vn 0.048669 0.086227 -0.014012
vn 0.052022 0.084229 -0.014115
vn 0.040726 0.090826 -0.009598
vn 0.041314 0.090027 -0.013721
vn 0.045099 0.088167 -0.013881
vn 0.041037 0.089525 -0.017355
vn 0.044342 0.087919 -0.017434
vn 0.036956 0.090631 -0.020500
vn 0.031373 0.094526 -0.008977
vn 0.028731 0.094891 -0.013047
vn 0.037317 0.091784 -0.013530
vn 0.033895 0.092511 -0.017112
vn 0.037554 0.091062 -0.017248
vn 0.030470 0.093048 -0.020336
vn 0.033786 0.091875 -0.020432
vn 0.027052 0.093434 -0.023202
vn 0.030018 0.092507 -0.023268
vn 0.024980 0.093608 -0.024768
vn 0.019470 0.097296 -0.012423
vn 0.021246 0.097370 -0.008229
vn 0.009741 0.098839 -0.011661
vn 0.010632 0.099160 -0.007369
vn -0.000113 0.099794 -0.006422
vn -0.000320 0.098340 -0.018141
vn 0.008832 0.098385 -0.015570
vn 0.017676 0.097078 -0.016229
vn 0.026078 0.095077 -0.016741
vn -0.000469 0.096397 -0.026597
vn 0.006421 0.096885 -0.023918
vn 0.006986 0.097251 -0.022212
vn 0.007912 0.097842 -0.019088
vn 0.015872 0.096759 -0.019642
vn 0.004718 0.095828 -0.028191
vn 0.005289 0.096167 -0.026906
vn 0.010776 0.095626 -0.027196
vn 0.011873 0.095876 -0.025824
vn 0.017567 0.094933 -0.026061
vn 0.019169 0.095014 -0.024594
vn -0.000597 0.094074 -0.033909
vn 0.001416 0.094339 -0.033138
vn 0.001954 0.094507 -0.032628
vn -0.000583 0.094367 -0.033083
vn -0.001246 0.094074 -0.033889
vn -0.000714 0.094048 -0.033978
vn -0.000182 0.094061 -0.033948
vn 0.000209 0.094060 -0.033951
vn 0.001238 0.094103 -0.033810
vn 0.002077 0.094085 -0.033819
vn 0.003577 0.094128 -0.033571
vn 0.004813 0.094069 -0.033583
vn 0.006760 0.094075 -0.033230
vn 0.007565 0.094012 -0.033235
vn 0.009734 0.093975 -0.032772
vn 0.010723 0.093866 -0.032776
vn -0.000514 0.095650 -0.029170
vn -0.003926 0.094800 -0.031584
vn -0.003393 0.094579 -0.032299
vn -0.002856 0.094395 -0.032886
vn -0.005005 0.094295 -0.032914
vn -0.003946 0.094189 -0.033359
vn -0.005483 0.094111 -0.033364
vn -0.003951 0.094073 -0.033684
vn -0.004947 0.094027 -0.033680
vn -0.002977 0.094037 -0.033885
vn -0.003238 0.094029 -0.033884
vn -0.001066 0.094045 -0.033977
vn -0.001111 0.094045 -0.033976
vn 0.001258 0.094049 -0.033959
vn 0.001416 0.094047 -0.033959
vn 0.003980 0.094019 -0.033831
vn 0.004331 0.094003 -0.033832
vn 0.007089 0.093922 -0.033592
vn 0.007357 0.093901 -0.033592
vn 0.010213 0.093760 -0.033238
vn 0.010570 0.093721 -0.033237
vn 0.013527 0.093505 -0.032769
vn 0.013972 0.093441 -0.032766
vn -0.000387 0.097554 -0.021978
vn -0.006533 0.096339 -0.026001
vn -0.006017 0.095986 -0.027393
vn -0.005499 0.095652 -0.028645
vn -0.010245 0.095210 -0.028811
vn -0.009202 0.094984 -0.029888
vn -0.013191 0.094490 -0.029961
vn -0.011655 0.094394 -0.030887
vn -0.014950 0.093923 -0.030902
vn -0.012953 0.093955 -0.031696
vn -0.014309 0.093760 -0.031691
vn -0.012089 0.093842 -0.032365
vn -0.013193 0.093697 -0.032355
vn -0.010751 0.093814 -0.032913
vn -0.011617 0.093715 -0.032903
vn -0.008966 0.093849 -0.033345
vn -0.009606 0.093789 -0.033338
vn -0.006781 0.093918 -0.033666
vn -0.006996 0.093903 -0.033663
vn -0.004098 0.093998 -0.033877
vn -0.004214 0.093993 -0.033876
vn -0.001239 0.094043 -0.033975
vn -0.001260 0.094043 -0.033975
vn 0.001795 0.094039 -0.033961
vn -0.000199 0.099357 -0.011317
vn -0.009071 0.098155 -0.016831
vn -0.008570 0.097810 -0.018968
vn -0.008066 0.097447 -0.020952
vn -0.015479 0.096458 -0.021361
vn -0.014428 0.096211 -0.023137
vn -0.020929 0.094951 -0.023370
vn -0.019369 0.094878 -0.024959
vn -0.024979 0.093532 -0.025057
vn -0.022959 0.093657 -0.026482
vn -0.025400 0.093022 -0.026491
vn -0.023172 0.093227 -0.027781
vn -0.025320 0.092670 -0.027770
vn -0.022894 0.092946 -0.028930
vn -0.024771 0.092470 -0.028907
vn -0.022150 0.092804 -0.029946
vn -0.023775 0.092411 -0.029917
vn -0.020961 0.092788 -0.030839
vn -0.021660 0.092632 -0.030824
vn -0.018745 0.092996 -0.031630
vn -0.019341 0.092878 -0.031617
vn -0.016318 0.093220 -0.032307
vn -0.016813 0.093136 -0.032296
vn -0.013678 0.093448 -0.032870
vn -0.009566 0.098474 -0.014539
vn -0.010054 0.098756 -0.012091
vn -0.018638 0.097076 -0.015127
vn -0.019689 0.097211 -0.012740
vn -0.027252 0.094946 -0.015573
vn -0.028848 0.094827 -0.013252
vn -0.035251 0.092223 -0.015884
vn -0.037334 0.091763 -0.013629
vn -0.038987 0.090688 -0.015993
vn -0.045026 0.088204 -0.013883
vn -0.042538 0.089063 -0.016073
vn -0.045901 0.087367 -0.016127
vn -0.043244 0.088318 -0.018163
vn -0.046268 0.086771 -0.018170
vn -0.043454 0.087802 -0.020064
vn -0.044832 0.087109 -0.020052
vn -0.041942 0.088118 -0.021820
vn -0.043213 0.087507 -0.021799
vn -0.040245 0.088491 -0.023444
vn -0.041414 0.087958 -0.023416
vn -0.038367 0.088915 -0.024942
vn -0.051872 0.084336 -0.014028
vn -0.049075 0.085619 -0.016157
vn -0.047717 0.085983 -0.018166
vn -0.046175 0.086409 -0.020036
vn -0.044453 0.086890 -0.021773
vn -0.052063 0.083834 -0.016166
vn -0.050592 0.084730 -0.016164
vn 0.060825 0.078078 -0.014289
vn 0.055801 0.081112 -0.017522
vn 0.050630 0.083760 -0.020514
vn 0.045336 0.086050 -0.023238
vn -0.053489 0.082932 -0.016163
vn -0.050495 0.084386 -0.018144
vn -0.047481 0.085703 -0.020015
vn -0.049126 0.085188 -0.018157
vn 0.032035 0.090300 -0.028628
vn 0.028649 0.091093 -0.029688
vn 0.015270 0.093242 -0.032752
vn 0.002011 0.094035 -0.033962
vn -0.014847 0.093278 -0.032845
vn -0.028336 0.091158 -0.029787
vn -0.041510 0.087521 -0.024838
vn -0.054364 0.081961 -0.018080
vn 0.051827 0.083707 -0.017527
vn 0.050417 0.084565 -0.017519
vn 0.046902 0.085893 -0.020559
vn 0.045589 0.086595 -0.020566
vn 0.044241 0.087291 -0.020568
vn 0.041898 0.087759 -0.023302
vn 0.040695 0.088319 -0.023317
vn 0.039464 0.088873 -0.023327
vn 0.038203 0.089421 -0.023333
vn 0.038827 0.088749 -0.024821
vn 0.037697 0.089230 -0.024837
vn 0.036542 0.089706 -0.024849
vn 0.035361 0.090176 -0.024858
vn 0.032922 0.091093 -0.024864
vn 0.035733 0.089640 -0.026225
vn 0.034680 0.090048 -0.026241
vn 0.033604 0.090451 -0.026255
vn 0.032506 0.090849 -0.026265
vn 0.030244 0.091624 -0.026275
vn 0.027891 0.092369 -0.026269
vn 0.032617 0.090439 -0.027513
vn 0.031643 0.090779 -0.027529
vn 0.030651 0.091115 -0.027542
vn 0.029640 0.091446 -0.027552
vn 0.027559 0.092091 -0.027564
vn 0.025400 0.092710 -0.027562
vn 0.023161 0.093300 -0.027545
vn 0.029462 0.091155 -0.028684
vn 0.028573 0.091433 -0.028698
vn 0.027668 0.091707 -0.028710
vn 0.026746 0.091977 -0.028720
vn 0.024852 0.092504 -0.028731
vn 0.022891 0.093008 -0.028731
vn 0.020862 0.093488 -0.028719
vn 0.018764 0.093940 -0.028693
vn 0.026320 0.091777 -0.029735
vn 0.025517 0.092000 -0.029748
vn 0.024700 0.092219 -0.029758
vn 0.023870 0.092435 -0.029766
vn 0.022166 0.092855 -0.029776
vn 0.020405 0.093258 -0.029777
vn 0.018585 0.093640 -0.029767
vn 0.016705 0.094000 -0.029747
vn 0.012765 0.094640 -0.029669
vn 0.023203 0.092310 -0.030668
vn 0.022488 0.092483 -0.030678
vn 0.021761 0.092654 -0.030686
vn 0.021022 0.092822 -0.030693
vn 0.019510 0.093149 -0.030701
vn 0.017948 0.093463 -0.030702
vn 0.016337 0.093760 -0.030695
vn 0.014675 0.094040 -0.030679
vn 0.011195 0.094537 -0.030617
vn 0.007503 0.094936 -0.030511
vn 0.010923 0.093681 -0.033235
vn 0.007881 0.093859 -0.033591
vn 0.007621 0.093881 -0.033591
vn 0.004840 0.093978 -0.033833
vn 0.004673 0.093987 -0.033833
vn 0.004503 0.093995 -0.033832
vn 0.001721 0.094041 -0.033961
vn -0.001219 0.094043 -0.033976
vn -0.003980 0.094002 -0.033878
vn -0.006341 0.093947 -0.033670
vn -0.008307 0.093908 -0.033352
vn -0.009861 0.093910 -0.032920
vn -0.010953 0.093980 -0.032370
vn -0.010118 0.094305 -0.031689
vn -0.008158 0.094777 -0.030834
vn -0.004978 0.095340 -0.029759
vn -0.004329 0.093988 -0.033875
vn -0.007419 0.093873 -0.033658
vn -0.007209 0.093888 -0.033661
vn -0.010534 0.093694 -0.033324
vn -0.010229 0.093726 -0.033329
vn -0.009919 0.093758 -0.033333
vn -0.013277 0.093503 -0.032878
vn -0.015816 0.093303 -0.032317
vn -0.018139 0.093111 -0.031642
vn -0.019528 0.093092 -0.030865
vn -0.020471 0.093182 -0.029968
vn -0.020952 0.093399 -0.028943
vn -0.020948 0.093753 -0.027778
vn -0.017816 0.094790 -0.026409
vn -0.013380 0.095956 -0.024766
vn -0.007558 0.097076 -0.022783
vn -0.019929 0.092758 -0.031603
vn -0.023027 0.092313 -0.030790
vn -0.022349 0.092474 -0.030808
vn -0.026113 0.091796 -0.029859
vn -0.025346 0.092004 -0.029880
vn -0.024567 0.092209 -0.029899
vn -0.029187 0.091204 -0.028808
vn -0.028335 0.091465 -0.028832
vn -0.027467 0.091722 -0.028854
vn -0.026584 0.091976 -0.028874
vn -0.032254 0.090531 -0.027638
vn -0.031318 0.090851 -0.027665
vn -0.030364 0.091167 -0.027689
vn -0.029392 0.091478 -0.027711
vn -0.027393 0.092086 -0.027746
vn -0.035314 0.089770 -0.026349
vn -0.034297 0.090155 -0.026378
vn -0.033259 0.090536 -0.026403
vn -0.032201 0.090911 -0.026426
vn -0.030020 0.091644 -0.026462
vn -0.027753 0.092349 -0.026484
vn -0.037272 0.089371 -0.024971
vn -0.039048 0.089019 -0.023469
vn -0.040639 0.088722 -0.021838
vn -0.040588 0.089161 -0.020074
vn -0.040054 0.089816 -0.018133
vn 0.011684 0.093751 -0.032776
vn 0.012619 0.093630 -0.032774
vn 0.013076 0.093568 -0.032772
vn 0.009109 0.093873 -0.033240
vn 0.009850 0.093798 -0.033239
vn 0.008348 0.093944 -0.033239
vn 0.005982 0.094000 -0.033590
vn 0.006543 0.093962 -0.033591
vn 0.003620 0.094034 -0.033830
vn -0.001155 0.094044 -0.033976
vn 0.001571 0.094044 -0.033960
vn -0.001198 0.094044 -0.033976
vn 0.001646 0.094042 -0.033960
vn -0.003739 0.094011 -0.033880
vn -0.003492 0.094020 -0.033882
vn -0.005889 0.093975 -0.033674
vn -0.014265 0.093544 -0.032342
vn -0.012459 0.093611 -0.032891
vn -0.015307 0.093385 -0.032326
vn -0.012871 0.093557 -0.032885
vn -0.016901 0.093337 -0.031663
vn -0.015624 0.093554 -0.031679
vn -0.018049 0.093383 -0.030884
vn -0.032652 0.091138 -0.025053
vn -0.035011 0.090268 -0.025019
vn -0.036154 0.089822 -0.024996
vn -0.035291 0.090561 -0.023520
vn -0.037824 0.089541 -0.023490
vn -0.030194 0.091977 -0.025072
vn -0.027637 0.092777 -0.025074
vn -0.037937 0.089905 -0.021860
vn -0.032645 0.091545 -0.023532
vn -0.029885 0.092485 -0.023525
vn -0.027011 0.093372 -0.023497
vn -0.037575 0.090474 -0.020063
vn -0.036697 0.091250 -0.018079
vn -0.035105 0.091047 -0.021863
vn -0.032144 0.092139 -0.021844
vn -0.029054 0.093169 -0.021802
vn -0.022498 0.095003 -0.021640
vn 0.008716 0.094077 -0.032764
vn 0.005080 0.094187 -0.033211
vn 0.002268 0.094176 -0.033553
vn 0.000349 0.094115 -0.033797
vn 0.005406 0.094035 -0.033587
vn 0.003250 0.094048 -0.033828
vn 0.002870 0.094062 -0.033826
vn 0.001095 0.094051 -0.033958
vn 0.000927 0.094054 -0.033957
vn 0.000578 0.094057 -0.033954
vn -0.001020 0.094045 -0.033977
vn -0.002432 0.094052 -0.033887
vn -0.002897 0.094112 -0.033683
vn -0.002316 0.094248 -0.033345
vn -0.005424 0.094002 -0.033678
vn -0.007631 0.093963 -0.033357
vn -0.006935 0.094016 -0.033361
vn -0.008945 0.094000 -0.032925
vn -0.008578 0.094227 -0.032368
vn -0.007111 0.094591 -0.031653
vn -0.004453 0.095055 -0.030737
vn -0.016523 0.093661 -0.030896
vn -0.018737 0.093542 -0.029981
vn -0.016946 0.093882 -0.029985
vn -0.018944 0.093826 -0.028944
vn -0.016270 0.094692 -0.027724
vn -0.012333 0.095701 -0.026253
vn -0.007047 0.096705 -0.024465
vn -0.034415 0.091730 -0.020029
vn -0.033175 0.092604 -0.017997
vn -0.031109 0.092916 -0.019970
vn -0.024076 0.095025 -0.019766
vn -0.016531 0.096690 -0.019436
vn 0.023424 0.095127 -0.020055
vn 0.020774 0.095078 -0.022992
vn 0.014066 0.096376 -0.022666
vn 0.012969 0.096128 -0.024315
vn 0.005856 0.096521 -0.025483
vn 0.006590 0.094259 -0.032737
vn 0.004339 0.094405 -0.032693
vn 0.003301 0.094277 -0.033181
vn 0.000881 0.094208 -0.033528
vn -0.000924 0.094046 -0.033977
vn -0.000822 0.094047 -0.033978
vn -0.001856 0.094064 -0.033889
vn -0.001779 0.094141 -0.033679
vn -0.007032 0.094162 -0.032926
vn -0.006061 0.094430 -0.032346
vn -0.014729 0.094591 -0.028907
vn -0.011289 0.095451 -0.027600
vn -0.025661 0.095009 -0.017744
vn -0.017585 0.096899 -0.017358
vn -0.099762 0.006899 -0.000000
vn -0.099777 0.006675 -0.000000
vn -0.100000 0.000000 -0.000000
vn -0.100000 -0.000094 0.000000
vn -0.099762 -0.006899 0.000000
vn -0.099764 -0.006862 0.000000
vn -0.099071 -0.013599 0.000000
vn -0.099096 0.013413 -0.000000
vn -0.099048 0.013765 -0.000000
vn -0.097961 0.020090 -0.000000
vn -0.097862 0.020566 -0.000000
vn -0.096377 0.026674 -0.000000
vn -0.096210 0.027269 -0.000000
vn -0.094350 0.033136 -0.000000
vn -0.094100 0.033841 -0.000000
vn -0.091891 0.039446 -0.000000
vn -0.091541 0.040253 -0.000000
vn -0.089010 0.045576 -0.000000
vn -0.088546 0.046472 -0.000000
vn -0.085722 0.051496 -0.000000
vn -0.085128 0.052470 -0.000000
vn -0.082039 0.057180 -0.000000
vn -0.081306 0.058219 -0.000000
vn -0.077981 0.062602 -0.000000
vn -0.077095 0.063689 -0.000000
vn -0.073565 0.067736 -0.000000
vn -0.072518 0.068856 -0.000000
vn -0.068811 0.072560 -0.000000
vn -0.067594 0.073695 -0.000000
vn -0.063742 0.077051 -0.000000
vn -0.062349 0.078183 -0.000000
vn -0.058282 0.081260 -0.000000
vn -0.056806 0.082298 -0.000000
vn -0.052544 0.085083 -0.000000
vn -0.050993 0.086021 -0.000000
vn -0.046556 0.088501 -0.000000
vn -0.044937 0.089335 -0.000000
vn -0.040347 0.091499 -0.000000
vn -0.038667 0.092222 -0.000000
vn -0.033947 0.094062 -0.000000
vn -0.032212 0.094670 -0.000000
vn -0.027385 0.096177 -0.000000
vn -0.025604 0.096667 -0.000000
vn -0.020693 0.097836 -0.000000
vn -0.018874 0.098203 -0.000000
vn -0.013902 0.099029 -0.000000
vn -0.012054 0.099271 -0.000000
vn -0.007045 0.099752 -0.000000
vn -0.005176 0.099866 -0.000000
vn -0.000155 0.100000 -0.000000
vn 0.001726 0.099985 0.000000
vn 0.006736 0.099773 0.000000
vn 0.008620 0.099628 0.000000
vn 0.013595 0.099072 0.000000
vn 0.015473 0.098796 0.000000
vn 0.020389 0.097899 0.000000
vn 0.022252 0.097493 0.000000
vn 0.027086 0.096262 0.000000
vn 0.028925 0.095725 0.000000
vn 0.033655 0.094167 0.000000
vn 0.035460 0.093502 0.000000
vn 0.040063 0.091624 0.000000
vn 0.041827 0.090832 0.000000
vn 0.046281 0.088646 0.000000
vn 0.047994 0.087730 0.000000
vn 0.052280 0.085246 0.000000
vn 0.053932 0.084210 0.000000
vn 0.058029 0.081441 0.000000
vn 0.059613 0.080289 0.000000
vn 0.063503 0.077249 0.000000
vn 0.065010 0.075985 0.000000
vn 0.068675 0.072690 0.000000
vn 0.070098 0.071318 0.000000
vn 0.073437 0.067875 0.000000
vn 0.074851 0.066312 0.000000
vn 0.077863 0.062748 0.000000
vn 0.079248 0.060990 0.000000
vn 0.081932 0.057334 0.000000
vn 0.083267 0.055377 0.000000
vn 0.085624 0.051657 0.000000
vn 0.086889 0.049501 0.000000
vn 0.088925 0.045743 0.000000
vn 0.090097 0.043388 0.000000
vn 0.091817 0.039619 0.000000
vn 0.092876 0.037069 0.000000
vn 0.094288 0.033314 0.000000
vn 0.095212 0.030573 0.000000
vn 0.096326 0.026855 0.000000
vn 0.097094 0.023932 0.000000
vn 0.097923 0.020274 0.000000
vn 0.098514 0.017176 0.000000
vn 0.099071 0.013599 0.000000
vn 0.099464 0.010338 0.000000
vn 0.099764 0.006862 0.000000
vn 0.099940 0.003452 0.000000
vn 0.100000 0.000094 0.000000
vn 0.099940 -0.003452 0.000000
vn 0.099777 -0.006675 0.000000
vn 0.099464 -0.010338 0.000000
vn 0.099096 -0.013413 0.000000
vn 0.098514 -0.017176 0.000000
vn 0.097961 -0.020090 0.000000
vn 0.097094 -0.023932 0.000000
vn 0.096377 -0.026674 0.000000
vn 0.095212 -0.030573 0.000000
vn 0.094350 -0.033136 0.000000
vn 0.092876 -0.037069 0.000000
vn 0.091891 -0.039446 0.000000
vn 0.090097 -0.043388 0.000000
vn 0.089010 -0.045576 0.000000
vn 0.086889 -0.049501 0.000000
vn 0.085722 -0.051496 0.000000
vn 0.083267 -0.055377 0.000000
vn 0.082039 -0.057180 0.000000
vn 0.079248 -0.060990 0.000000
vn 0.077981 -0.062602 0.000000
vn 0.074851 -0.066312 0.000000
vn 0.073565 -0.067736 0.000000
vn 0.070098 -0.071318 0.000000
vn 0.068811 -0.072560 0.000000
vn 0.065010 -0.075985 0.000000
vn 0.063742 -0.077051 0.000000
vn 0.059613 -0.080289 0.000000
vn 0.058282 -0.081260 0.000000
vn 0.053932 -0.084210 0.000000
vn 0.052544 -0.085083 0.000000
vn 0.047994 -0.087730 0.000000
vn 0.046556 -0.088501 0.000000
vn 0.041827 -0.090832 0.000000
vn 0.040347 -0.091499 0.000000
vn 0.035460 -0.093502 0.000000
vn 0.033947 -0.094062 0.000000
vn 0.028925 -0.095725 0.000000
vn 0.027385 -0.096177 0.000000
vn 0.022252 -0.097493 0.000000
vn 0.020693 -0.097836 0.000000
vn 0.015473 -0.098796 0.000000
vn 0.013902 -0.099029 0.000000
vn 0.008620 -0.099628 0.000000
vn 0.007045 -0.099752 0.000000
vn 0.001726 -0.099985 0.000000
vn 0.000155 -0.100000 0.000000
vn -0.005176 -0.099866 0.000000
vn -0.006736 -0.099773 0.000000
vn -0.012054 -0.099271 0.000000
vn -0.013595 -0.099072 0.000000
vn -0.018874 -0.098203 0.000000
vn -0.020389 -0.097899 0.000000
vn -0.025604 -0.096667 0.000000
vn -0.027086 -0.096262 0.000000
vn -0.032212 -0.094670 0.000000
vn -0.033655 -0.094167 0.000000
vn -0.038667 -0.092222 0.000000
vn -0.040063 -0.091624 0.000000
vn -0.044937 -0.089335 0.000000
vn -0.046281 -0.088646 0.000000
vn -0.050993 -0.086021 0.000000
vn -0.052280 -0.085246 0.000000
vn -0.056806 -0.082298 0.000000
vn -0.058029 -0.081441 0.000000
vn -0.062349 -0.078183 0.000000
vn -0.063503 -0.077249 0.000000
vn -0.067594 -0.073695 0.000000
vn -0.068675 -0.072690 0.000000
vn -0.072518 -0.068856 0.000000
vn -0.073437 -0.067875 0.000000
vn -0.077095 -0.063689 0.000000
vn -0.077863 -0.062748 0.000000
vn -0.081306 -0.058219 0.000000
vn -0.081932 -0.057334 0.000000
vn -0.085128 -0.052470 0.000000
vn -0.085624 -0.051657 0.000000
vn -0.088546 -0.046472 0.000000
vn -0.088925 -0.045743 0.000000
vn -0.091541 -0.040253 0.000000
vn -0.091817 -0.039619 0.000000
vn -0.094100 -0.033841 0.000000
vn -0.094288 -0.033314 0.000000
vn -0.096210 -0.027269 0.000000
vn -0.096326 -0.026855 0.000000
vn -0.097862 -0.020566 0.000000
vn -0.097923 -0.020274 0.000000
vn -0.099048 -0.013765 0.000000
vn 0.000000 0.000000 0.100000
vn 0.000000 0.000000 0.100000
vn 0.000000 0.000000 0.100000
vn 0.000000 0.000000 0.100000
vn 0.000000 0.000000 0.100000
vn 0.000000 0.000000 0.100000
vn 0.000000 0.000000 0.100000
vn 0.000000 0.000000 0.100000
vn 0.000000 0.000000 0.100000
vn 0.000000 0.000000 0.100000
vn 0.000000 0.000000 0.100000
vn 0.000000 0.000000 0.100000
vn 0.000000 0.000000 0.100000
vn 0.000000 0.000000 0.100000
vn 0.000000 0.000000 0.100000
vn 0.000000 0.000000 0.100000
vn 0.000000 0.000000 0.100000
vn 0.000000 0.000000 0.100000
vn 0.000000 0.000000 0.100000
vn 0.000000 0.000000 0.100000
vn 0.000000 0.000000 0.100000
vn 0.000000 0.000000 0.100000
vn 0.000000 0.000000 0.100000
vn 0.000000 0.000000 0.100000
vn 0.000000 0.000000 0.100000
vn 0.000000 0.000000 0.100000
vn 0.000000 0.000000 0.100000
vn 0.000000 0.000000 0.100000
vn 0.000000 0.000000 0.100000
vn 0.000000 0.000000 0.100000
vn 0.000000 0.000000 0.100000
vn 0.000000 0.000000 0.100000
vn 0.000000 0.000000 0.100000
vn 0.000000 0.000000 0.100000
vn 0.000000 0.000000 0.100000
vn 0.000000 0.000000 0.100000
vn 0.000000 0.000000 0.100000
vn 0.000000 0.000000 0.100000
vn 0.000000 0.000000 0.100000
vn 0.000000 0.000000 0.100000
vn 0.000000 0.000000 0.100000
vn 0.000000 0.000000 0.100000
vn 0.000000 0.000000 0.100000
vn 0.000000 0.000000 0.100000
vn 0.000000 0.000000 0.100000
vn 0.000000 0.000000 0.100000
vn 0.000000 0.000000 0.100000
vn 0.000000 0.000000 0.100000
vn 0.000000 0.000000 0.100000
vn 0.000000 0.000000 0.100000
vn 0.000000 0.000000 0.100000
vn 0.000000 0.000000 0.100000
vn 0.000000 0.000000 0.100000
vn 0.000000 0.000000 0.100000
vn 0.000000 0.000000 0.100000
vn 0.000000 0.000000 0.100000
vn 0.000000 0.000000 0.100000
vn 0.000000 0.000000 0.100000
vn 0.000000 0.000000 0.100000
vn 0.000000 0.000000 0.100000
vn 0.000000 0.000000 0.100000
vn 0.000000 0.000000 0.100000
vn 0.000000 0.000000 0.100000
vn 0.000000 0.000000 0.100000
vn 0.000000 0.000000 0.100000
vn 0.000000 0.000000 0.100000
vn 0.000000 0.000000 0.100000
vn 0.000000 0.000000 0.100000
vn 0.000000 0.000000 0.100000
vn 0.000000 0.000000 0.100000
vn 0.000000 0.000000 0.100000
vn 0.000000 0.000000 0.100000
vn 0.000000 0.000000 0.100000
vn 0.000000 0.000000 0.100000
vn 0.000000 0.000000 0.100000
vn 0.000000 0.000000 0.100000
vn 0.000000 0.000000 0.100000
vn 0.000000 0.000000 0.100000
vn 0.000000 0.000000 0.100000
vn 0.000000 0.000000 0.100000
vn 0.000000 0.000000 0.100000
vn 0.000000 0.000000 0.100000
vn 0.000000 0.000000 0.100000
vn 0.000000 0.000000 0.100000
vn 0.000000 0.000000 0.100000
vn 0.000000 0.000000 0.100000
vn 0.000000 0.000000 0.100000
vn 0.000000 0.000000 0.100000
vn 0.000000 0.000000 0.100000
vn 0.000000 0.000000 0.100000
vn 0.000000 0.000000 0.100000
vn 0.000000 0.000000 0.100000
vn 0.000000 0.000000 0.100000
vn 0.000000 0.000000 0.100000
vn 0.000000 0.000000 0.100000
vn 0.000000 0.000000 0.100000
vn 0.000000 0.000000 0.100000
vn 0.000000 0.000000 0.100000
vn 0.000000 0.000000 0.100000
vn 0.000000 0.000000 0.100000
vn 0.000000 0.000000 0.100000
vn 0.000000 0.000000 0.100000
vn 0.000000 0.000000 0.100000
vn 0.000000 0.000000 0.100000
vn 0.000000 0.000000 0.100000
vn 0.000000 0.000000 0.100000
vn 0.000000 0.000000 0.100000
vn 0.000000 0.000000 0.100000
vn 0.000000 0.000000 0.100000
vn 0.000000 0.000000 0.100000
vn 0.000000 0.000000 0.100000
vn 0.000000 0.000000 0.100000
vn 0.000000 0.000000 0.100000
vn 0.000000 0.000000 0.100000
vn 0.000000 0.000000 0.100000
vn 0.000000 0.000000 0.100000
vn 0.000000 0.000000 0.100000
vn 0.000000 0.000000 0.100000
vn 0.000000 0.000000 0.100000
vn 0.000000 0.000000 0.100000
vn 0.000000 0.000000 0.100000
vn 0.000000 0.000000 0.100000
vn 0.000000 0.000000 0.100000
vn 0.000000 0.000000 0.100000
vn 0.000000 0.000000 0.100000
vn 0.000000 0.000000 0.100000
vn 0.000000 0.000000 0.100000
vn 0.000000 0.000000 0.100000
vn 0.000000 0.000000 0.100000
vn 0.000000 0.000000 0.100000
vn 0.000000 0.000000 0.100000
vn 0.000000 0.000000 0.100000
vn 0.000000 0.000000 0.100000
vn 0.000000 0.000000 0.100000
vn 0.000000 0.000000 0.100000
vn 0.000000 0.000000 0.100000
vn 0.000000 0.000000 0.100000
vn 0.000000 0.000000 0.100000
vn 0.000000 0.000000 0.100000
vn 0.000000 0.000000 0.100000
vn 0.000000 0.000000 0.100000
vn 0.000000 0.000000 0.100000
vn 0.000000 0.000000 0.100000
vn 0.000000 0.000000 0.100000
vn 0.000000 0.000000 0.100000
vn 0.000000 0.000000 0.100000
vn 0.000000 0.000000 0.100000
vn 0.000000 0.000000 0.100000
vn 0.000000 0.000000 0.100000
vn 0.000000 0.000000 0.100000
vn 0.000000 0.000000 0.100000
vn 0.000000 0.000000 0.100000
vn 0.000000 0.000000 0.100000
vn 0.000000 0.000000 0.100000
vn 0.000000 0.000000 0.100000
vn 0.000000 0.000000 0.100000
vn 0.000000 0.000000 0.100000
vn 0.000000 0.000000 0.100000
vn 0.000000 0.000000 0.100000
vn 0.000000 0.000000 0.100000
vn 0.000000 0.000000 0.100000
vn 0.000000 0.000000 0.100000
vn 0.000000 0.000000 0.100000
vn 0.000000 0.000000 0.100000
vn 0.000000 0.000000 0.100000
vn 0.000000 0.000000 0.100000
vn 0.000000 0.000000 0.100000
vn 0.000000 0.000000 0.100000
vn 0.000000 0.000000 0.100000
vn 0.000000 0.000000 0.100000
vn 0.000000 0.000000 0.100000
vn 0.000000 0.000000 0.100000
vn 0.000000 0.000000 0.100000
vn 0.054082 0.000000 -0.084114
vn 0.054082 0.000000 -0.084114
vn 0.054082 0.000000 -0.084114
vn 0.054082 0.000000 -0.084114
vn 0.054082 0.000000 -0.084114
vn 0.054082 0.000000 -0.084114
vn 0.054082 0.000000 -0.084114
vn 0.054082 0.000000 -0.084114
vn 0.054082 0.000000 -0.084114
vn 0.054082 0.000000 -0.084114
vn 0.054082 0.000000 -0.084114
vn 0.054082 0.000000 -0.084114
vn 0.054082 0.000000 -0.084114
vn 0.054082 0.000000 -0.084114
vn 0.054082 0.000000 -0.084114
vn 0.054082 0.000000 -0.084114
vn 0.054082 0.000000 -0.084114
vn 0.054082 0.000000 -0.084114
vn 0.054082 0.000000 -0.084114
vn 0.054082 0.000000 -0.084114
vn 0.054082 0.000000 -0.084114
vn 0.054082 0.000000 -0.084114
vn 0.054082 0.000000 -0.084114
vn 0.054082 0.000000 -0.084114
vn 0.054082 0.000000 -0.084114
vn 0.054082 0.000000 -0.084114
vn 0.054082 0.000000 -0.084114
vn 0.054082 0.000000 -0.084114
vn 0.054082 0.000000 -0.084114
vn 0.054082 0.000000 -0.084114
vn 0.054082 0.000000 -0.084114
vn 0.054082 0.000000 -0.084114
vn 0.054082 0.000000 -0.084114
vn 0.054082 0.000000 -0.084114
vn 0.054082 0.000000 -0.084114
vn 0.054082 0.000000 -0.084114
vn 0.054082 0.000000 -0.084114
vn 0.000000 0.000000 -0.100000
vn 0.000000 0.000000 -0.100000
vn 0.000000 0.000000 -0.100000
vn 0.000000 0.000000 -0.100000
vn 0.070675 0.000000 0.070747
vn 0.070675 0.000000 0.070747
vn 0.070675 0.000000 0.070747
vn 0.070675 0.000000 0.070747
vn 0.070675 0.000000 0.070747
vn 0.070675 0.000000 0.070747
vn 0.070675 0.000000 0.070747
vn 0.070675 0.000000 0.070747
vn 0.070675 0.000000 0.070747
vn 0.070675 0.000000 0.070747
vn 0.070675 0.000000 0.070747
vn -0.070747 0.000000 0.070675
vn -0.070747 0.000000 0.070675
vn -0.070747 0.000000 0.070675
vn -0.070747 0.000000 0.070675
vn -0.070747 0.000000 0.070675
vn -0.070747 0.000000 0.070675
vn -0.070747 0.000000 0.070675
vn -0.070747 0.000000 0.070675
vn -0.070747 0.000000 0.070675
vn -0.070747 0.000000 0.070675
vn 0.000000 0.000000 -0.100000
vn 0.000000 0.000000 -0.100000
vn 0.000000 0.000000 -0.100000
vn 0.000000 0.000000 -0.100000
vn 0.000000 -0.100000 0.000000
vn 0.000000 -0.100000 0.000000
vn 0.000000 -0.100000 0.000000
vn 0.000000 -0.100000 0.000000
vn 0.000000 -0.100000 0.000000
vn 0.000000 -0.100000 0.000000
vn 0.000000 -0.100000 0.000000
vn 0.000000 -0.100000 0.000000
vn 0.000000 -0.100000 0.000000
vn 0.000000 -0.100000 0.000000
vn 0.000000 -0.100000 0.000000
vn 0.000000 -0.100000 0.000000
vn 0.000000 0.100000 0.000000
vn 0.000000 0.100000 0.000000
vn 0.000000 0.100000 0.000000
vn 0.000000 0.100000 0.000000
vn 0.000000 0.100000 0.000000
vn 0.000000 0.100000 0.000000
vn 0.000000 0.100000 0.000000
vn 0.000000 0.100000 0.000000
vn 0.000000 0.100000 0.000000
vn 0.000000 0.100000 0.000000
vn 0.000000 0.100000 0.000000
vn 0.000000 0.100000 0.000000
vn 0.000000 0.100000 0.000000
vn 0.000000 0.100000 0.000000
usemtl Aço_-_Acetinado
f 2/1/1 110/2/2 1/3/3
f 1/3/3 110/2/2 111/4/4
f 1/3/3 111/4/4 82/5/5
f 82/5/5 111/4/4 112/6/6
f 82/5/5 112/6/6 81/7/7
f 81/7/7 112/6/6 80/8/8
f 80/8/8 112/6/6 113/9/9
f 80/8/8 113/9/9 79/10/10
f 79/10/10 113/9/9 114/11/11
f 79/10/10 114/11/11 78/12/12
f 78/12/12 114/11/11 77/13/13
f 77/13/13 114/11/11 115/14/14
f 77/13/13 115/14/14 76/15/15
f 76/15/15 115/14/14 116/16/16
f 76/15/15 116/16/16 75/17/17
f 75/17/17 116/16/16 74/18/18
f 74/18/18 116/16/16 117/19/19
f 74/18/18 117/19/19 73/20/20
f 73/20/20 117/19/19 118/21/21
f 73/20/20 118/21/21 72/22/22
f 72/22/22 118/21/21 71/23/23
f 71/23/23 118/21/21 119/24/24
f 71/23/23 119/24/24 70/25/25
f 70/25/25 119/24/24 120/26/26
f 70/25/25 120/26/26 69/27/27
f 69/27/27 120/26/26 68/28/28
f 68/28/28 120/26/26 121/29/29
f 68/28/28 121/29/29 67/30/30
f 67/30/30 121/29/29 122/31/31
f 67/30/30 122/31/31 66/32/32
f 66/32/32 122/31/31 65/33/33
f 65/33/33 122/31/31 123/34/34
f 65/33/33 123/34/34 64/35/35
f 64/35/35 123/34/34 124/36/36
f 64/35/35 124/36/36 63/37/37
f 63/37/37 124/36/36 62/38/38
f 62/38/38 124/36/36 125/39/39
f 62/38/38 125/39/39 61/40/40
f 61/40/40 125/39/39 126/41/41
f 61/40/40 126/41/41 60/42/42
f 60/42/42 126/41/41 59/43/43
f 59/43/43 126/41/41 127/44/44
f 59/43/43 127/44/44 58/45/45
f 58/45/45 127/44/44 128/46/46
f 58/45/45 128/46/46 57/47/47
f 57/47/47 128/46/46 56/48/48
f 56/48/48 128/46/46 129/49/49
f 56/48/48 129/49/49 55/50/50
f 55/50/50 129/49/49 130/51/51
f 55/50/50 130/51/51 54/52/52
f 54/52/52 130/51/51 53/53/53
f 53/53/53 130/51/51 131/54/54
f 53/53/53 131/54/54 52/55/55
f 52/55/55 131/54/54 132/56/56
f 52/55/55 132/56/56 51/57/57
f 51/57/57 132/56/56 50/58/58
f 50/58/58 132/56/56 133/59/59
f 50/58/58 133/59/59 49/60/60
f 49/60/60 133/59/59 134/61/61
f 49/60/60 134/61/61 48/62/62
f 48/62/62 134/61/61 47/63/63
f 47/63/63 134/61/61 135/64/64
f 47/63/63 135/64/64 46/65/65
f 46/65/65 135/64/64 136/66/66
f 46/65/65 136/66/66 45/67/67
f 45/67/67 136/66/66 44/68/68
f 44/68/68 136/66/66 137/69/69
f 44/68/68 137/69/69 43/70/70
f 43/70/70 137/69/69 83/71/71
f 43/70/70 83/71/71 42/72/72
f 42/72/72 83/71/71 41/73/73
f 41/73/73 83/71/71 84/74/74
f 41/73/73 84/74/74 40/75/75
f 40/75/75 84/74/74 85/76/76
f 40/75/75 85/76/76 39/77/77
f 39/77/77 85/76/76 38/78/78
f 38/78/78 85/76/76 86/79/79
f 38/78/78 86/79/79 37/80/80
f 37/80/80 86/79/79 87/81/81
f 37/80/80 87/81/81 36/82/82
f 36/82/82 87/81/81 35/83/83
f 35/83/83 87/81/81 88/84/84
f 35/83/83 88/84/84 34/85/85
f 34/85/85 88/84/84 89/86/86
f 34/85/85 89/86/86 33/87/87
f 33/87/87 89/86/86 32/88/88
f 32/88/88 89/86/86 90/89/89
f 32/88/88 90/89/89 31/90/90
f 31/90/90 90/89/89 91/91/91
f 31/90/90 91/91/91 30/92/92
f 30/92/92 91/91/91 29/93/93
f 29/93/93 91/91/91 92/94/94
f 29/93/93 92/94/94 28/95/95
f 28/95/95 92/94/94 93/96/96
f 28/95/95 93/96/96 27/97/97
f 27/97/97 93/96/96 26/98/98
f 26/98/98 93/96/96 94/99/99
f 26/98/98 94/99/99 25/100/100
f 25/100/100 94/99/99 95/101/101
f 25/100/100 95/101/101 24/102/102
f 24/102/102 95/101/101 23/103/103
f 23/103/103 95/101/101 96/104/104
f 23/103/103 96/104/104 22/105/105
f 22/105/105 96/104/104 97/106/106
f 22/105/105 97/106/106 21/107/107
f 21/107/107 97/106/106 20/108/108
f 20/108/108 97/106/106 98/109/109
f 20/108/108 98/109/109 19/110/110
f 19/110/110 98/109/109 99/111/111
f 19/110/110 99/111/111 18/112/112
f 18/112/112 99/111/111 17/113/113
f 17/113/113 99/111/111 100/114/114
f 17/113/113 100/114/114 16/115/115
f 16/115/115 100/114/114 101/116/116
f 16/115/115 101/116/116 15/117/117
f 15/117/117 101/116/116 14/118/118
f 14/118/118 101/116/116 102/119/119
f 14/118/118 102/119/119 13/120/120
f 13/120/120 102/119/119 103/121/121
f 13/120/120 103/121/121 12/122/122
f 12/122/122 103/121/121 11/123/123
f 11/123/123 103/121/121 104/124/124
f 11/123/123 104/124/124 10/125/125
f 10/125/125 104/124/124 105/126/126
f 10/125/125 105/126/126 9/127/127
f 9/127/127 105/126/126 8/128/128
f 8/128/128 105/126/126 106/129/129
f 8/128/128 106/129/129 7/130/130
f 7/130/130 106/129/129 107/131/131
f 7/130/130 107/131/131 6/132/132
f 6/132/132 107/131/131 5/133/133
f 5/133/133 107/131/131 108/134/134
f 5/133/133 108/134/134 4/135/135
f 4/135/135 108/134/134 109/136/136
f 4/135/135 109/136/136 3/137/137
f 3/137/137 109/136/136 2/1/1
f 2/1/1 109/136/136 110/2/2
f 139/138/138 2/139/139 138/140/140
f 138/140/140 2/139/139 1/141/141
f 138/140/140 1/141/141 219/142/142
f 219/142/142 1/141/141 82/143/143
f 219/142/142 82/143/143 218/144/144
f 218/144/144 82/143/143 81/145/145
f 218/144/144 81/145/145 217/146/146
f 217/146/146 81/145/145 80/147/147
f 217/146/146 80/147/147 216/148/148
f 216/148/148 80/147/147 79/149/149
f 216/148/148 79/149/149 215/150/150
f 215/150/150 79/149/149 78/151/151
f 215/150/150 78/151/151 214/152/152
f 214/152/152 78/151/151 77/153/153
f 214/152/152 77/153/153 213/154/154
f 213/154/154 77/153/153 76/155/155
f 213/154/154 76/155/155 212/156/156
f 212/156/156 76/155/155 75/157/157
f 212/156/156 75/157/157 211/158/158
f 211/158/158 75/157/157 74/159/159
f 211/158/158 74/159/159 210/160/160
f 210/160/160 74/159/159 73/161/161
f 210/160/160 73/161/161 209/162/162
f 209/162/162 73/161/161 72/163/163
f 209/162/162 72/163/163 208/164/164
f 208/164/164 72/163/163 71/165/165
f 208/164/164 71/165/165 207/166/166
f 207/166/166 71/165/165 70/167/167
f 207/166/166 70/167/167 206/168/168
f 206/168/168 70/167/167 69/169/169
f 206/168/168 69/169/169 205/170/170
f 205/170/170 69/169/169 68/171/171
f 205/170/170 68/171/171 204/172/172
f 204/172/172 68/171/171 67/173/173
f 204/172/172 67/173/173 203/174/174
f 203/174/174 67/173/173 66/175/175
f 203/174/174 66/175/175 202/176/176
f 202/176/176 66/175/175 65/177/177
f 202/176/176 65/177/177 201/178/178
f 201/178/178 65/177/177 64/179/179
f 201/178/178 64/179/179 200/180/180
f 200/180/180 64/179/179 63/181/181
f 200/180/180 63/181/181 199/182/182
f 199/182/182 63/181/181 62/183/183
f 199/182/182 62/183/183 198/184/184
f 198/184/184 62/183/183 61/185/185
f 198/184/184 61/185/185 197/186/186
f 197/186/186 61/185/185 60/187/187
f 197/186/186 60/187/187 196/188/188
f 196/188/188 60/187/187 59/189/189
f 196/188/188 59/189/189 195/190/190
f 195/190/190 59/189/189 58/191/191
f 195/190/190 58/191/191 194/192/192
f 194/192/192 58/191/191 57/193/193
f 194/192/192 57/193/193 193/194/194
f 193/194/194 57/193/193 56/195/195
f 193/194/194 56/195/195 192/196/196
f 192/196/196 56/195/195 55/197/197
f 192/196/196 55/197/197 191/198/198
f 191/198/198 55/197/197 54/199/199
f 191/198/198 54/199/199 190/200/200
f 190/200/200 54/199/199 53/201/201
f 190/200/200 53/201/201 189/202/202
f 189/202/202 53/201/201 52/203/203
f 189/202/202 52/203/203 188/204/204
f 188/204/204 52/203/203 51/205/205
f 188/204/204 51/205/205 187/206/206
f 187/206/206 51/205/205 50/207/207
f 187/206/206 50/207/207 186/208/208
f 186/208/208 50/207/207 49/209/209
f 186/208/208 49/209/209 185/210/210
f 185/210/210 49/209/209 48/211/211
f 185/210/210 48/211/211 184/212/212
f 184/212/212 48/211/211 47/213/213
f 184/212/212 47/213/213 183/214/214
f 183/214/214 47/213/213 46/215/215
f 183/214/214 46/215/215 182/216/216
f 182/216/216 46/215/215 45/217/217
f 182/216/216 45/217/217 181/218/218
f 181/218/218 45/217/217 44/219/219
f 181/218/218 44/219/219 180/220/220
f 180/220/220 44/219/219 43/221/221
f 180/220/220 43/221/221 179/222/222
f 179/222/222 43/221/221 42/223/223
f 179/224/222 42/225/223 178/226/224
f 178/226/224 42/225/223 41/227/225
f 178/226/224 41/227/225 177/228/226
f 177/228/226 41/227/225 40/229/227
f 177/228/226 40/229/227 176/230/228
f 176/230/228 40/229/227 39/231/229
f 176/230/228 39/231/229 175/232/230
f 175/232/230 39/231/229 38/233/231
f 175/232/230 38/233/231 174/234/232
f 174/234/232 38/233/231 37/235/233
f 174/234/232 37/235/233 173/236/234
f 173/236/234 37/235/233 36/237/235
f 173/236/234 36/237/235 172/238/236
f 172/238/236 36/237/235 35/239/237
f 172/238/236 35/239/237 171/240/238
f 171/240/238 35/239/237 34/241/239
f 171/240/238 34/241/239 170/242/240
f 170/242/240 34/241/239 33/243/241
f 170/242/240 33/243/241 169/244/242
f 169/244/242 33/243/241 32/245/243
f 169/244/242 32/245/243 168/246/244
f 168/246/244 32/245/243 31/247/245
f 168/246/244 31/247/245 167/248/246
f 167/248/246 31/247/245 30/249/247
f 167/248/246 30/249/247 166/250/248
f 166/250/248 30/249/247 29/251/249
f 166/250/248 29/251/249 165/252/250
f 165/252/250 29/251/249 28/253/251
f 165/252/250 28/253/251 164/254/252
f 164/254/252 28/253/251 27/255/253
f 164/254/252 27/255/253 163/256/254
f 163/256/254 27/255/253 26/257/255
f 163/256/254 26/257/255 162/258/256
f 162/258/256 26/257/255 25/259/257
f 162/258/256 25/259/257 161/260/258
f 161/260/258 25/259/257 24/261/259
f 161/260/258 24/261/259 160/262/260
f 160/262/260 24/261/259 23/263/261
f 160/262/260 23/263/261 159/264/262
f 159/264/262 23/263/261 22/265/263
f 159/264/262 22/265/263 158/266/264
f 158/266/264 22/265/263 21/267/265
f 158/266/264 21/267/265 157/268/266
f 157/268/266 21/267/265 20/269/267
f 157/268/266 20/269/267 156/270/268
f 156/270/268 20/269/267 19/271/269
f 156/270/268 19/271/269 155/272/270
f 155/272/270 19/271/269 18/273/271
f 155/272/270 18/273/271 154/274/272
f 154/274/272 18/273/271 17/275/273
f 154/274/272 17/275/273 153/276/274
f 153/276/274 17/275/273 16/277/275
f 153/276/274 16/277/275 152/278/276
f 152/278/276 16/277/275 15/279/277
f 152/278/276 15/279/277 151/280/278
f 151/280/278 15/279/277 14/281/279
f 151/280/278 14/281/279 150/282/280
f 150/282/280 14/281/279 13/283/281
f 150/282/280 13/283/281 149/284/282
f 149/284/282 13/283/281 12/285/283
f 149/284/282 12/285/283 148/286/284
f 148/286/284 12/285/283 11/287/285
f 148/286/284 11/287/285 147/288/286
f 147/288/286 11/287/285 10/289/287
f 147/288/286 10/289/287 146/290/288
f 146/290/288 10/289/287 9/291/289
f 146/290/288 9/291/289 145/292/290
f 145/292/290 9/291/289 8/293/291
f 145/292/290 8/293/291 144/294/292
f 144/294/292 8/293/291 7/295/293
f 144/294/292 7/295/293 143/296/294
f 143/296/294 7/295/293 6/297/295
f 143/296/294 6/297/295 142/298/296
f 142/298/296 6/297/295 5/299/297
f 142/298/296 5/299/297 141/300/298
f 141/300/298 5/299/297 4/301/299
f 141/300/298 4/301/299 140/302/300
f 140/302/300 4/301/299 3/303/301
f 140/302/300 3/303/301 139/138/138
f 139/138/138 3/303/301 2/139/139
f 221/304/302 285/305/303 220/306/304
f 220/306/304 285/305/303 286/307/305
f 220/306/304 286/307/305 283/308/306
f 283/308/306 286/307/305 338/309/307
f 283/308/306 338/309/307 282/310/308
f 282/310/308 338/309/307 337/311/309
f 282/310/308 337/311/309 281/312/310
f 281/312/310 337/311/309 280/313/311
f 280/313/311 337/311/309 336/314/312
f 280/313/311 336/314/312 279/315/313
f 279/315/313 336/314/312 335/316/314
f 279/315/313 335/316/314 278/317/315
f 278/317/315 335/316/314 334/318/316
f 278/317/315 334/318/316 277/319/317
f 277/319/317 334/318/316 333/320/318
f 277/319/317 333/320/318 276/321/319
f 276/321/319 333/320/318 275/322/320
f 275/322/320 333/320/318 332/323/321
f 275/322/320 332/323/321 274/324/322
f 274/324/322 332/323/321 331/325/323
f 274/324/322 331/325/323 273/326/324
f 273/326/324 331/325/323 330/327/325
f 273/326/324 330/327/325 272/328/326
f 272/328/326 330/327/325 329/329/327
f 272/328/326 329/329/327 271/330/328
f 271/330/328 329/329/327 270/331/329
f 270/331/329 329/329/327 328/332/330
f 270/331/329 328/332/330 269/333/331
f 269/333/331 328/332/330 327/334/332
f 269/333/331 327/334/332 268/335/333
f 268/335/333 327/334/332 326/336/334
f 268/335/333 326/336/334 267/337/335
f 267/337/335 326/336/334 325/338/336
f 267/337/335 325/338/336 266/339/337
f 266/339/337 325/338/336 324/340/338
f 266/339/337 324/340/338 265/341/339
f 265/341/339 324/340/338 264/342/340
f 264/342/340 324/340/338 323/343/341
f 264/342/340 323/343/341 263/344/342
f 263/344/342 323/343/341 322/345/343
f 263/344/342 322/345/343 262/346/344
f 262/346/344 322/345/343 321/347/345
f 262/346/344 321/347/345 261/348/346
f 261/348/346 321/347/345 320/349/347
f 261/348/346 320/349/347 260/350/348
f 260/350/348 320/349/347 259/351/349
f 259/351/349 320/349/347 319/352/350
f 259/351/349 319/352/350 258/353/351
f 258/353/351 319/352/350 318/354/352
f 258/353/351 318/354/352 257/355/353
f 257/355/353 318/354/352 317/356/354
f 257/355/353 317/356/354 256/357/355
f 256/357/355 317/356/354 316/358/356
f 256/357/355 316/358/356 255/359/357
f 255/359/357 316/358/356 315/360/358
f 255/359/357 315/360/358 254/361/359
f 254/361/359 315/360/358 253/362/360
f 253/362/360 315/360/358 314/363/361
f 253/362/360 314/363/361 252/364/362
f 252/364/362 314/363/361 313/365/363
f 252/364/362 313/365/363 251/366/364
f 251/366/364 313/365/363 312/367/365
f 251/366/364 312/367/365 250/368/366
f 250/368/366 312/367/365 311/369/367
f 250/368/366 311/369/367 249/370/368
f 249/370/368 311/369/367 310/371/369
f 249/370/368 310/371/369 248/372/370
f 248/372/370 310/371/369 309/373/371
f 248/372/370 309/373/371 247/374/372
f 247/374/372 309/373/371 308/375/373
f 247/374/372 308/375/373 246/376/374
f 246/376/374 308/375/373 245/377/375
f 245/377/375 308/375/373 307/378/376
f 245/377/375 307/378/376 244/379/377
f 244/379/377 307/378/376 306/380/378
f 244/379/377 306/380/378 243/381/379
f 243/381/379 306/380/378 305/382/380
f 243/381/379 305/382/380 242/383/381
f 242/383/381 305/382/380 304/384/382
f 242/383/381 304/384/382 241/385/383
f 241/385/383 304/384/382 303/386/384
f 241/385/383 303/386/384 240/387/385
f 240/387/385 303/386/384 302/388/386
f 240/387/385 302/388/386 239/389/387
f 239/389/387 302/388/386 301/390/388
f 239/389/387 301/390/388 238/391/389
f 238/391/389 301/390/388 300/392/390
f 238/391/389 300/392/390 237/393/391
f 237/393/391 300/392/390 284/394/392
f 237/393/391 284/394/392 236/395/393
f 236/396/393 284/397/392 235/398/394
f 235/398/394 284/397/392 299/399/395
f 235/398/394 299/399/395 234/400/396
f 234/400/396 299/399/395 298/401/397
f 234/400/396 298/401/397 233/402/398
f 233/402/398 298/401/397 297/403/399
f 233/402/398 297/403/399 232/404/400
f 232/404/400 297/403/399 296/405/401
f 232/404/400 296/405/401 231/406/402
f 231/406/402 296/405/401 295/407/403
f 231/406/402 295/407/403 230/408/404
f 230/408/404 295/407/403 294/409/405
f 230/408/404 294/409/405 229/410/406
f 229/410/406 294/409/405 293/411/407
f 229/410/406 293/411/407 228/412/408
f 228/412/408 293/411/407 292/413/409
f 228/412/408 292/413/409 227/414/410
f 227/414/410 292/413/409 291/415/411
f 227/414/410 291/415/411 226/416/412
f 226/416/412 291/415/411 225/417/413
f 225/417/413 291/415/411 290/418/414
f 225/417/413 290/418/414 224/419/415
f 224/419/415 290/418/414 289/420/416
f 224/419/415 289/420/416 223/421/417
f 223/421/417 289/420/416 288/422/418
f 223/421/417 288/422/418 222/423/419
f 222/423/419 288/422/418 287/424/420
f 222/423/419 287/424/420 221/304/302
f 221/304/302 287/424/420 285/305/303
f 137/425/421 299/399/395 83/426/422
f 83/426/422 299/399/395 284/397/392
f 83/427/422 284/394/392 84/428/423
f 84/428/423 284/394/392 300/392/390
f 84/428/423 300/392/390 85/429/424
f 85/429/424 300/392/390 301/390/388
f 85/429/424 301/390/388 86/430/425
f 86/430/425 301/390/388 302/388/386
f 86/430/425 302/388/386 87/431/426
f 87/431/426 302/388/386 303/386/384
f 87/431/426 303/386/384 88/432/427
f 88/432/427 303/386/384 304/384/382
f 88/432/427 304/384/382 89/433/428
f 89/433/428 304/384/382 305/382/380
f 89/433/428 305/382/380 90/434/429
f 90/434/429 305/382/380 306/380/378
f 90/434/429 306/380/378 91/435/430
f 91/435/430 306/380/378 307/378/376
f 91/435/430 307/378/376 92/436/431
f 92/436/431 307/378/376 308/375/373
f 92/436/431 308/375/373 93/437/432
f 93/437/432 308/375/373 309/373/371
f 93/437/432 309/373/371 94/438/433
f 94/438/433 309/373/371 310/371/369
f 94/438/433 310/371/369 95/439/434
f 95/439/434 310/371/369 311/369/367
f 95/439/434 311/369/367 96/440/435
f 96/440/435 311/369/367 312/367/365
f 96/440/435 312/367/365 97/441/436
f 97/441/436 312/367/365 313/365/363
f 97/441/436 313/365/363 98/442/437
f 98/442/437 313/365/363 314/363/361
f 98/442/437 314/363/361 99/443/438
f 99/443/438 314/363/361 315/360/358
f 99/443/438 315/360/358 100/444/439
f 100/444/439 315/360/358 316/358/356
f 100/444/439 316/358/356 101/445/440
f 101/445/440 316/358/356 317/356/354
f 101/445/440 317/356/354 102/446/441
f 102/446/441 317/356/354 318/354/352
f 102/446/441 318/354/352 103/447/442
f 103/447/442 318/354/352 319/352/350
f 103/447/442 319/352/350 104/448/443
f 104/448/443 319/352/350 320/349/347
f 104/448/443 320/349/347 105/449/444
f 105/449/444 320/349/347 321/347/345
f 105/449/444 321/347/345 106/450/445
f 106/450/445 321/347/345 322/345/343
f 106/450/445 322/345/343 107/451/446
f 107/451/446 322/345/343 323/343/341
f 107/451/446 323/343/341 108/452/447
f 108/452/447 323/343/341 324/340/338
f 108/452/447 324/340/338 109/453/448
f 109/453/448 324/340/338 325/338/336
f 109/453/448 325/338/336 110/454/449
f 110/454/449 325/338/336 326/336/334
f 110/454/449 326/336/334 111/455/450
f 111/455/450 326/336/334 327/334/332
f 111/455/450 327/334/332 112/456/451
f 112/456/451 327/334/332 328/332/330
f 112/456/451 328/332/330 113/457/452
f 113/457/452 328/332/330 329/329/327
f 113/457/452 329/329/327 114/458/453
f 114/458/453 329/329/327 330/327/325
f 114/458/453 330/327/325 115/459/454
f 115/459/454 330/327/325 331/325/323
f 115/459/454 331/325/323 116/460/455
f 116/460/455 331/325/323 332/323/321
f 116/460/455 332/323/321 117/461/456
f 117/461/456 332/323/321 333/320/318
f 117/461/456 333/320/318 118/462/457
f 118/462/457 333/320/318 334/318/316
f 118/462/457 334/318/316 119/463/458
f 119/463/458 334/318/316 335/316/314
f 119/463/458 335/316/314 120/464/459
f 120/464/459 335/316/314 336/314/312
f 120/464/459 336/314/312 121/465/460
f 121/465/460 336/314/312 337/311/309
f 121/465/460 337/311/309 122/466/461
f 122/466/461 337/311/309 338/309/307
f 122/466/461 338/309/307 123/467/462
f 123/467/462 338/309/307 286/307/305
f 123/467/462 286/307/305 124/468/463
f 124/468/463 286/307/305 285/305/303
f 124/468/463 285/305/303 125/469/464
f 125/469/464 285/305/303 287/424/420
f 125/469/464 287/424/420 126/470/465
f 126/470/465 287/424/420 288/422/418
f 126/470/465 288/422/418 127/471/466
f 127/471/466 288/422/418 289/420/416
f 127/471/466 289/420/416 128/472/467
f 128/472/467 289/420/416 290/418/414
f 128/472/467 290/418/414 129/473/468
f 129/473/468 290/418/414 291/415/411
f 129/473/468 291/415/411 130/474/469
f 130/474/469 291/415/411 292/413/409
f 130/474/469 292/413/409 131/475/470
f 131/475/470 292/413/409 293/411/407
f 131/475/470 293/411/407 132/476/471
f 132/476/471 293/411/407 294/409/405
f 132/476/471 294/409/405 133/477/472
f 133/477/472 294/409/405 295/407/403
f 133/477/472 295/407/403 134/478/473
f 134/478/473 295/407/403 296/405/401
f 134/478/473 296/405/401 135/479/474
f 135/479/474 296/405/401 297/403/399
f 135/479/474 297/403/399 136/480/475
f 136/480/475 297/403/399 298/401/397
f 136/480/475 298/401/397 137/425/421
f 137/425/421 298/401/397 299/399/395
f 220/481/476 283/482/477 342/483/478
f 342/483/478 283/482/477 282/484/479
f 342/483/478 282/484/479 281/485/480
f 281/485/480 280/486/481 342/483/478
f 342/483/478 280/486/481 279/487/482
f 342/483/478 279/487/482 278/488/483
f 278/488/483 277/489/484 342/483/478
f 342/483/478 277/489/484 341/490/485
f 341/490/485 277/489/484 276/491/486
f 341/490/485 276/491/486 275/492/487
f 275/492/487 274/493/488 341/490/485
f 341/490/485 274/493/488 273/494/489
f 341/490/485 273/494/489 272/495/490
f 272/495/490 271/496/491 341/490/485
f 341/490/485 271/496/491 270/497/492
f 341/490/485 270/497/492 269/498/493
f 269/498/493 268/499/494 341/490/485
f 341/490/485 268/499/494 340/500/495
f 340/500/495 268/499/494 267/501/496
f 340/500/495 267/501/496 266/502/497
f 266/502/497 265/503/498 340/500/495
f 340/500/495 265/503/498 264/504/499
f 340/500/495 264/504/499 263/505/500
f 263/505/500 262/506/501 340/500/495
f 340/500/495 262/506/501 261/507/502
f 340/500/495 261/507/502 260/508/503
f 260/508/503 259/509/504 340/500/495
f 340/500/495 259/509/504 339/510/505
f 339/510/505 259/509/504 258/511/506
f 339/510/505 258/511/506 257/512/507
f 257/512/507 256/513/508 339/510/505
f 339/510/505 256/513/508 255/514/509
f 339/510/505 255/514/509 254/515/510
f 254/515/510 253/516/511 339/510/505
f 339/510/505 253/516/511 252/517/512
f 390/518/513 343/519/514 429/520/515
f 429/520/515 343/519/514 344/521/516
f 429/520/515 344/521/516 428/522/517
f 428/522/517 344/521/516 345/523/518
f 428/522/517 345/523/518 427/524/519
f 427/524/519 345/523/518 346/525/520
f 427/524/519 346/525/520 426/526/521
f 426/526/521 346/525/520 425/527/522
f 426/526/521 425/527/522 472/528/523
f 472/528/523 425/527/522 473/529/524
f 472/528/523 473/529/524 465/530/525
f 465/530/525 473/529/524 464/531/526
f 465/530/525 464/531/526 550/532/527
f 550/532/527 464/531/526 551/533/528
f 550/532/527 551/533/528 543/534/529
f 543/534/529 551/533/528 542/535/530
f 543/534/529 542/535/530 628/536/531
f 628/536/531 542/535/530 629/537/532
f 628/536/531 629/537/532 621/538/533
f 621/538/533 629/537/532 620/539/534
f 621/538/533 620/539/534 706/540/535
f 706/540/535 620/539/534 707/541/536
f 706/540/535 707/541/536 699/542/537
f 699/542/537 707/541/536 698/543/538
f 699/542/537 698/543/538 784/544/539
f 784/544/539 698/543/538 785/545/540
f 784/544/539 785/545/540 777/546/541
f 777/546/541 785/545/540 776/547/542
f 777/546/541 776/547/542 862/548/543
f 862/548/543 776/547/542 863/549/544
f 862/548/543 863/549/544 855/550/545
f 855/550/545 863/549/544 854/551/546
f 855/550/545 854/551/546 940/552/547
f 940/552/547 854/551/546 941/553/548
f 940/552/547 941/553/548 933/554/549
f 933/554/549 941/553/548 932/555/550
f 933/554/549 932/555/550 382/556/551
f 382/556/551 932/555/550 931/557/552
f 382/556/551 931/557/552 930/558/553
f 930/558/553 931/557/552 943/559/554
f 930/558/553 943/559/554 944/560/555
f 944/560/555 943/559/554 851/561/556
f 944/560/555 851/561/556 850/562/557
f 850/562/557 851/561/556 867/563/558
f 850/562/557 867/563/558 868/564/559
f 868/564/559 867/563/558 771/565/560
f 868/564/559 771/565/560 770/566/561
f 770/566/561 771/565/560 791/567/562
f 770/566/561 791/567/562 792/568/563
f 792/568/563 791/567/562 691/569/564
f 792/568/563 691/569/564 690/570/565
f 690/570/565 691/569/564 715/571/566
f 690/570/565 715/571/566 716/572/567
f 716/572/567 715/571/566 611/573/568
f 716/572/567 611/573/568 610/574/569
f 610/574/569 611/573/568 639/575/570
f 610/574/569 639/575/570 640/576/571
f 640/576/571 639/575/570 531/577/572
f 640/576/571 531/577/572 530/578/573
f 530/578/573 531/577/572 563/579/574
f 530/578/573 563/579/574 564/580/575
f 564/580/575 563/579/574 451/581/576
f 564/580/575 451/581/576 450/582/577
f 450/582/577 451/581/576 487/583/578
f 450/582/577 487/583/578 488/584/579
f 488/584/579 487/583/578 410/585/580
f 488/584/579 410/585/580 409/586/581
f 409/586/581 410/585/580 356/587/582
f 409/586/581 356/587/582 357/588/583
f 346/525/520 347/589/584 425/527/522
f 425/527/522 347/589/584 424/590/585
f 425/527/522 424/590/585 473/529/524
f 473/529/524 424/590/585 474/591/586
f 473/529/524 474/591/586 464/531/526
f 464/531/526 474/591/586 463/592/587
f 464/531/526 463/592/587 551/533/528
f 551/533/528 463/592/587 552/593/588
f 551/533/528 552/593/588 542/535/530
f 542/535/530 552/593/588 541/594/589
f 542/535/530 541/594/589 629/537/532
f 629/537/532 541/594/589 630/595/590
f 629/537/532 630/595/590 620/539/534
f 620/539/534 630/595/590 619/596/591
f 620/539/534 619/596/591 707/541/536
f 707/541/536 619/596/591 708/597/592
f 707/541/536 708/597/592 698/543/538
f 698/543/538 708/597/592 697/598/593
f 698/543/538 697/598/593 785/545/540
f 785/545/540 697/598/593 786/599/594
f 785/545/540 786/599/594 776/547/542
f 776/547/542 786/599/594 775/600/595
f 776/547/542 775/600/595 863/549/544
f 863/549/544 775/600/595 864/601/596
f 863/549/544 864/601/596 854/551/546
f 854/551/546 864/601/596 853/602/597
f 854/551/546 853/602/597 941/553/548
f 941/553/548 853/602/597 942/603/598
f 941/553/548 942/603/598 932/555/550
f 932/555/550 942/603/598 931/557/552
f 347/589/584 348/604/599 424/590/585
f 424/590/585 348/604/599 423/605/600
f 424/590/585 423/605/600 474/591/586
f 474/591/586 423/605/600 475/606/601
f 474/591/586 475/606/601 463/592/587
f 463/592/587 475/606/601 462/607/602
f 463/592/587 462/607/602 552/593/588
f 552/593/588 462/607/602 553/608/603
f 552/593/588 553/608/603 541/594/589
f 541/594/589 553/608/603 540/609/604
f 541/594/589 540/609/604 630/595/590
f 630/595/590 540/609/604 631/610/605
f 630/595/590 631/610/605 619/596/591
f 619/596/591 631/610/605 618/611/606
f 619/596/591 618/611/606 708/597/592
f 708/597/592 618/611/606 709/612/607
f 708/597/592 709/612/607 697/598/593
f 697/598/593 709/612/607 696/613/608
f 697/598/593 696/613/608 786/599/594
f 786/599/594 696/613/608 787/614/609
f 786/599/594 787/614/609 775/600/595
f 775/600/595 787/614/609 774/615/610
f 775/600/595 774/615/610 864/601/596
f 864/601/596 774/615/610 865/616/611
f 864/601/596 865/616/611 853/602/597
f 853/602/597 865/616/611 852/617/612
f 853/602/597 852/617/612 942/603/598
f 942/603/598 852/617/612 943/559/554
f 942/603/598 943/559/554 931/557/552
f 423/605/600 348/604/599 422/618/613
f 422/618/613 348/604/599 349/619/614
f 422/618/613 349/619/614 421/620/615
f 421/620/615 349/619/614 420/621/616
f 421/620/615 420/621/616 477/622/617
f 477/622/617 420/621/616 478/623/618
f 477/622/617 478/623/618 460/624/619
f 460/624/619 478/623/618 459/625/620
f 460/624/619 459/625/620 555/626/621
f 555/626/621 459/625/620 556/627/622
f 555/626/621 556/627/622 538/628/623
f 538/628/623 556/627/622 537/629/624
f 538/628/623 537/629/624 633/630/625
f 633/630/625 537/629/624 634/631/626
f 633/630/625 634/631/626 616/632/627
f 616/632/627 634/631/626 615/633/628
f 616/632/627 615/633/628 711/634/629
f 711/634/629 615/633/628 712/635/630
f 711/634/629 712/635/630 694/636/631
f 694/636/631 712/635/630 693/637/632
f 694/636/631 693/637/632 789/638/633
f 789/638/633 693/637/632 790/639/634
f 789/638/633 790/639/634 772/640/635
f 772/640/635 790/639/634 771/565/560
f 772/640/635 771/565/560 867/563/558
f 349/619/614 350/641/636 420/621/616
f 420/621/616 350/641/636 419/642/637
f 420/621/616 419/642/637 478/623/618
f 478/623/618 419/642/637 479/643/638
f 478/623/618 479/643/638 459/625/620
f 459/625/620 479/643/638 458/644/639
f 459/625/620 458/644/639 556/627/622
f 556/627/622 458/644/639 557/645/640
f 556/627/622 557/645/640 537/629/624
f 537/629/624 557/645/640 536/646/641
f 537/629/624 536/646/641 634/631/626
f 634/631/626 536/646/641 635/647/642
f 634/631/626 635/647/642 615/633/628
f 615/633/628 635/647/642 614/648/643
f 615/633/628 614/648/643 712/635/630
f 712/635/630 614/648/643 713/649/644
f 712/635/630 713/649/644 693/637/632
f 693/637/632 713/649/644 692/650/645
f 693/637/632 692/650/645 790/639/634
f 790/639/634 692/650/645 791/567/562
f 790/639/634 791/567/562 771/565/560
f 350/641/636 351/651/646 419/642/637
f 419/642/637 351/651/646 418/652/647
f 419/642/637 418/652/647 479/643/638
f 479/643/638 418/652/647 480/653/648
f 479/643/638 480/653/648 458/644/639
f 458/644/639 480/653/648 457/654/649
f 458/644/639 457/654/649 557/645/640
f 557/645/640 457/654/649 558/655/650
f 557/645/640 558/655/650 536/646/641
f 536/646/641 558/655/650 535/656/651
f 536/646/641 535/656/651 635/647/642
f 635/647/642 535/656/651 636/657/652
f 635/647/642 636/657/652 614/648/643
f 614/648/643 636/657/652 613/658/653
f 614/648/643 613/658/653 713/649/644
f 713/649/644 613/658/653 714/659/654
f 713/649/644 714/659/654 692/650/645
f 692/650/645 714/659/654 691/569/564
f 692/650/645 691/569/564 791/567/562
f 418/652/647 351/651/646 417/660/655
f 417/660/655 351/651/646 352/661/656
f 417/660/655 352/661/656 416/662/657
f 416/662/657 352/661/656 353/663/658
f 416/662/657 353/663/658 415/664/659
f 415/664/659 353/663/658 414/665/660
f 415/664/659 414/665/660 483/666/661
f 483/666/661 414/665/660 484/667/662
f 483/666/661 484/667/662 454/668/663
f 454/668/663 484/667/662 453/669/664
f 454/668/663 453/669/664 561/670/665
f 561/670/665 453/669/664 562/671/666
f 561/670/665 562/671/666 532/672/667
f 532/672/667 562/671/666 531/577/572
f 532/672/667 531/577/572 639/575/570
f 353/663/658 354/673/668 414/665/660
f 414/665/660 354/673/668 413/674/669
f 414/665/660 413/674/669 484/667/662
f 484/667/662 413/674/669 485/675/670
f 484/667/662 485/675/670 453/669/664
f 453/669/664 485/675/670 452/676/671
f 453/669/664 452/676/671 562/671/666
f 562/671/666 452/676/671 563/579/574
f 562/671/666 563/579/574 531/577/572
f 413/674/669 354/673/668 412/677/672
f 412/677/672 354/673/668 355/678/673
f 412/677/672 355/678/673 411/679/674
f 411/679/674 355/678/673 356/587/582
f 411/679/674 356/587/582 410/585/580
f 409/586/581 357/588/583 408/680/675
f 408/680/675 357/588/583 358/681/676
f 408/680/675 358/681/676 407/682/677
f 407/682/677 358/681/676 406/683/678
f 407/682/677 406/683/678 491/684/679
f 491/684/679 406/683/678 492/685/680
f 491/684/679 492/685/680 446/686/681
f 446/686/681 492/685/680 445/687/682
f 446/686/681 445/687/682 569/688/683
f 569/688/683 445/687/682 570/689/684
f 569/688/683 570/689/684 524/690/685
f 524/690/685 570/689/684 523/691/686
f 524/690/685 523/691/686 647/692/687
f 647/692/687 523/691/686 648/693/688
f 647/692/687 648/693/688 602/694/689
f 602/694/689 648/693/688 601/695/690
f 602/694/689 601/695/690 725/696/691
f 725/696/691 601/695/690 726/697/692
f 725/696/691 726/697/692 680/698/693
f 680/698/693 726/697/692 679/699/694
f 680/698/693 679/699/694 803/700/695
f 803/700/695 679/699/694 804/701/696
f 803/700/695 804/701/696 758/702/697
f 758/702/697 804/701/696 757/703/698
f 758/702/697 757/703/698 881/704/699
f 881/704/699 757/703/698 882/705/700
f 881/704/699 882/705/700 836/706/701
f 836/706/701 882/705/700 835/707/702
f 836/706/701 835/707/702 959/708/703
f 959/708/703 835/707/702 960/709/704
f 959/708/703 960/709/704 914/710/705
f 914/710/705 960/709/704 913/711/706
f 914/710/705 913/711/706 379/712/707
f 379/712/707 913/711/706 912/713/708
f 379/712/707 912/713/708 911/714/709
f 911/714/709 912/713/708 962/715/710
f 911/714/709 962/715/710 963/716/711
f 963/716/711 962/715/710 832/717/712
f 963/716/711 832/717/712 831/718/713
f 831/718/713 832/717/712 886/719/714
f 831/718/713 886/719/714 887/720/715
f 887/720/715 886/719/714 752/721/716
f 887/720/715 752/721/716 751/722/717
f 751/722/717 752/721/716 810/723/718
f 751/722/717 810/723/718 811/724/719
f 811/724/719 810/723/718 672/725/720
f 811/724/719 672/725/720 671/726/721
f 671/726/721 672/725/720 734/727/722
f 671/726/721 734/727/722 735/728/723
f 735/728/723 734/727/722 592/729/724
f 735/728/723 592/729/724 591/730/725
f 591/730/725 592/729/724 658/731/726
f 591/730/725 658/731/726 659/732/727
f 659/732/727 658/731/726 512/733/728
f 659/732/727 512/733/728 511/734/729
f 511/734/729 512/733/728 582/735/730
f 511/734/729 582/735/730 583/736/731
f 583/736/731 582/735/730 432/737/732
f 583/736/731 432/737/732 431/738/733
f 431/738/733 432/737/732 506/739/734
f 431/738/733 506/739/734 507/740/735
f 507/740/735 506/739/734 391/741/736
f 507/740/735 391/741/736 369/742/737
f 369/742/737 391/741/736 368/743/738
f 368/743/738 391/741/736 367/744/739
f 367/744/739 391/741/736 392/745/740
f 367/744/739 392/745/740 393/746/741
f 393/746/741 392/745/740 505/747/742
f 393/746/741 505/747/742 504/748/743
f 504/748/743 505/747/742 433/749/744
f 504/748/743 433/749/744 434/750/745
f 434/750/745 433/749/744 581/751/746
f 434/750/745 581/751/746 580/752/747
f 580/752/747 581/751/746 513/753/748
f 580/752/747 513/753/748 514/754/749
f 514/754/749 513/753/748 657/755/750
f 514/754/749 657/755/750 656/756/751
f 656/756/751 657/755/750 593/757/752
f 656/756/751 593/757/752 594/758/753
f 594/758/753 593/757/752 733/759/754
f 594/758/753 733/759/754 732/760/755
f 732/760/755 733/759/754 673/761/756
f 732/760/755 673/761/756 674/762/757
f 674/762/757 673/761/756 809/763/758
f 674/762/757 809/763/758 808/764/759
f 808/764/759 809/763/758 753/765/760
f 808/764/759 753/765/760 754/766/761
f 754/766/761 753/765/760 885/767/762
f 754/766/761 885/767/762 884/768/763
f 884/768/763 885/767/762 833/769/764
f 884/768/763 833/769/764 834/770/765
f 834/770/765 833/769/764 961/771/766
f 834/770/765 961/771/766 960/709/704
f 960/709/704 961/771/766 913/711/706
f 358/681/676 359/772/767 406/683/678
f 406/683/678 359/772/767 405/773/768
f 406/683/678 405/773/768 492/685/680
f 492/685/680 405/773/768 493/774/769
f 492/685/680 493/774/769 445/687/682
f 445/687/682 493/774/769 444/775/770
f 445/687/682 444/775/770 570/689/684
f 570/689/684 444/775/770 571/776/771
f 570/689/684 571/776/771 523/691/686
f 523/691/686 571/776/771 522/777/772
f 523/691/686 522/777/772 648/693/688
f 648/693/688 522/777/772 649/778/773
f 648/693/688 649/778/773 601/695/690
f 601/695/690 649/778/773 600/779/774
f 601/695/690 600/779/774 726/697/692
f 726/697/692 600/779/774 727/780/775
f 726/697/692 727/780/775 679/699/694
f 679/699/694 727/780/775 678/781/776
f 679/699/694 678/781/776 804/701/696
f 804/701/696 678/781/776 805/782/777
f 804/701/696 805/782/777 757/703/698
f 757/703/698 805/782/777 756/783/778
f 757/703/698 756/783/778 882/705/700
f 882/705/700 756/783/778 883/784/779
f 882/705/700 883/784/779 835/707/702
f 835/707/702 883/784/779 834/770/765
f 835/707/702 834/770/765 960/709/704
f 359/772/767 360/785/780 405/773/768
f 405/773/768 360/785/780 404/786/781
f 405/773/768 404/786/781 493/774/769
f 493/774/769 404/786/781 494/787/782
f 493/774/769 494/787/782 444/775/770
f 444/775/770 494/787/782 443/788/783
f 444/775/770 443/788/783 571/776/771
f 571/776/771 443/788/783 572/789/784
f 571/776/771 572/789/784 522/777/772
f 522/777/772 572/789/784 521/790/785
f 522/777/772 521/790/785 649/778/773
f 649/778/773 521/790/785 650/791/786
f 649/778/773 650/791/786 600/779/774
f 600/779/774 650/791/786 599/792/787
f 600/779/774 599/792/787 727/780/775
f 727/780/775 599/792/787 728/793/788
f 727/780/775 728/793/788 678/781/776
f 678/781/776 728/793/788 677/794/789
f 678/781/776 677/794/789 805/782/777
f 805/782/777 677/794/789 806/795/790
f 805/782/777 806/795/790 756/783/778
f 756/783/778 806/795/790 755/796/791
f 756/783/778 755/796/791 883/784/779
f 883/784/779 755/796/791 884/768/763
f 883/784/779 884/768/763 834/770/765
f 404/786/781 360/785/780 403/797/792
f 403/797/792 360/785/780 361/798/793
f 403/797/792 361/798/793 402/799/794
f 402/799/794 361/798/793 401/800/795
f 402/799/794 401/800/795 496/801/796
f 496/801/796 401/800/795 497/802/797
f 496/801/796 497/802/797 441/803/798
f 441/803/798 497/802/797 440/804/799
f 441/803/798 440/804/799 574/805/800
f 574/805/800 440/804/799 575/806/801
f 574/805/800 575/806/801 519/807/802
f 519/807/802 575/806/801 518/808/803
f 519/807/802 518/808/803 652/809/804
f 652/809/804 518/808/803 653/810/805
f 652/809/804 653/810/805 597/811/806
f 597/811/806 653/810/805 596/812/807
f 597/811/806 596/812/807 730/813/808
f 730/813/808 596/812/807 731/814/809
f 730/813/808 731/814/809 675/815/810
f 675/815/810 731/814/809 674/762/757
f 675/815/810 674/762/757 808/764/759
f 361/798/793 362/816/811 401/800/795
f 401/800/795 362/816/811 400/817/812
f 401/800/795 400/817/812 497/802/797
f 497/802/797 400/817/812 498/818/813
f 497/802/797 498/818/813 440/804/799
f 440/804/799 498/818/813 439/819/814
f 440/804/799 439/819/814 575/806/801
f 575/806/801 439/819/814 576/820/815
f 575/806/801 576/820/815 518/808/803
f 518/808/803 576/820/815 517/821/816
f 518/808/803 517/821/816 653/810/805
f 653/810/805 517/821/816 654/822/817
f 653/810/805 654/822/817 596/812/807
f 596/812/807 654/822/817 595/823/818
f 596/812/807 595/823/818 731/814/809
f 731/814/809 595/823/818 732/760/755
f 731/814/809 732/760/755 674/762/757
f 362/816/811 363/824/819 400/817/812
f 400/817/812 363/824/819 399/825/820
f 400/817/812 399/825/820 498/818/813
f 498/818/813 399/825/820 499/826/821
f 498/818/813 499/826/821 439/819/814
f 439/819/814 499/826/821 438/827/822
f 439/819/814 438/827/822 576/820/815
f 576/820/815 438/827/822 577/828/823
f 576/820/815 577/828/823 517/821/816
f 517/821/816 577/828/823 516/829/824
f 517/821/816 516/829/824 654/822/817
f 654/822/817 516/829/824 655/830/825
f 654/822/817 655/830/825 595/823/818
f 595/823/818 655/830/825 594/758/753
f 595/823/818 594/758/753 732/760/755
f 399/825/820 363/824/819 398/831/826
f 398/831/826 363/824/819 364/832/827
f 398/831/826 364/832/827 397/833/828
f 397/833/828 364/832/827 365/834/829
f 397/833/828 365/834/829 396/835/830
f 396/835/830 365/834/829 395/836/831
f 396/835/830 395/836/831 502/837/832
f 502/837/832 395/836/831 503/838/833
f 502/837/832 503/838/833 435/839/834
f 435/839/834 503/838/833 434/750/745
f 435/839/834 434/750/745 580/752/747
f 365/834/829 366/840/835 395/836/831
f 395/836/831 366/840/835 394/841/836
f 395/836/831 394/841/836 503/838/833
f 503/838/833 394/841/836 504/748/743
f 503/838/833 504/748/743 434/750/745
f 394/841/836 366/840/835 393/746/741
f 393/746/741 366/840/835 367/744/739
f 507/740/735 369/742/737 430/842/837
f 430/842/837 369/742/737 370/843/838
f 430/842/837 370/843/838 585/844/839
f 585/844/839 370/843/838 508/845/840
f 585/844/839 508/845/840 509/846/841
f 509/846/841 508/845/840 662/847/842
f 509/846/841 662/847/842 661/848/843
f 661/848/843 662/847/842 588/849/844
f 661/848/843 588/849/844 589/850/845
f 589/850/845 588/849/844 738/851/846
f 589/850/845 738/851/846 737/852/847
f 737/852/847 738/851/846 668/853/848
f 737/852/847 668/853/848 669/854/849
f 669/854/849 668/853/848 814/855/850
f 669/854/849 814/855/850 813/856/851
f 813/856/851 814/855/850 748/857/852
f 813/856/851 748/857/852 749/858/853
f 749/858/853 748/857/852 890/859/854
f 749/858/853 890/859/854 889/860/855
f 889/860/855 890/859/854 828/861/856
f 889/860/855 828/861/856 829/862/857
f 829/862/857 828/861/856 966/863/858
f 829/862/857 966/863/858 965/864/859
f 965/864/859 966/863/858 908/865/860
f 965/864/859 908/865/860 909/866/861
f 909/866/861 908/865/860 378/867/862
f 909/866/861 378/867/862 910/868/863
f 910/868/863 378/867/862 379/712/707
f 910/868/863 379/712/707 911/714/709
f 370/843/838 371/869/864 508/845/840
f 508/845/840 371/869/864 663/870/865
f 508/845/840 663/870/865 662/847/842
f 662/847/842 663/870/865 587/871/866
f 662/847/842 587/871/866 588/849/844
f 588/849/844 587/871/866 739/872/867
f 588/849/844 739/872/867 738/851/846
f 738/851/846 739/872/867 667/873/868
f 738/851/846 667/873/868 668/853/848
f 668/853/848 667/873/868 815/874/869
f 668/853/848 815/874/869 814/855/850
f 814/855/850 815/874/869 747/875/870
f 814/855/850 747/875/870 748/857/852
f 748/857/852 747/875/870 891/876/871
f 748/857/852 891/876/871 890/859/854
f 890/859/854 891/876/871 827/877/872
f 890/859/854 827/877/872 828/861/856
f 828/861/856 827/877/872 967/878/873
f 828/861/856 967/878/873 966/863/858
f 966/863/858 967/878/873 907/879/874
f 966/863/858 907/879/874 908/865/860
f 908/865/860 907/879/874 378/867/862
f 663/870/865 371/869/864 586/880/875
f 586/880/875 371/869/864 372/881/876
f 586/880/875 372/881/876 741/882/877
f 741/882/877 372/881/876 664/883/878
f 741/882/877 664/883/878 665/884/879
f 665/884/879 664/883/878 818/885/880
f 665/884/879 818/885/880 817/886/881
f 817/886/881 818/885/880 744/887/882
f 817/886/881 744/887/882 745/888/883
f 745/888/883 744/887/882 894/889/884
f 745/888/883 894/889/884 893/890/885
f 893/890/885 894/889/884 824/891/886
f 893/890/885 824/891/886 825/892/887
f 825/892/887 824/891/886 970/893/888
f 825/892/887 970/893/888 969/894/889
f 969/894/889 970/893/888 904/895/890
f 969/894/889 904/895/890 905/896/891
f 905/896/891 904/895/890 377/897/892
f 905/896/891 377/897/892 906/898/893
f 906/898/893 377/897/892 378/867/862
f 906/898/893 378/867/862 907/879/874
f 372/881/876 373/899/894 664/883/878
f 664/883/878 373/899/894 819/900/895
f 664/883/878 819/900/895 818/885/880
f 818/885/880 819/900/895 743/901/896
f 818/885/880 743/901/896 744/887/882
f 744/887/882 743/901/896 895/902/897
f 744/887/882 895/902/897 894/889/884
f 894/889/884 895/902/897 823/903/898
f 894/889/884 823/903/898 824/891/886
f 824/891/886 823/903/898 971/904/899
f 824/891/886 971/904/899 970/893/888
f 970/893/888 971/904/899 903/905/900
f 970/893/888 903/905/900 904/895/890
f 904/895/890 903/905/900 377/897/892
f 819/900/895 373/899/894 742/906/901
f 742/906/901 373/899/894 374/907/902
f 742/906/901 374/907/902 897/908/903
f 897/908/903 374/907/902 820/909/904
f 897/908/903 820/909/904 821/910/905
f 821/910/905 820/909/904 974/911/906
f 821/910/905 974/911/906 973/912/907
f 973/912/907 974/911/906 900/913/908
f 973/912/907 900/913/908 901/914/909
f 901/914/909 900/913/908 377/897/892
f 901/914/909 377/897/892 902/915/910
f 902/915/910 377/897/892 903/905/900
f 902/915/910 903/905/900 971/904/899
f 374/907/902 375/916/911 820/909/904
f 820/909/904 375/916/911 975/917/912
f 820/909/904 975/917/912 974/911/906
f 974/911/906 975/917/912 899/918/913
f 974/911/906 899/918/913 900/913/908
f 900/913/908 899/918/913 376/919/914
f 900/913/908 376/919/914 377/897/892
f 975/917/912 375/916/911 898/920/915
f 898/920/915 375/916/911 376/919/914
f 898/920/915 376/919/914 899/918/913
f 914/710/705 379/712/707 915/921/916
f 915/921/916 379/712/707 380/922/917
f 915/921/916 380/922/917 916/923/918
f 916/923/918 380/922/917 917/924/919
f 916/923/918 917/924/919 957/925/920
f 957/925/920 917/924/919 956/926/921
f 957/925/920 956/926/921 838/927/922
f 838/927/922 956/926/921 839/928/923
f 838/927/922 839/928/923 879/929/924
f 879/929/924 839/928/923 878/930/925
f 879/929/924 878/930/925 760/931/926
f 760/931/926 878/930/925 761/932/927
f 760/931/926 761/932/927 801/933/928
f 801/933/928 761/932/927 800/934/929
f 801/933/928 800/934/929 682/935/930
f 682/935/930 800/934/929 683/936/931
f 682/935/930 683/936/931 723/937/932
f 723/937/932 683/936/931 722/938/933
f 723/937/932 722/938/933 604/939/934
f 604/939/934 722/938/933 605/940/935
f 604/939/934 605/940/935 645/941/936
f 645/941/936 605/940/935 644/942/937
f 645/941/936 644/942/937 526/943/938
f 526/943/938 644/942/937 527/944/939
f 526/943/938 527/944/939 567/945/940
f 567/945/940 527/944/939 566/946/941
f 567/945/940 566/946/941 448/947/942
f 448/947/942 566/946/941 449/948/943
f 448/947/942 449/948/943 489/949/944
f 489/949/944 449/948/943 488/584/579
f 489/949/944 488/584/579 409/586/581
f 381/950/945 923/951/946 380/922/917
f 380/922/917 923/951/946 922/952/947
f 380/922/917 922/952/947 921/953/948
f 921/953/948 922/952/947 952/954/949
f 921/953/948 952/954/949 953/955/950
f 953/955/950 952/954/949 842/956/951
f 953/955/950 842/956/951 841/957/952
f 841/957/952 842/956/951 876/958/953
f 841/957/952 876/958/953 877/959/954
f 877/959/954 876/958/953 762/960/955
f 877/959/954 762/960/955 761/932/927
f 761/932/927 762/960/955 800/934/929
f 382/556/551 930/558/553 381/950/945
f 381/950/945 930/558/553 929/961/956
f 381/950/945 929/961/956 928/962/957
f 928/962/957 929/961/956 945/963/958
f 928/962/957 945/963/958 946/964/959
f 946/964/959 945/963/958 849/965/960
f 946/964/959 849/965/960 848/966/961
f 848/966/961 849/965/960 869/967/962
f 848/966/961 869/967/962 870/968/963
f 870/968/963 869/967/962 769/969/964
f 870/968/963 769/969/964 768/970/965
f 768/970/965 769/969/964 793/971/966
f 768/970/965 793/971/966 794/972/967
f 794/972/967 793/971/966 689/973/968
f 794/972/967 689/973/968 688/974/969
f 688/974/969 689/973/968 717/975/970
f 688/974/969 717/975/970 718/976/971
f 718/976/971 717/975/970 609/977/972
f 718/976/971 609/977/972 608/978/973
f 608/978/973 609/977/972 641/979/974
f 608/978/973 641/979/974 642/980/975
f 642/980/975 641/979/974 529/981/976
f 642/980/975 529/981/976 528/982/977
f 528/982/977 529/981/976 565/983/978
f 528/982/977 565/983/978 566/946/941
f 566/946/941 565/983/978 449/948/943
f 383/984/979 935/985/980 382/556/551
f 382/556/551 935/985/980 934/986/981
f 382/556/551 934/986/981 933/554/549
f 933/554/549 934/986/981 940/552/547
f 935/985/980 383/984/979 936/987/982
f 936/987/982 383/984/979 384/988/983
f 936/987/982 384/988/983 937/989/984
f 937/989/984 384/988/983 858/990/985
f 937/989/984 858/990/985 857/991/986
f 857/991/986 858/990/985 860/992/987
f 857/991/986 860/992/987 861/993/988
f 861/993/988 860/992/987 778/994/989
f 861/993/988 778/994/989 777/546/541
f 777/546/541 778/994/989 784/544/539
f 384/988/983 385/995/990 858/990/985
f 858/990/985 385/995/990 859/996/991
f 858/990/985 859/996/991 860/992/987
f 860/992/987 859/996/991 779/997/992
f 860/992/987 779/997/992 778/994/989
f 778/994/989 779/997/992 783/998/993
f 778/994/989 783/998/993 784/544/539
f 784/544/539 783/998/993 699/542/537
f 859/996/991 385/995/990 780/999/994
f 780/999/994 385/995/990 386/1000/995
f 780/999/994 386/1000/995 781/1001/996
f 781/1001/996 386/1000/995 702/1002/997
f 781/1001/996 702/1002/997 701/1003/998
f 701/1003/998 702/1002/997 704/1004/999
f 701/1003/998 704/1004/999 705/1005/1000
f 705/1005/1000 704/1004/999 622/1006/1001
f 705/1005/1000 622/1006/1001 621/538/533
f 621/538/533 622/1006/1001 628/536/531
f 386/1000/995 387/1007/1002 702/1002/997
f 702/1002/997 387/1007/1002 703/1008/1003
f 702/1002/997 703/1008/1003 704/1004/999
f 704/1004/999 703/1008/1003 623/1009/1004
f 704/1004/999 623/1009/1004 622/1006/1001
f 622/1006/1001 623/1009/1004 627/1010/1005
f 622/1006/1001 627/1010/1005 628/536/531
f 628/536/531 627/1010/1005 543/534/529
f 703/1008/1003 387/1007/1002 624/1011/1006
f 624/1011/1006 387/1007/1002 388/1012/1007
f 624/1011/1006 388/1012/1007 625/1013/1008
f 625/1013/1008 388/1012/1007 546/1014/1009
f 625/1013/1008 546/1014/1009 545/1015/1010
f 545/1015/1010 546/1014/1009 548/1016/1011
f 545/1015/1010 548/1016/1011 549/1017/1012
f 549/1017/1012 548/1016/1011 466/1018/1013
f 549/1017/1012 466/1018/1013 465/530/525
f 465/530/525 466/1018/1013 472/528/523
f 388/1012/1007 389/1019/1014 546/1014/1009
f 546/1014/1009 389/1019/1014 547/1020/1015
f 546/1014/1009 547/1020/1015 548/1016/1011
f 548/1016/1011 547/1020/1015 467/1021/1016
f 548/1016/1011 467/1021/1016 466/1018/1013
f 466/1018/1013 467/1021/1016 471/1022/1017
f 466/1018/1013 471/1022/1017 472/528/523
f 472/528/523 471/1022/1017 426/526/521
f 547/1020/1015 389/1019/1014 468/1023/1018
f 468/1023/1018 389/1019/1014 390/518/513
f 468/1023/1018 390/518/513 469/1024/1019
f 469/1024/1019 390/518/513 429/520/515
f 469/1024/1019 429/520/515 428/522/517
f 505/747/742 392/745/740 506/739/734
f 506/739/734 392/745/740 391/741/736
f 504/748/743 394/841/836 393/746/741
f 397/833/828 396/835/830 501/1025/1020
f 501/1025/1020 396/835/830 502/837/832
f 501/1025/1020 502/837/832 436/1026/1021
f 436/1026/1021 502/837/832 435/839/834
f 436/1026/1021 435/839/834 579/1027/1022
f 579/1027/1022 435/839/834 580/752/747
f 579/1027/1022 580/752/747 514/754/749
f 499/826/821 399/825/820 398/831/826
f 398/831/826 397/833/828 500/1028/1023
f 500/1028/1023 397/833/828 501/1025/1020
f 500/1028/1023 501/1025/1020 437/1029/1024
f 437/1029/1024 501/1025/1020 436/1026/1021
f 437/1029/1024 436/1026/1021 578/1030/1025
f 578/1030/1025 436/1026/1021 579/1027/1022
f 578/1030/1025 579/1027/1022 515/1031/1026
f 515/1031/1026 579/1027/1022 514/754/749
f 515/1031/1026 514/754/749 656/756/751
f 494/787/782 404/786/781 403/797/792
f 403/797/792 402/799/794 495/1032/1027
f 495/1032/1027 402/799/794 496/801/796
f 495/1032/1027 496/801/796 442/1033/1028
f 442/1033/1028 496/801/796 441/803/798
f 442/1033/1028 441/803/798 573/1034/1029
f 573/1034/1029 441/803/798 574/805/800
f 573/1034/1029 574/805/800 520/1035/1030
f 520/1035/1030 574/805/800 519/807/802
f 520/1035/1030 519/807/802 651/1036/1031
f 651/1036/1031 519/807/802 652/809/804
f 651/1036/1031 652/809/804 598/1037/1032
f 598/1037/1032 652/809/804 597/811/806
f 598/1037/1032 597/811/806 729/1038/1033
f 729/1038/1033 597/811/806 730/813/808
f 729/1038/1033 730/813/808 676/1039/1034
f 676/1039/1034 730/813/808 675/815/810
f 676/1039/1034 675/815/810 807/1040/1035
f 807/1040/1035 675/815/810 808/764/759
f 807/1040/1035 808/764/759 754/766/761
f 489/949/944 409/586/581 408/680/675
f 408/680/675 407/682/677 490/1041/1036
f 490/1041/1036 407/682/677 491/684/679
f 490/1041/1036 491/684/679 447/1042/1037
f 447/1042/1037 491/684/679 446/686/681
f 447/1042/1037 446/686/681 568/1043/1038
f 568/1043/1038 446/686/681 569/688/683
f 568/1043/1038 569/688/683 525/1044/1039
f 525/1044/1039 569/688/683 524/690/685
f 525/1044/1039 524/690/685 646/1045/1040
f 646/1045/1040 524/690/685 647/692/687
f 646/1045/1040 647/692/687 603/1046/1041
f 603/1046/1041 647/692/687 602/694/689
f 603/1046/1041 602/694/689 724/1047/1042
f 724/1047/1042 602/694/689 725/696/691
f 724/1047/1042 725/696/691 681/1048/1043
f 681/1048/1043 725/696/691 680/698/693
f 681/1048/1043 680/698/693 802/1049/1044
f 802/1049/1044 680/698/693 803/700/695
f 802/1049/1044 803/700/695 759/1050/1045
f 759/1050/1045 803/700/695 758/702/697
f 759/1050/1045 758/702/697 880/1051/1046
f 880/1051/1046 758/702/697 881/704/699
f 880/1051/1046 881/704/699 837/1052/1047
f 837/1052/1047 881/704/699 836/706/701
f 837/1052/1047 836/706/701 958/1053/1048
f 958/1053/1048 836/706/701 959/708/703
f 958/1053/1048 959/708/703 915/921/916
f 915/921/916 959/708/703 914/710/705
f 410/585/580 487/583/578 411/679/674
f 411/679/674 487/583/578 486/1054/1049
f 411/679/674 486/1054/1049 412/677/672
f 412/677/672 486/1054/1049 485/675/670
f 412/677/672 485/675/670 413/674/669
f 416/662/657 415/664/659 482/1055/1050
f 482/1055/1050 415/664/659 483/666/661
f 482/1055/1050 483/666/661 455/1056/1051
f 455/1056/1051 483/666/661 454/668/663
f 455/1056/1051 454/668/663 560/1057/1052
f 560/1057/1052 454/668/663 561/670/665
f 560/1057/1052 561/670/665 533/1058/1053
f 533/1058/1053 561/670/665 532/672/667
f 533/1058/1053 532/672/667 638/1059/1054
f 638/1059/1054 532/672/667 639/575/570
f 638/1059/1054 639/575/570 611/573/568
f 480/653/648 418/652/647 417/660/655
f 417/660/655 416/662/657 481/1060/1055
f 481/1060/1055 416/662/657 482/1055/1050
f 481/1060/1055 482/1055/1050 456/1061/1056
f 456/1061/1056 482/1055/1050 455/1056/1051
f 456/1061/1056 455/1056/1051 559/1062/1057
f 559/1062/1057 455/1056/1051 560/1057/1052
f 559/1062/1057 560/1057/1052 534/1063/1058
f 534/1063/1058 560/1057/1052 533/1058/1053
f 534/1063/1058 533/1058/1053 637/1064/1059
f 637/1064/1059 533/1058/1053 638/1059/1054
f 637/1064/1059 638/1059/1054 612/1065/1060
f 612/1065/1060 638/1059/1054 611/573/568
f 612/1065/1060 611/573/568 715/571/566
f 475/606/601 423/605/600 422/618/613
f 422/618/613 421/620/615 476/1066/1061
f 476/1066/1061 421/620/615 477/622/617
f 476/1066/1061 477/622/617 461/1067/1062
f 461/1067/1062 477/622/617 460/624/619
f 461/1067/1062 460/624/619 554/1068/1063
f 554/1068/1063 460/624/619 555/626/621
f 554/1068/1063 555/626/621 539/1069/1064
f 539/1069/1064 555/626/621 538/628/623
f 539/1069/1064 538/628/623 632/1070/1065
f 632/1070/1065 538/628/623 633/630/625
f 632/1070/1065 633/630/625 617/1071/1066
f 617/1071/1066 633/630/625 616/632/627
f 617/1071/1066 616/632/627 710/1072/1067
f 710/1072/1067 616/632/627 711/634/629
f 710/1072/1067 711/634/629 695/1073/1068
f 695/1073/1068 711/634/629 694/636/631
f 695/1073/1068 694/636/631 788/1074/1069
f 788/1074/1069 694/636/631 789/638/633
f 788/1074/1069 789/638/633 773/1075/1070
f 773/1075/1070 789/638/633 772/640/635
f 773/1075/1070 772/640/635 866/1076/1071
f 866/1076/1071 772/640/635 867/563/558
f 866/1076/1071 867/563/558 851/561/556
f 426/526/521 471/1022/1017 427/524/519
f 427/524/519 471/1022/1017 470/1077/1072
f 427/524/519 470/1077/1072 428/522/517
f 428/522/517 470/1077/1072 469/1024/1019
f 507/740/735 430/842/837 431/738/733
f 431/738/733 430/842/837 584/1078/1073
f 431/738/733 584/1078/1073 583/736/731
f 583/736/731 584/1078/1073 510/1079/1074
f 583/736/731 510/1079/1074 511/734/729
f 511/734/729 510/1079/1074 660/1080/1075
f 511/734/729 660/1080/1075 659/732/727
f 659/732/727 660/1080/1075 590/1081/1076
f 659/732/727 590/1081/1076 591/730/725
f 591/730/725 590/1081/1076 736/1082/1077
f 591/730/725 736/1082/1077 735/728/723
f 735/728/723 736/1082/1077 670/1083/1078
f 735/728/723 670/1083/1078 671/726/721
f 671/726/721 670/1083/1078 812/1084/1079
f 671/726/721 812/1084/1079 811/724/719
f 811/724/719 812/1084/1079 750/1085/1080
f 811/724/719 750/1085/1080 751/722/717
f 751/722/717 750/1085/1080 888/1086/1081
f 751/722/717 888/1086/1081 887/720/715
f 887/720/715 888/1086/1081 830/1087/1082
f 887/720/715 830/1087/1082 831/718/713
f 831/718/713 830/1087/1082 964/1088/1083
f 831/718/713 964/1088/1083 963/716/711
f 963/716/711 964/1088/1083 910/868/863
f 963/716/711 910/868/863 911/714/709
f 505/747/742 506/739/734 432/737/732
f 505/747/742 432/737/732 433/749/744
f 433/749/744 432/737/732 582/735/730
f 433/749/744 582/735/730 581/751/746
f 581/751/746 582/735/730 512/733/728
f 581/751/746 512/733/728 513/753/748
f 513/753/748 512/733/728 658/731/726
f 513/753/748 658/731/726 657/755/750
f 657/755/750 658/731/726 592/729/724
f 657/755/750 592/729/724 593/757/752
f 593/757/752 592/729/724 734/727/722
f 593/757/752 734/727/722 733/759/754
f 733/759/754 734/727/722 672/725/720
f 733/759/754 672/725/720 673/761/756
f 673/761/756 672/725/720 810/723/718
f 673/761/756 810/723/718 809/763/758
f 809/763/758 810/723/718 752/721/716
f 809/763/758 752/721/716 753/765/760
f 753/765/760 752/721/716 886/719/714
f 753/765/760 886/719/714 885/767/762
f 885/767/762 886/719/714 832/717/712
f 885/767/762 832/717/712 833/769/764
f 833/769/764 832/717/712 962/715/710
f 833/769/764 962/715/710 961/771/766
f 961/771/766 962/715/710 912/713/708
f 961/771/766 912/713/708 913/711/706
f 437/1029/1024 438/827/822 500/1028/1023
f 500/1028/1023 438/827/822 499/826/821
f 500/1028/1023 499/826/821 398/831/826
f 438/827/822 437/1029/1024 577/828/823
f 577/828/823 437/1029/1024 578/1030/1025
f 577/828/823 578/1030/1025 516/829/824
f 516/829/824 578/1030/1025 515/1031/1026
f 516/829/824 515/1031/1026 655/830/825
f 655/830/825 515/1031/1026 656/756/751
f 655/830/825 656/756/751 594/758/753
f 442/1033/1028 443/788/783 495/1032/1027
f 495/1032/1027 443/788/783 494/787/782
f 495/1032/1027 494/787/782 403/797/792
f 443/788/783 442/1033/1028 572/789/784
f 572/789/784 442/1033/1028 573/1034/1029
f 572/789/784 573/1034/1029 521/790/785
f 521/790/785 573/1034/1029 520/1035/1030
f 521/790/785 520/1035/1030 650/791/786
f 650/791/786 520/1035/1030 651/1036/1031
f 650/791/786 651/1036/1031 599/792/787
f 599/792/787 651/1036/1031 598/1037/1032
f 599/792/787 598/1037/1032 728/793/788
f 728/793/788 598/1037/1032 729/1038/1033
f 728/793/788 729/1038/1033 677/794/789
f 677/794/789 729/1038/1033 676/1039/1034
f 677/794/789 676/1039/1034 806/795/790
f 806/795/790 676/1039/1034 807/1040/1035
f 806/795/790 807/1040/1035 755/796/791
f 755/796/791 807/1040/1035 754/766/761
f 755/796/791 754/766/761 884/768/763
f 447/1042/1037 448/947/942 490/1041/1036
f 490/1041/1036 448/947/942 489/949/944
f 490/1041/1036 489/949/944 408/680/675
f 448/947/942 447/1042/1037 567/945/940
f 567/945/940 447/1042/1037 568/1043/1038
f 567/945/940 568/1043/1038 526/943/938
f 526/943/938 568/1043/1038 525/1044/1039
f 526/943/938 525/1044/1039 645/941/936
f 645/941/936 525/1044/1039 646/1045/1040
f 645/941/936 646/1045/1040 604/939/934
f 604/939/934 646/1045/1040 603/1046/1041
f 604/939/934 603/1046/1041 723/937/932
f 723/937/932 603/1046/1041 724/1047/1042
f 723/937/932 724/1047/1042 682/935/930
f 682/935/930 724/1047/1042 681/1048/1043
f 682/935/930 681/1048/1043 801/933/928
f 801/933/928 681/1048/1043 802/1049/1044
f 801/933/928 802/1049/1044 760/931/926
f 760/931/926 802/1049/1044 759/1050/1045
f 760/931/926 759/1050/1045 879/929/924
f 879/929/924 759/1050/1045 880/1051/1046
f 879/929/924 880/1051/1046 838/927/922
f 838/927/922 880/1051/1046 837/1052/1047
f 838/927/922 837/1052/1047 957/925/920
f 957/925/920 837/1052/1047 958/1053/1048
f 957/925/920 958/1053/1048 916/923/918
f 916/923/918 958/1053/1048 915/921/916
f 488/584/579 449/948/943 450/582/577
f 450/582/577 449/948/943 565/983/978
f 450/582/577 565/983/978 564/580/575
f 564/580/575 565/983/978 529/981/976
f 564/580/575 529/981/976 530/578/573
f 530/578/573 529/981/976 641/979/974
f 530/578/573 641/979/974 640/576/571
f 640/576/571 641/979/974 609/977/972
f 640/576/571 609/977/972 610/574/569
f 610/574/569 609/977/972 717/975/970
f 610/574/569 717/975/970 716/572/567
f 716/572/567 717/975/970 689/973/968
f 716/572/567 689/973/968 690/570/565
f 690/570/565 689/973/968 793/971/966
f 690/570/565 793/971/966 792/568/563
f 792/568/563 793/971/966 769/969/964
f 792/568/563 769/969/964 770/566/561
f 770/566/561 769/969/964 869/967/962
f 770/566/561 869/967/962 868/564/559
f 868/564/559 869/967/962 849/965/960
f 868/564/559 849/965/960 850/562/557
f 850/562/557 849/965/960 945/963/958
f 850/562/557 945/963/958 944/560/555
f 944/560/555 945/963/958 929/961/956
f 944/560/555 929/961/956 930/558/553
f 486/1054/1049 487/583/578 451/581/576
f 485/675/670 486/1054/1049 452/676/671
f 452/676/671 486/1054/1049 451/581/576
f 452/676/671 451/581/576 563/579/574
f 456/1061/1056 457/654/649 481/1060/1055
f 481/1060/1055 457/654/649 480/653/648
f 481/1060/1055 480/653/648 417/660/655
f 457/654/649 456/1061/1056 558/655/650
f 558/655/650 456/1061/1056 559/1062/1057
f 558/655/650 559/1062/1057 535/656/651
f 535/656/651 559/1062/1057 534/1063/1058
f 535/656/651 534/1063/1058 636/657/652
f 636/657/652 534/1063/1058 637/1064/1059
f 636/657/652 637/1064/1059 613/658/653
f 613/658/653 637/1064/1059 612/1065/1060
f 613/658/653 612/1065/1060 714/659/654
f 714/659/654 612/1065/1060 715/571/566
f 714/659/654 715/571/566 691/569/564
f 461/1067/1062 462/607/602 476/1066/1061
f 476/1066/1061 462/607/602 475/606/601
f 476/1066/1061 475/606/601 422/618/613
f 462/607/602 461/1067/1062 553/608/603
f 553/608/603 461/1067/1062 554/1068/1063
f 553/608/603 554/1068/1063 540/609/604
f 540/609/604 554/1068/1063 539/1069/1064
f 540/609/604 539/1069/1064 631/610/605
f 631/610/605 539/1069/1064 632/1070/1065
f 631/610/605 632/1070/1065 618/611/606
f 618/611/606 632/1070/1065 617/1071/1066
f 618/611/606 617/1071/1066 709/612/607
f 709/612/607 617/1071/1066 710/1072/1067
f 709/612/607 710/1072/1067 696/613/608
f 696/613/608 710/1072/1067 695/1073/1068
f 696/613/608 695/1073/1068 787/614/609
f 787/614/609 695/1073/1068 788/1074/1069
f 787/614/609 788/1074/1069 774/615/610
f 774/615/610 788/1074/1069 773/1075/1070
f 774/615/610 773/1075/1070 865/616/611
f 865/616/611 773/1075/1070 866/1076/1071
f 865/616/611 866/1076/1071 852/617/612
f 852/617/612 866/1076/1071 851/561/556
f 852/617/612 851/561/556 943/559/554
f 549/1017/1012 465/530/525 550/532/527
f 470/1077/1072 471/1022/1017 467/1021/1016
f 469/1024/1019 470/1077/1072 468/1023/1018
f 468/1023/1018 470/1077/1072 467/1021/1016
f 468/1023/1018 467/1021/1016 547/1020/1015
f 585/844/839 509/846/841 584/1078/1073
f 584/1078/1073 509/846/841 510/1079/1074
f 660/1080/1075 510/1079/1074 661/848/843
f 661/848/843 510/1079/1074 509/846/841
f 566/946/941 527/944/939 528/982/977
f 528/982/977 527/944/939 643/1089/1084
f 528/982/977 643/1089/1084 642/980/975
f 642/980/975 643/1089/1084 607/1090/1085
f 642/980/975 607/1090/1085 608/978/973
f 608/978/973 607/1090/1085 719/1091/1086
f 608/978/973 719/1091/1086 718/976/971
f 718/976/971 719/1091/1086 687/1092/1087
f 718/976/971 687/1092/1087 688/974/969
f 688/974/969 687/1092/1087 795/1093/1088
f 688/974/969 795/1093/1088 794/972/967
f 794/972/967 795/1093/1088 767/1094/1089
f 794/972/967 767/1094/1089 768/970/965
f 768/970/965 767/1094/1089 871/1095/1090
f 768/970/965 871/1095/1090 870/968/963
f 870/968/963 871/1095/1090 847/1096/1091
f 870/968/963 847/1096/1091 848/966/961
f 848/966/961 847/1096/1091 947/1097/1092
f 848/966/961 947/1097/1092 946/964/959
f 946/964/959 947/1097/1092 927/1098/1093
f 946/964/959 927/1098/1093 928/962/957
f 928/962/957 927/1098/1093 381/950/945
f 643/1089/1084 527/944/939 644/942/937
f 549/1017/1012 550/532/527 544/1099/1094
f 544/1099/1094 550/532/527 543/534/529
f 544/1099/1094 543/534/529 627/1010/1005
f 549/1017/1012 544/1099/1094 545/1015/1010
f 545/1015/1010 544/1099/1094 626/1100/1095
f 545/1015/1010 626/1100/1095 625/1013/1008
f 625/1013/1008 626/1100/1095 624/1011/1006
f 626/1100/1095 544/1099/1094 627/1010/1005
f 430/842/837 585/844/839 584/1078/1073
f 663/870/865 586/880/875 587/871/866
f 587/871/866 586/880/875 740/1101/1096
f 587/871/866 740/1101/1096 739/872/867
f 739/872/867 740/1101/1096 666/1102/1097
f 739/872/867 666/1102/1097 667/873/868
f 667/873/868 666/1102/1097 816/1103/1098
f 667/873/868 816/1103/1098 815/874/869
f 815/874/869 816/1103/1098 746/1104/1099
f 815/874/869 746/1104/1099 747/875/870
f 747/875/870 746/1104/1099 892/1105/1100
f 747/875/870 892/1105/1100 891/876/871
f 891/876/871 892/1105/1100 826/1106/1101
f 891/876/871 826/1106/1101 827/877/872
f 827/877/872 826/1106/1101 968/1107/1102
f 827/877/872 968/1107/1102 967/878/873
f 967/878/873 968/1107/1102 906/898/893
f 967/878/873 906/898/893 907/879/874
f 660/1080/1075 661/848/843 589/850/845
f 660/1080/1075 589/850/845 590/1081/1076
f 590/1081/1076 589/850/845 737/852/847
f 590/1081/1076 737/852/847 736/1082/1077
f 736/1082/1077 737/852/847 669/854/849
f 736/1082/1077 669/854/849 670/1083/1078
f 670/1083/1078 669/854/849 813/856/851
f 670/1083/1078 813/856/851 812/1084/1079
f 812/1084/1079 813/856/851 749/858/853
f 812/1084/1079 749/858/853 750/1085/1080
f 750/1085/1080 749/858/853 889/860/855
f 750/1085/1080 889/860/855 888/1086/1081
f 888/1086/1081 889/860/855 829/862/857
f 888/1086/1081 829/862/857 830/1087/1082
f 830/1087/1082 829/862/857 965/864/859
f 830/1087/1082 965/864/859 964/1088/1083
f 964/1088/1083 965/864/859 909/866/861
f 964/1088/1083 909/866/861 910/868/863
f 643/1089/1084 644/942/937 606/1108/1103
f 606/1108/1103 644/942/937 605/940/935
f 606/1108/1103 605/940/935 721/1109/1104
f 721/1109/1104 605/940/935 722/938/933
f 721/1109/1104 722/938/933 684/1110/1105
f 684/1110/1105 722/938/933 683/936/931
f 684/1110/1105 683/936/931 799/1111/1106
f 799/1111/1106 683/936/931 800/934/929
f 799/1111/1106 800/934/929 762/960/955
f 643/1089/1084 606/1108/1103 607/1090/1085
f 607/1090/1085 606/1108/1103 720/1112/1107
f 607/1090/1085 720/1112/1107 719/1091/1086
f 719/1091/1086 720/1112/1107 686/1113/1108
f 719/1091/1086 686/1113/1108 687/1092/1087
f 687/1092/1087 686/1113/1108 796/1114/1109
f 687/1092/1087 796/1114/1109 795/1093/1088
f 795/1093/1088 796/1114/1109 766/1115/1110
f 795/1093/1088 766/1115/1110 767/1094/1089
f 767/1094/1089 766/1115/1110 872/1116/1111
f 767/1094/1089 872/1116/1111 871/1095/1090
f 871/1095/1090 872/1116/1111 846/1117/1112
f 871/1095/1090 846/1117/1112 847/1096/1091
f 847/1096/1091 846/1117/1112 948/1118/1113
f 847/1096/1091 948/1118/1113 947/1097/1092
f 947/1097/1092 948/1118/1113 926/1119/1114
f 947/1097/1092 926/1119/1114 927/1098/1093
f 927/1098/1093 926/1119/1114 381/950/945
f 720/1112/1107 606/1108/1103 721/1109/1104
f 705/1005/1000 621/538/533 706/540/535
f 626/1100/1095 627/1010/1005 623/1009/1004
f 703/1008/1003 624/1011/1006 623/1009/1004
f 623/1009/1004 624/1011/1006 626/1100/1095
f 741/882/877 665/884/879 740/1101/1096
f 740/1101/1096 665/884/879 666/1102/1097
f 816/1103/1098 666/1102/1097 817/886/881
f 817/886/881 666/1102/1097 665/884/879
f 720/1112/1107 721/1109/1104 685/1120/1115
f 685/1120/1115 721/1109/1104 684/1110/1105
f 685/1120/1115 684/1110/1105 798/1121/1116
f 798/1121/1116 684/1110/1105 799/1111/1106
f 798/1121/1116 799/1111/1106 763/1122/1117
f 763/1122/1117 799/1111/1106 762/960/955
f 763/1122/1117 762/960/955 876/958/953
f 720/1112/1107 685/1120/1115 686/1113/1108
f 686/1113/1108 685/1120/1115 797/1123/1118
f 686/1113/1108 797/1123/1118 796/1114/1109
f 796/1114/1109 797/1123/1118 765/1124/1119
f 796/1114/1109 765/1124/1119 766/1115/1110
f 766/1115/1110 765/1124/1119 873/1125/1120
f 766/1115/1110 873/1125/1120 872/1116/1111
f 872/1116/1111 873/1125/1120 845/1126/1121
f 872/1116/1111 845/1126/1121 846/1117/1112
f 846/1117/1112 845/1126/1121 949/1127/1122
f 846/1117/1112 949/1127/1122 948/1118/1113
f 948/1118/1113 949/1127/1122 925/1128/1123
f 948/1118/1113 925/1128/1123 926/1119/1114
f 926/1119/1114 925/1128/1123 381/950/945
f 797/1123/1118 685/1120/1115 798/1121/1116
f 705/1005/1000 706/540/535 700/1129/1124
f 700/1129/1124 706/540/535 699/542/537
f 700/1129/1124 699/542/537 783/998/993
f 705/1005/1000 700/1129/1124 701/1003/998
f 701/1003/998 700/1129/1124 782/1130/1125
f 701/1003/998 782/1130/1125 781/1001/996
f 781/1001/996 782/1130/1125 780/999/994
f 782/1130/1125 700/1129/1124 783/998/993
f 586/880/875 741/882/877 740/1101/1096
f 819/900/895 742/906/901 743/901/896
f 743/901/896 742/906/901 896/1131/1126
f 743/901/896 896/1131/1126 895/902/897
f 895/902/897 896/1131/1126 822/1132/1127
f 895/902/897 822/1132/1127 823/903/898
f 823/903/898 822/1132/1127 972/1133/1128
f 823/903/898 972/1133/1128 971/904/899
f 971/904/899 972/1133/1128 902/915/910
f 816/1103/1098 817/886/881 745/888/883
f 816/1103/1098 745/888/883 746/1104/1099
f 746/1104/1099 745/888/883 893/890/885
f 746/1104/1099 893/890/885 892/1105/1100
f 892/1105/1100 893/890/885 825/892/887
f 892/1105/1100 825/892/887 826/1106/1101
f 826/1106/1101 825/892/887 969/894/889
f 826/1106/1101 969/894/889 968/1107/1102
f 968/1107/1102 969/894/889 905/896/891
f 968/1107/1102 905/896/891 906/898/893
f 877/959/954 761/932/927 878/930/925
f 797/1123/1118 798/1121/1116 764/1134/1129
f 764/1134/1129 798/1121/1116 763/1122/1117
f 764/1134/1129 763/1122/1117 875/1135/1130
f 875/1135/1130 763/1122/1117 876/958/953
f 875/1135/1130 876/958/953 842/956/951
f 797/1123/1118 764/1134/1129 765/1124/1119
f 765/1124/1119 764/1134/1129 874/1136/1131
f 765/1124/1119 874/1136/1131 873/1125/1120
f 873/1125/1120 874/1136/1131 844/1137/1132
f 873/1125/1120 844/1137/1132 845/1126/1121
f 845/1126/1121 844/1137/1132 950/1138/1133
f 845/1126/1121 950/1138/1133 949/1127/1122
f 949/1127/1122 950/1138/1133 924/1139/1134
f 949/1127/1122 924/1139/1134 925/1128/1123
f 925/1128/1123 924/1139/1134 381/950/945
f 874/1136/1131 764/1134/1129 875/1135/1130
f 861/993/988 777/546/541 862/548/543
f 782/1130/1125 783/998/993 779/997/992
f 859/996/991 780/999/994 779/997/992
f 779/997/992 780/999/994 782/1130/1125
f 897/908/903 821/910/905 896/1131/1126
f 896/1131/1126 821/910/905 822/1132/1127
f 972/1133/1128 822/1132/1127 973/912/907
f 973/912/907 822/1132/1127 821/910/905
f 877/959/954 878/930/925 840/1140/1135
f 840/1140/1135 878/930/925 839/928/923
f 840/1140/1135 839/928/923 955/1141/1136
f 955/1141/1136 839/928/923 956/926/921
f 955/1141/1136 956/926/921 918/1142/1137
f 918/1142/1137 956/926/921 917/924/919
f 918/1142/1137 917/924/919 380/922/917
f 877/959/954 840/1140/1135 841/957/952
f 841/957/952 840/1140/1135 954/1143/1138
f 841/957/952 954/1143/1138 953/955/950
f 953/955/950 954/1143/1138 920/1144/1139
f 953/955/950 920/1144/1139 921/953/948
f 921/953/948 920/1144/1139 380/922/917
f 954/1143/1138 840/1140/1135 955/1141/1136
f 874/1136/1131 875/1135/1130 843/1145/1140
f 843/1145/1140 875/1135/1130 842/956/951
f 843/1145/1140 842/956/951 952/954/949
f 874/1136/1131 843/1145/1140 844/1137/1132
f 844/1137/1132 843/1145/1140 951/1146/1141
f 844/1137/1132 951/1146/1141 950/1138/1133
f 950/1138/1133 951/1146/1141 923/951/946
f 950/1138/1133 923/951/946 924/1139/1134
f 924/1139/1134 923/951/946 381/950/945
f 951/1146/1141 843/1145/1140 952/954/949
f 861/993/988 862/548/543 856/1147/1142
f 856/1147/1142 862/548/543 855/550/545
f 856/1147/1142 855/550/545 939/1148/1143
f 939/1148/1143 855/550/545 940/552/547
f 939/1148/1143 940/552/547 934/986/981
f 861/993/988 856/1147/1142 857/991/986
f 857/991/986 856/1147/1142 938/1149/1144
f 857/991/986 938/1149/1144 937/989/984
f 937/989/984 938/1149/1144 936/987/982
f 938/1149/1144 856/1147/1142 939/1148/1143
f 742/906/901 897/908/903 896/1131/1126
f 898/920/915 899/918/913 975/917/912
f 972/1133/1128 973/912/907 901/914/909
f 901/914/909 902/915/910 972/1133/1128
f 954/1143/1138 955/1141/1136 919/1150/1145
f 919/1150/1145 955/1141/1136 918/1142/1137
f 919/1150/1145 918/1142/1137 380/922/917
f 380/922/917 920/1144/1139 919/1150/1145
f 919/1150/1145 920/1144/1139 954/1143/1138
f 951/1146/1141 952/954/949 922/952/947
f 922/952/947 923/951/946 951/1146/1141
f 938/1149/1144 939/1148/1143 935/985/980
f 935/985/980 939/1148/1143 934/986/981
f 935/985/980 936/987/982 938/1149/1144
f 977/1151/1146 1048/1152/1147 976/1153/1148
f 976/1153/1148 1048/1152/1147 1010/1154/1149
f 976/1153/1148 1010/1154/1149 1009/1155/1150
f 1009/1155/1150 1010/1154/1149 1434/1156/1151
f 1009/1155/1150 1434/1156/1151 1084/1157/1152
f 1084/1157/1152 1434/1156/1151 1435/1158/1153
f 1084/1157/1152 1435/1158/1153 1085/1159/1154
f 1085/1159/1154 1435/1158/1153 1436/1160/1155
f 1085/1159/1154 1436/1160/1155 1086/1161/1156
f 1086/1161/1156 1436/1160/1155 1437/1162/1157
f 1086/1161/1156 1437/1162/1157 1087/1163/1158
f 1087/1163/1158 1437/1162/1157 1438/1164/1159
f 1087/1163/1158 1438/1164/1159 1088/1165/1160
f 1088/1165/1160 1438/1164/1159 1439/1166/1161
f 1088/1165/1160 1439/1166/1161 1089/1167/1162
f 1089/1167/1162 1439/1166/1161 1440/1168/1163
f 1089/1167/1162 1440/1168/1163 1090/1169/1164
f 1090/1169/1164 1440/1168/1163 1441/1170/1165
f 1090/1169/1164 1441/1170/1165 1091/1171/1166
f 1091/1171/1166 1441/1170/1165 1442/1172/1167
f 1091/1171/1166 1442/1172/1167 1092/1173/1168
f 1092/1173/1168 1442/1172/1167 1443/1174/1169
f 1092/1173/1168 1443/1174/1169 1093/1175/1170
f 1093/1175/1170 1443/1174/1169 1444/1176/1171
f 1093/1175/1170 1444/1176/1171 1094/1177/1172
f 1094/1177/1172 1444/1176/1171 1445/1178/1173
f 1094/1177/1172 1445/1178/1173 1095/1179/1174
f 1095/1179/1174 1445/1178/1173 1446/1180/1175
f 1095/1179/1174 1446/1180/1175 1096/1181/1176
f 1096/1181/1176 1446/1180/1175 1447/1182/1177
f 1096/1181/1176 1447/1182/1177 1097/1183/1178
f 1097/1183/1178 1447/1182/1177 1448/1184/1179
f 1097/1183/1178 1448/1184/1179 1098/1185/1180
f 1098/1185/1180 1448/1184/1179 1449/1186/1181
f 1098/1185/1180 1449/1186/1181 1099/1187/1182
f 1099/1187/1182 1449/1186/1181 1450/1188/1183
f 1099/1187/1182 1450/1188/1183 1100/1189/1184
f 1100/1189/1184 1450/1188/1183 1451/1190/1185
f 1100/1189/1184 1451/1190/1185 1101/1191/1186
f 1101/1191/1186 1451/1190/1185 1452/1192/1187
f 1101/1191/1186 1452/1192/1187 1102/1193/1188
f 1102/1193/1188 1452/1192/1187 1453/1194/1189
f 1102/1193/1188 1453/1194/1189 1103/1195/1190
f 1103/1195/1190 1453/1194/1189 1454/1196/1191
f 1103/1195/1190 1454/1196/1191 1104/1197/1192
f 1104/1197/1192 1454/1196/1191 1455/1198/1193
f 1104/1197/1192 1455/1198/1193 1105/1199/1194
f 1105/1199/1194 1455/1198/1193 1456/1200/1195
f 1105/1199/1194 1456/1200/1195 1106/1201/1196
f 1106/1201/1196 1456/1200/1195 1457/1202/1197
f 1106/1201/1196 1457/1202/1197 1107/1203/1198
f 1107/1203/1198 1457/1202/1197 1458/1204/1199
f 1107/1203/1198 1458/1204/1199 1108/1205/1200
f 1108/1205/1200 1458/1204/1199 1459/1206/1201
f 1108/1205/1200 1459/1206/1201 1109/1207/1202
f 1109/1207/1202 1459/1206/1201 1460/1208/1203
f 1109/1207/1202 1460/1208/1203 1110/1209/1204
f 1110/1209/1204 1460/1208/1203 1461/1210/1205
f 1110/1209/1204 1461/1210/1205 1111/1211/1206
f 1111/1211/1206 1461/1210/1205 1462/1212/1207
f 1111/1211/1206 1462/1212/1207 1112/1213/1208
f 1112/1213/1208 1462/1212/1207 1463/1214/1209
f 1112/1213/1208 1463/1214/1209 1113/1215/1210
f 1113/1215/1210 1463/1214/1209 1464/1216/1211
f 1113/1215/1210 1464/1216/1211 1114/1217/1212
f 1114/1217/1212 1464/1216/1211 1465/1218/1213
f 1114/1217/1212 1465/1218/1213 1115/1219/1214
f 1115/1219/1214 1465/1218/1213 1466/1220/1215
f 1115/1219/1214 1466/1220/1215 1116/1221/1216
f 1116/1221/1216 1466/1220/1215 1467/1222/1217
f 1116/1221/1216 1467/1222/1217 1117/1223/1218
f 1117/1223/1218 1467/1222/1217 1468/1224/1219
f 1117/1223/1218 1468/1224/1219 1118/1225/1220
f 1118/1225/1220 1468/1224/1219 390/1226/1221
f 1118/1225/1220 390/1226/1221 1049/1227/1222
f 1049/1227/1222 390/1226/1221 389/1228/1223
f 1049/1227/1222 389/1228/1223 1013/1229/1224
f 1013/1229/1224 389/1228/1223 1433/1230/1225
f 1013/1229/1224 1433/1230/1225 1432/1231/1226
f 1432/1231/1226 1433/1230/1225 1187/1232/1227
f 1432/1231/1226 1187/1232/1227 1186/1233/1228
f 1186/1233/1228 1187/1232/1227 1121/1234/1229
f 1186/1233/1228 1121/1234/1229 1122/1235/1230
f 1122/1235/1230 1121/1234/1229 1255/1236/1231
f 1122/1235/1230 1255/1236/1231 1254/1237/1232
f 1254/1237/1232 1255/1236/1231 1193/1238/1233
f 1254/1237/1232 1193/1238/1233 1194/1239/1234
f 1194/1239/1234 1193/1238/1233 1323/1240/1235
f 1194/1239/1234 1323/1240/1235 1322/1241/1236
f 1322/1241/1236 1323/1240/1235 1265/1242/1237
f 1322/1241/1236 1265/1242/1237 1266/1243/1238
f 1266/1243/1238 1265/1242/1237 1336/1244/1239
f 1266/1243/1238 1336/1244/1239 1337/1245/1240
f 1337/1245/1240 1336/1244/1239 1372/1246/1241
f 1337/1245/1240 1372/1246/1241 1373/1247/1242
f 1373/1247/1242 1372/1246/1241 999/1248/1243
f 1373/1247/1242 999/1248/1243 1374/1249/1244
f 1374/1249/1244 999/1248/1243 1375/1250/1245
f 1374/1249/1244 1375/1250/1245 1339/1251/1246
f 1339/1251/1246 1375/1250/1245 1340/1252/1247
f 1339/1251/1246 1340/1252/1247 1269/1253/1248
f 1269/1253/1248 1340/1252/1247 1270/1254/1249
f 1269/1253/1248 1270/1254/1249 1318/1255/1250
f 1318/1255/1250 1270/1254/1249 1317/1256/1251
f 1318/1255/1250 1317/1256/1251 1199/1257/1252
f 1199/1257/1252 1317/1256/1251 1200/1258/1253
f 1199/1257/1252 1200/1258/1253 1248/1259/1254
f 1248/1259/1254 1200/1258/1253 1247/1260/1255
f 1248/1259/1254 1247/1260/1255 1129/1261/1256
f 1129/1261/1256 1247/1260/1255 1130/1262/1257
f 1129/1261/1256 1130/1262/1257 1178/1263/1258
f 1178/1263/1258 1130/1262/1257 1177/1264/1259
f 1178/1263/1258 1177/1264/1259 1423/1265/1260
f 1423/1265/1260 1177/1264/1259 1422/1266/1261
f 1423/1265/1260 1422/1266/1261 1511/1267/1262
f 1511/1267/1262 1422/1266/1261 1512/1268/1263
f 1511/1267/1262 1512/1268/1263 1059/1269/1264
f 1059/1269/1264 1512/1268/1263 1060/1270/1265
f 1059/1269/1264 1060/1270/1265 1108/1205/1200
f 1108/1205/1200 1060/1270/1265 1107/1203/1198
f 1048/1152/1147 977/1151/1146 1047/1271/1266
f 1047/1271/1266 977/1151/1146 978/1272/1267
f 1047/1271/1266 978/1272/1267 1046/1273/1268
f 1046/1273/1268 978/1272/1267 1045/1274/1269
f 1046/1273/1268 1045/1274/1269 1500/1275/1270
f 1500/1275/1270 1045/1274/1269 1499/1276/1271
f 1500/1275/1270 1499/1276/1271 1436/1160/1155
f 1436/1160/1155 1499/1276/1271 1437/1162/1157
f 978/1272/1267 979/1277/1272 1045/1274/1269
f 1045/1274/1269 979/1277/1272 1044/1278/1273
f 1045/1274/1269 1044/1278/1273 1499/1276/1271
f 1499/1276/1271 1044/1278/1273 1498/1279/1274
f 1499/1276/1271 1498/1279/1274 1437/1162/1157
f 1437/1162/1157 1498/1279/1274 1438/1164/1159
f 1044/1278/1273 979/1277/1272 1043/1280/1275
f 1043/1280/1275 979/1277/1272 980/1281/1276
f 1043/1280/1275 980/1281/1276 1042/1282/1277
f 1042/1282/1277 980/1281/1276 1041/1283/1278
f 1042/1282/1277 1041/1283/1278 1496/1284/1279
f 1496/1284/1279 1041/1283/1278 1495/1285/1280
f 1496/1284/1279 1495/1285/1280 1440/1168/1163
f 1440/1168/1163 1495/1285/1280 1441/1170/1165
f 980/1281/1276 981/1286/1281 1041/1283/1278
f 1041/1283/1278 981/1286/1281 1040/1287/1282
f 1041/1283/1278 1040/1287/1282 1495/1285/1280
f 1495/1285/1280 1040/1287/1282 1494/1288/1283
f 1495/1285/1280 1494/1288/1283 1441/1170/1165
f 1441/1170/1165 1494/1288/1283 1442/1172/1167
f 1040/1287/1282 981/1286/1281 1039/1289/1284
f 1039/1289/1284 981/1286/1281 982/1290/1285
f 1039/1289/1284 982/1290/1285 1038/1291/1286
f 1038/1291/1286 982/1290/1285 1037/1292/1287
f 1038/1291/1286 1037/1292/1287 1492/1293/1288
f 1492/1293/1288 1037/1292/1287 1491/1294/1289
f 1492/1293/1288 1491/1294/1289 1444/1176/1171
f 1444/1176/1171 1491/1294/1289 1445/1178/1173
f 982/1290/1285 983/1295/1290 1037/1292/1287
f 1037/1292/1287 983/1295/1290 1036/1296/1291
f 1037/1292/1287 1036/1296/1291 1491/1294/1289
f 1491/1294/1289 1036/1296/1291 1490/1297/1292
f 1491/1294/1289 1490/1297/1292 1445/1178/1173
f 1445/1178/1173 1490/1297/1292 1446/1180/1175
f 1036/1296/1291 983/1295/1290 1035/1298/1293
f 1035/1298/1293 983/1295/1290 984/1299/1294
f 1035/1298/1293 984/1299/1294 1034/1300/1295
f 1034/1300/1295 984/1299/1294 1033/1301/1296
f 1034/1300/1295 1033/1301/1296 1488/1302/1297
f 1488/1302/1297 1033/1301/1296 1487/1303/1298
f 1488/1302/1297 1487/1303/1298 1448/1184/1179
f 1448/1184/1179 1487/1303/1298 1449/1186/1181
f 984/1299/1294 985/1304/1299 1033/1301/1296
f 1033/1301/1296 985/1304/1299 1032/1305/1300
f 1033/1301/1296 1032/1305/1300 1487/1303/1298
f 1487/1303/1298 1032/1305/1300 1486/1306/1301
f 1487/1303/1298 1486/1306/1301 1449/1186/1181
f 1449/1186/1181 1486/1306/1301 1450/1188/1183
f 985/1304/1299 986/1307/1302 1032/1305/1300
f 1032/1305/1300 986/1307/1302 1031/1308/1303
f 1032/1305/1300 1031/1308/1303 1486/1306/1301
f 1486/1306/1301 1031/1308/1303 1485/1309/1304
f 1486/1306/1301 1485/1309/1304 1450/1188/1183
f 1450/1188/1183 1485/1309/1304 1451/1190/1185
f 1031/1308/1303 986/1307/1302 1030/1310/1305
f 1030/1310/1305 986/1307/1302 987/1311/1306
f 1030/1310/1305 987/1311/1306 1029/1312/1307
f 1029/1312/1307 987/1311/1306 1028/1313/1308
f 1029/1312/1307 1028/1313/1308 1483/1314/1309
f 1483/1314/1309 1028/1313/1308 1482/1315/1310
f 1483/1314/1309 1482/1315/1310 1453/1194/1189
f 1453/1194/1189 1482/1315/1310 1454/1196/1191
f 987/1311/1306 988/1316/1311 1028/1313/1308
f 1028/1313/1308 988/1316/1311 1027/1317/1312
f 1028/1313/1308 1027/1317/1312 1482/1315/1310
f 1482/1315/1310 1027/1317/1312 1481/1318/1313
f 1482/1315/1310 1481/1318/1313 1454/1196/1191
f 1454/1196/1191 1481/1318/1313 1455/1198/1193
f 1027/1317/1312 988/1316/1311 1026/1319/1314
f 1026/1319/1314 988/1316/1311 989/1320/1315
f 1026/1319/1314 989/1320/1315 1025/1321/1316
f 1025/1321/1316 989/1320/1315 1024/1322/1317
f 1025/1321/1316 1024/1322/1317 1479/1323/1318
f 1479/1323/1318 1024/1322/1317 1478/1324/1319
f 1479/1323/1318 1478/1324/1319 1457/1202/1197
f 1457/1202/1197 1478/1324/1319 1458/1204/1199
f 989/1320/1315 990/1325/1320 1024/1322/1317
f 1024/1322/1317 990/1325/1320 1023/1326/1321
f 1024/1322/1317 1023/1326/1321 1478/1324/1319
f 1478/1324/1319 1023/1326/1321 1477/1327/1322
f 1478/1324/1319 1477/1327/1322 1458/1204/1199
f 1458/1204/1199 1477/1327/1322 1459/1206/1201
f 1023/1326/1321 990/1325/1320 1022/1328/1323
f 1022/1328/1323 990/1325/1320 991/1329/1324
f 1022/1328/1323 991/1329/1324 1021/1330/1325
f 1021/1330/1325 991/1329/1324 992/1331/1326
f 1021/1330/1325 992/1331/1326 1020/1332/1327
f 1020/1332/1327 992/1331/1326 1019/1333/1328
f 1020/1332/1327 1019/1333/1328 1474/1334/1329
f 1474/1334/1329 1019/1333/1328 1473/1335/1330
f 1474/1334/1329 1473/1335/1330 1462/1212/1207
f 1462/1212/1207 1473/1335/1330 1463/1214/1209
f 992/1331/1326 993/1336/1331 1019/1333/1328
f 1019/1333/1328 993/1336/1331 1018/1337/1332
f 1019/1333/1328 1018/1337/1332 1473/1335/1330
f 1473/1335/1330 1018/1337/1332 1472/1338/1333
f 1473/1335/1330 1472/1338/1333 1463/1214/1209
f 1463/1214/1209 1472/1338/1333 1464/1216/1211
f 1018/1337/1332 993/1336/1331 1017/1339/1334
f 1017/1339/1334 993/1336/1331 994/1340/1335
f 1017/1339/1334 994/1340/1335 1016/1341/1336
f 1016/1341/1336 994/1340/1335 995/1342/1337
f 1016/1341/1336 995/1342/1337 1015/1343/1338
f 1015/1343/1338 995/1342/1337 996/1344/1339
f 1015/1343/1338 996/1344/1339 1014/1345/1340
f 1014/1345/1340 996/1344/1339 343/1346/514
f 1014/1345/1340 343/1346/514 390/1226/1221
f 388/1347/1341 1119/1348/1342 389/1228/1223
f 389/1228/1223 1119/1348/1342 1188/1349/1343
f 389/1228/1223 1188/1349/1343 1433/1230/1225
f 1433/1230/1225 1188/1349/1343 1187/1232/1227
f 387/1350/1344 1189/1351/1345 388/1347/1341
f 388/1347/1341 1189/1351/1345 1258/1352/1346
f 388/1347/1341 1258/1352/1346 1119/1348/1342
f 1119/1348/1342 1258/1352/1346 1257/1353/1347
f 1119/1348/1342 1257/1353/1347 1120/1354/1348
f 1120/1354/1348 1257/1353/1347 1256/1355/1349
f 1120/1354/1348 1256/1355/1349 1121/1234/1229
f 1121/1234/1229 1256/1355/1349 1255/1236/1231
f 386/1356/1350 1259/1357/1351 387/1350/1344
f 387/1350/1344 1259/1357/1351 1328/1358/1352
f 387/1350/1344 1328/1358/1352 1189/1351/1345
f 1189/1351/1345 1328/1358/1352 1327/1359/1353
f 1189/1351/1345 1327/1359/1353 1190/1360/1354
f 1190/1360/1354 1327/1359/1353 1326/1361/1355
f 1190/1360/1354 1326/1361/1355 1191/1362/1356
f 1191/1362/1356 1326/1361/1355 1325/1363/1357
f 1191/1362/1356 1325/1363/1357 1192/1364/1358
f 1192/1364/1358 1325/1363/1357 1324/1365/1359
f 1192/1364/1358 1324/1365/1359 1193/1238/1233
f 1193/1238/1233 1324/1365/1359 1323/1240/1235
f 1259/1357/1351 386/1356/1350 1329/1366/1360
f 1329/1366/1360 386/1356/1350 385/1367/1361
f 1329/1366/1360 385/1367/1361 1364/1368/1362
f 1364/1368/1362 385/1367/1361 384/1369/1363
f 1364/1368/1362 384/1369/1363 383/1370/1364
f 383/1370/1364 997/1371/1365 1364/1368/1362
f 1364/1368/1362 997/1371/1365 1365/1372/1366
f 1364/1368/1362 1365/1372/1366 1329/1366/1360
f 1329/1366/1360 1365/1372/1366 1330/1373/1367
f 1329/1366/1360 1330/1373/1367 1259/1357/1351
f 1259/1357/1351 1330/1373/1367 1260/1374/1368
f 1259/1357/1351 1260/1374/1368 1328/1358/1352
f 1328/1358/1352 1260/1374/1368 1327/1359/1353
f 998/1375/1369 1368/1376/1370 997/1371/1365
f 997/1371/1365 1368/1376/1370 1367/1377/1371
f 997/1371/1365 1367/1377/1371 1366/1378/1372
f 1366/1378/1372 1367/1377/1371 1331/1379/1373
f 1366/1378/1372 1331/1379/1373 1330/1373/1367
f 1330/1373/1367 1331/1379/1373 1260/1374/1368
f 999/1248/1243 1372/1246/1241 998/1375/1369
f 998/1375/1369 1372/1246/1241 1371/1380/1374
f 998/1375/1369 1371/1380/1374 1370/1381/1375
f 1370/1381/1375 1371/1380/1374 1335/1382/1376
f 1370/1381/1375 1335/1382/1376 1334/1383/1377
f 1334/1383/1377 1335/1382/1376 1264/1384/1378
f 1334/1383/1377 1264/1384/1378 1263/1385/1379
f 1263/1385/1379 1264/1384/1378 1324/1365/1359
f 1263/1385/1379 1324/1365/1359 1325/1363/1357
f 1000/1386/1380 1377/1387/1381 999/1248/1243
f 999/1248/1243 1377/1387/1381 1376/1388/1382
f 999/1248/1243 1376/1388/1382 1375/1250/1245
f 1375/1250/1245 1376/1388/1382 1340/1252/1247
f 1001/1389/1383 1385/1390/1384 1000/1386/1380
f 1000/1386/1380 1385/1390/1384 1384/1391/1385
f 1000/1386/1380 1384/1391/1385 1383/1392/1386
f 1383/1392/1386 1384/1391/1385 1348/1393/1387
f 1383/1392/1386 1348/1393/1387 1347/1394/1388
f 1347/1394/1388 1348/1393/1387 1277/1395/1389
f 1347/1394/1388 1277/1395/1389 1276/1396/1390
f 1276/1396/1390 1277/1395/1389 1311/1397/1391
f 1276/1396/1390 1311/1397/1391 1312/1398/1392
f 1312/1398/1392 1311/1397/1391 1205/1399/1393
f 1312/1398/1392 1205/1399/1393 1204/1400/1394
f 1204/1400/1394 1205/1399/1393 1243/1401/1395
f 1204/1400/1394 1243/1401/1395 1244/1402/1396
f 1244/1402/1396 1243/1401/1395 1133/1403/1397
f 1244/1402/1396 1133/1403/1397 1132/1404/1398
f 1132/1404/1398 1133/1403/1397 1175/1405/1399
f 1132/1404/1398 1175/1405/1399 1176/1406/1400
f 1176/1406/1400 1175/1405/1399 1421/1407/1401
f 1176/1406/1400 1421/1407/1401 1422/1266/1261
f 1422/1266/1261 1421/1407/1401 1512/1268/1263
f 1002/1408/1402 1394/1409/1403 1001/1389/1383
f 1001/1389/1383 1394/1409/1403 1393/1410/1404
f 1001/1389/1383 1393/1410/1404 1392/1411/1405
f 1392/1411/1405 1393/1410/1404 1357/1412/1406
f 1392/1411/1405 1357/1412/1406 1356/1413/1407
f 1356/1413/1407 1357/1412/1406 1286/1414/1408
f 1356/1413/1407 1286/1414/1408 1285/1415/1409
f 1285/1415/1409 1286/1414/1408 1302/1416/1410
f 1285/1415/1409 1302/1416/1410 1303/1417/1411
f 1303/1417/1411 1302/1416/1410 1214/1418/1412
f 1303/1417/1411 1214/1418/1412 1213/1419/1413
f 1213/1419/1413 1214/1418/1412 1234/1420/1414
f 1213/1419/1413 1234/1420/1414 1235/1421/1415
f 1235/1421/1415 1234/1420/1414 1142/1422/1416
f 1235/1421/1415 1142/1422/1416 1141/1423/1417
f 1141/1423/1417 1142/1422/1416 1166/1424/1418
f 1141/1423/1417 1166/1424/1418 1167/1425/1419
f 1167/1425/1419 1166/1424/1418 1412/1426/1420
f 1167/1425/1419 1412/1426/1420 1413/1427/1421
f 1413/1427/1421 1412/1426/1420 1521/1428/1422
f 1413/1427/1421 1521/1428/1422 1520/1429/1423
f 1520/1429/1423 1521/1428/1422 1068/1430/1424
f 1520/1429/1423 1068/1430/1424 1067/1431/1425
f 1067/1431/1425 1068/1430/1424 1100/1189/1184
f 1067/1431/1425 1100/1189/1184 1101/1191/1186
f 1003/1432/1426 1398/1433/1427 1002/1408/1402
f 1002/1408/1402 1398/1433/1427 1397/1434/1428
f 1002/1408/1402 1397/1434/1428 1396/1435/1429
f 1396/1435/1429 1397/1434/1428 1361/1436/1430
f 1396/1435/1429 1361/1436/1430 1360/1437/1431
f 1360/1437/1431 1361/1436/1430 1290/1438/1432
f 1360/1437/1431 1290/1438/1432 1289/1439/1433
f 1289/1439/1433 1290/1438/1432 1298/1440/1434
f 1289/1439/1433 1298/1440/1434 1299/1441/1435
f 1299/1441/1435 1298/1440/1434 1218/1442/1436
f 1299/1441/1435 1218/1442/1436 1217/1443/1437
f 1217/1443/1437 1218/1442/1436 1230/1444/1438
f 1217/1443/1437 1230/1444/1438 1231/1445/1439
f 1231/1445/1439 1230/1444/1438 1146/1446/1440
f 1231/1445/1439 1146/1446/1440 1145/1447/1441
f 1145/1447/1441 1146/1446/1440 1162/1448/1442
f 1145/1447/1441 1162/1448/1442 1163/1449/1443
f 1163/1449/1443 1162/1448/1442 1408/1450/1444
f 1163/1449/1443 1408/1450/1444 1409/1451/1445
f 1409/1451/1445 1408/1450/1444 1525/1452/1446
f 1409/1451/1445 1525/1452/1446 1524/1453/1447
f 1524/1453/1447 1525/1452/1446 1072/1454/1448
f 1524/1453/1447 1072/1454/1448 1071/1455/1449
f 1071/1455/1449 1072/1454/1448 1096/1181/1176
f 1071/1455/1449 1096/1181/1176 1097/1183/1178
f 1398/1433/1427 1003/1432/1426 1363/1456/1450
f 1363/1456/1450 1003/1432/1426 1004/1457/1451
f 1363/1456/1450 1004/1457/1451 1293/1458/1452
f 1293/1458/1452 1004/1457/1451 1005/1459/1453
f 1293/1458/1452 1005/1459/1453 1294/1460/1454
f 1294/1460/1454 1005/1459/1453 1006/1461/1455
f 1294/1460/1454 1006/1461/1455 1223/1462/1456
f 1223/1462/1456 1006/1461/1455 1007/1463/1457
f 1223/1462/1456 1007/1463/1457 1224/1464/1458
f 1224/1464/1458 1007/1463/1457 1153/1465/1459
f 1224/1464/1458 1153/1465/1459 1152/1466/1460
f 1152/1466/1460 1153/1465/1459 1155/1467/1461
f 1152/1466/1460 1155/1467/1461 1156/1468/1462
f 1156/1468/1462 1155/1467/1461 1401/1469/1463
f 1156/1468/1462 1401/1469/1463 1402/1470/1464
f 1402/1470/1464 1401/1469/1463 1532/1471/1465
f 1402/1470/1464 1532/1471/1465 1531/1472/1466
f 1531/1472/1466 1532/1471/1465 1079/1473/1467
f 1531/1472/1466 1079/1473/1467 1078/1474/1468
f 1078/1474/1468 1079/1473/1467 1089/1167/1162
f 1078/1474/1468 1089/1167/1162 1090/1169/1164
f 1007/1463/1457 1008/1475/1469 1153/1465/1459
f 1153/1465/1459 1008/1475/1469 1154/1476/1470
f 1153/1465/1459 1154/1476/1470 1155/1467/1461
f 1155/1467/1461 1154/1476/1470 1400/1477/1471
f 1155/1467/1461 1400/1477/1471 1401/1469/1463
f 1401/1469/1463 1400/1477/1471 1533/1478/1472
f 1401/1469/1463 1533/1478/1472 1532/1471/1465
f 1532/1471/1465 1533/1478/1472 1080/1479/1473
f 1532/1471/1465 1080/1479/1473 1079/1473/1467
f 1079/1473/1467 1080/1479/1473 1088/1165/1160
f 1079/1473/1467 1088/1165/1160 1089/1167/1162
f 1009/1155/1150 1012/1480/1474 1008/1475/1469
f 1008/1475/1469 1012/1480/1474 1399/1481/1475
f 1008/1475/1469 1399/1481/1475 1154/1476/1470
f 1154/1476/1470 1399/1481/1475 1400/1477/1471
f 390/1226/1221 1468/1224/1219 1011/1482/1476
f 1011/1482/1476 1468/1224/1219 1467/1222/1217
f 1011/1482/1476 1467/1222/1217 1469/1483/1477
f 1469/1483/1477 1467/1222/1217 1466/1220/1215
f 1469/1483/1477 1466/1220/1215 1470/1484/1478
f 1470/1484/1478 1466/1220/1215 1465/1218/1213
f 1470/1484/1478 1465/1218/1213 1471/1485/1479
f 1471/1485/1479 1465/1218/1213 1464/1216/1211
f 1471/1485/1479 1464/1216/1211 1472/1338/1333
f 1009/1155/1150 1084/1157/1152 1083/1486/1480
f 1083/1486/1480 1084/1157/1152 1085/1159/1154
f 1083/1486/1480 1085/1159/1154 1082/1487/1481
f 1082/1487/1481 1085/1159/1154 1086/1161/1156
f 1082/1487/1481 1086/1161/1156 1081/1488/1482
f 1081/1488/1482 1086/1161/1156 1087/1163/1158
f 1081/1488/1482 1087/1163/1158 1080/1479/1473
f 1080/1479/1473 1087/1163/1158 1088/1165/1160
f 1009/1155/1150 1083/1486/1480 1012/1480/1474
f 1012/1480/1474 1083/1486/1480 1082/1487/1481
f 1012/1480/1474 1082/1487/1481 1534/1489/1483
f 1534/1489/1483 1082/1487/1481 1081/1488/1482
f 1534/1489/1483 1081/1488/1482 1533/1478/1472
f 1533/1478/1472 1081/1488/1482 1080/1479/1473
f 1011/1482/1476 1469/1483/1477 1014/1345/1340
f 1014/1345/1340 1469/1483/1477 1015/1343/1338
f 1469/1483/1477 1470/1484/1478 1015/1343/1338
f 1015/1343/1338 1470/1484/1478 1016/1341/1336
f 1472/1338/1333 1018/1337/1332 1017/1339/1334
f 1470/1484/1478 1471/1485/1479 1016/1341/1336
f 1016/1341/1336 1471/1485/1479 1017/1339/1334
f 1471/1485/1479 1472/1338/1333 1017/1339/1334
f 1021/1330/1325 1020/1332/1327 1475/1490/1484
f 1475/1490/1484 1020/1332/1327 1474/1334/1329
f 1475/1490/1484 1474/1334/1329 1461/1210/1205
f 1461/1210/1205 1474/1334/1329 1462/1212/1207
f 1477/1327/1322 1023/1326/1321 1022/1328/1323
f 1022/1328/1323 1021/1330/1325 1476/1491/1485
f 1476/1491/1485 1021/1330/1325 1475/1490/1484
f 1476/1491/1485 1475/1490/1484 1460/1208/1203
f 1460/1208/1203 1475/1490/1484 1461/1210/1205
f 1481/1318/1313 1027/1317/1312 1026/1319/1314
f 1026/1319/1314 1025/1321/1316 1480/1492/1486
f 1480/1492/1486 1025/1321/1316 1479/1323/1318
f 1480/1492/1486 1479/1323/1318 1456/1200/1195
f 1456/1200/1195 1479/1323/1318 1457/1202/1197
f 1485/1309/1304 1031/1308/1303 1030/1310/1305
f 1030/1310/1305 1029/1312/1307 1484/1493/1487
f 1484/1493/1487 1029/1312/1307 1483/1314/1309
f 1484/1493/1487 1483/1314/1309 1452/1192/1187
f 1452/1192/1187 1483/1314/1309 1453/1194/1189
f 1490/1297/1292 1036/1296/1291 1035/1298/1293
f 1035/1298/1293 1034/1300/1295 1489/1494/1488
f 1489/1494/1488 1034/1300/1295 1488/1302/1297
f 1489/1494/1488 1488/1302/1297 1447/1182/1177
f 1447/1182/1177 1488/1302/1297 1448/1184/1179
f 1494/1288/1283 1040/1287/1282 1039/1289/1284
f 1039/1289/1284 1038/1291/1286 1493/1495/1489
f 1493/1495/1489 1038/1291/1286 1492/1293/1288
f 1493/1495/1489 1492/1293/1288 1443/1174/1169
f 1443/1174/1169 1492/1293/1288 1444/1176/1171
f 1498/1279/1274 1044/1278/1273 1043/1280/1275
f 1043/1280/1275 1042/1282/1277 1497/1496/1490
f 1497/1496/1490 1042/1282/1277 1496/1284/1279
f 1497/1496/1490 1496/1284/1279 1439/1166/1161
f 1439/1166/1161 1496/1284/1279 1440/1168/1163
f 1010/1154/1149 1048/1152/1147 1047/1271/1266
f 1047/1271/1266 1046/1273/1268 1501/1497/1491
f 1501/1497/1491 1046/1273/1268 1500/1275/1270
f 1501/1497/1491 1500/1275/1270 1435/1158/1153
f 1435/1158/1153 1500/1275/1270 1436/1160/1155
f 1117/1223/1218 1118/1225/1220 1050/1498/1492
f 1050/1498/1492 1118/1225/1220 1049/1227/1222
f 1050/1498/1492 1049/1227/1222 1502/1499/1493
f 1502/1499/1493 1049/1227/1222 1013/1229/1224
f 1502/1499/1493 1013/1229/1224 1432/1231/1226
f 1116/1221/1216 1117/1223/1218 1051/1500/1494
f 1051/1500/1494 1117/1223/1218 1050/1498/1492
f 1051/1500/1494 1050/1498/1492 1503/1501/1495
f 1503/1501/1495 1050/1498/1492 1502/1499/1493
f 1503/1501/1495 1502/1499/1493 1431/1502/1496
f 1431/1502/1496 1502/1499/1493 1432/1231/1226
f 1431/1502/1496 1432/1231/1226 1186/1233/1228
f 1115/1219/1214 1116/1221/1216 1052/1503/1497
f 1052/1503/1497 1116/1221/1216 1051/1500/1494
f 1052/1503/1497 1051/1500/1494 1504/1504/1498
f 1504/1504/1498 1051/1500/1494 1503/1501/1495
f 1504/1504/1498 1503/1501/1495 1430/1505/1499
f 1430/1505/1499 1503/1501/1495 1431/1502/1496
f 1430/1505/1499 1431/1502/1496 1185/1506/1500
f 1185/1506/1500 1431/1502/1496 1186/1233/1228
f 1185/1506/1500 1186/1233/1228 1122/1235/1230
f 1114/1217/1212 1115/1219/1214 1053/1507/1501
f 1053/1507/1501 1115/1219/1214 1052/1503/1497
f 1053/1507/1501 1052/1503/1497 1505/1508/1502
f 1505/1508/1502 1052/1503/1497 1504/1504/1498
f 1505/1508/1502 1504/1504/1498 1429/1509/1503
f 1429/1509/1503 1504/1504/1498 1430/1505/1499
f 1429/1509/1503 1430/1505/1499 1184/1510/1504
f 1184/1510/1504 1430/1505/1499 1185/1506/1500
f 1184/1510/1504 1185/1506/1500 1123/1511/1505
f 1123/1511/1505 1185/1506/1500 1122/1235/1230
f 1123/1511/1505 1122/1235/1230 1254/1237/1232
f 1113/1215/1210 1114/1217/1212 1054/1512/1506
f 1054/1512/1506 1114/1217/1212 1053/1507/1501
f 1054/1512/1506 1053/1507/1501 1506/1513/1507
f 1506/1513/1507 1053/1507/1501 1505/1508/1502
f 1506/1513/1507 1505/1508/1502 1428/1514/1508
f 1428/1514/1508 1505/1508/1502 1429/1509/1503
f 1428/1514/1508 1429/1509/1503 1183/1515/1509
f 1183/1515/1509 1429/1509/1503 1184/1510/1504
f 1183/1515/1509 1184/1510/1504 1124/1516/1510
f 1124/1516/1510 1184/1510/1504 1123/1511/1505
f 1124/1516/1510 1123/1511/1505 1253/1517/1511
f 1253/1517/1511 1123/1511/1505 1254/1237/1232
f 1253/1517/1511 1254/1237/1232 1194/1239/1234
f 1112/1213/1208 1113/1215/1210 1055/1518/1512
f 1055/1518/1512 1113/1215/1210 1054/1512/1506
f 1055/1518/1512 1054/1512/1506 1507/1519/1513
f 1507/1519/1513 1054/1512/1506 1506/1513/1507
f 1507/1519/1513 1506/1513/1507 1427/1520/1514
f 1427/1520/1514 1506/1513/1507 1428/1514/1508
f 1427/1520/1514 1428/1514/1508 1182/1521/1515
f 1182/1521/1515 1428/1514/1508 1183/1515/1509
f 1182/1521/1515 1183/1515/1509 1125/1522/1516
f 1125/1522/1516 1183/1515/1509 1124/1516/1510
f 1125/1522/1516 1124/1516/1510 1252/1523/1517
f 1252/1523/1517 1124/1516/1510 1253/1517/1511
f 1252/1523/1517 1253/1517/1511 1195/1524/1518
f 1195/1524/1518 1253/1517/1511 1194/1239/1234
f 1195/1524/1518 1194/1239/1234 1322/1241/1236
f 1111/1211/1206 1112/1213/1208 1056/1525/1519
f 1056/1525/1519 1112/1213/1208 1055/1518/1512
f 1056/1525/1519 1055/1518/1512 1508/1526/1520
f 1508/1526/1520 1055/1518/1512 1507/1519/1513
f 1508/1526/1520 1507/1519/1513 1426/1527/1521
f 1426/1527/1521 1507/1519/1513 1427/1520/1514
f 1426/1527/1521 1427/1520/1514 1181/1528/1522
f 1181/1528/1522 1427/1520/1514 1182/1521/1515
f 1181/1528/1522 1182/1521/1515 1126/1529/1523
f 1126/1529/1523 1182/1521/1515 1125/1522/1516
f 1126/1529/1523 1125/1522/1516 1251/1530/1524
f 1251/1530/1524 1125/1522/1516 1252/1523/1517
f 1251/1530/1524 1252/1523/1517 1196/1531/1525
f 1196/1531/1525 1252/1523/1517 1195/1524/1518
f 1196/1531/1525 1195/1524/1518 1321/1532/1526
f 1321/1532/1526 1195/1524/1518 1322/1241/1236
f 1321/1532/1526 1322/1241/1236 1266/1243/1238
f 1110/1209/1204 1111/1211/1206 1057/1533/1527
f 1057/1533/1527 1111/1211/1206 1056/1525/1519
f 1057/1533/1527 1056/1525/1519 1509/1534/1528
f 1509/1534/1528 1056/1525/1519 1508/1526/1520
f 1509/1534/1528 1508/1526/1520 1425/1535/1529
f 1425/1535/1529 1508/1526/1520 1426/1527/1521
f 1425/1535/1529 1426/1527/1521 1180/1536/1530
f 1180/1536/1530 1426/1527/1521 1181/1528/1522
f 1180/1536/1530 1181/1528/1522 1127/1537/1531
f 1127/1537/1531 1181/1528/1522 1126/1529/1523
f 1127/1537/1531 1126/1529/1523 1250/1538/1532
f 1250/1538/1532 1126/1529/1523 1251/1530/1524
f 1250/1538/1532 1251/1530/1524 1197/1539/1533
f 1197/1539/1533 1251/1530/1524 1196/1531/1525
f 1197/1539/1533 1196/1531/1525 1320/1540/1534
f 1320/1540/1534 1196/1531/1525 1321/1532/1526
f 1320/1540/1534 1321/1532/1526 1267/1541/1535
f 1267/1541/1535 1321/1532/1526 1266/1243/1238
f 1267/1541/1535 1266/1243/1238 1337/1245/1240
f 1109/1207/1202 1110/1209/1204 1058/1542/1536
f 1058/1542/1536 1110/1209/1204 1057/1533/1527
f 1058/1542/1536 1057/1533/1527 1510/1543/1537
f 1510/1543/1537 1057/1533/1527 1509/1534/1528
f 1510/1543/1537 1509/1534/1528 1424/1544/1538
f 1424/1544/1538 1509/1534/1528 1425/1535/1529
f 1424/1544/1538 1425/1535/1529 1179/1545/1539
f 1179/1545/1539 1425/1535/1529 1180/1536/1530
f 1179/1545/1539 1180/1536/1530 1128/1546/1540
f 1128/1546/1540 1180/1536/1530 1127/1537/1531
f 1128/1546/1540 1127/1537/1531 1249/1547/1541
f 1249/1547/1541 1127/1537/1531 1250/1538/1532
f 1249/1547/1541 1250/1538/1532 1198/1548/1542
f 1198/1548/1542 1250/1538/1532 1197/1539/1533
f 1198/1548/1542 1197/1539/1533 1319/1549/1543
f 1319/1549/1543 1197/1539/1533 1320/1540/1534
f 1319/1549/1543 1320/1540/1534 1268/1550/1544
f 1268/1550/1544 1320/1540/1534 1267/1541/1535
f 1268/1550/1544 1267/1541/1535 1338/1551/1545
f 1338/1551/1545 1267/1541/1535 1337/1245/1240
f 1338/1551/1545 1337/1245/1240 1373/1247/1242
f 1108/1205/1200 1109/1207/1202 1059/1269/1264
f 1059/1269/1264 1109/1207/1202 1058/1542/1536
f 1059/1269/1264 1058/1542/1536 1511/1267/1262
f 1511/1267/1262 1058/1542/1536 1510/1543/1537
f 1511/1267/1262 1510/1543/1537 1423/1265/1260
f 1423/1265/1260 1510/1543/1537 1424/1544/1538
f 1423/1265/1260 1424/1544/1538 1178/1263/1258
f 1178/1263/1258 1424/1544/1538 1179/1545/1539
f 1178/1263/1258 1179/1545/1539 1129/1261/1256
f 1129/1261/1256 1179/1545/1539 1128/1546/1540
f 1129/1261/1256 1128/1546/1540 1248/1259/1254
f 1248/1259/1254 1128/1546/1540 1249/1547/1541
f 1248/1259/1254 1249/1547/1541 1199/1257/1252
f 1199/1257/1252 1249/1547/1541 1198/1548/1542
f 1199/1257/1252 1198/1548/1542 1318/1255/1250
f 1318/1255/1250 1198/1548/1542 1319/1549/1543
f 1318/1255/1250 1319/1549/1543 1269/1253/1248
f 1269/1253/1248 1319/1549/1543 1268/1550/1544
f 1269/1253/1248 1268/1550/1544 1339/1251/1246
f 1339/1251/1246 1268/1550/1544 1338/1551/1545
f 1339/1251/1246 1338/1551/1545 1374/1249/1244
f 1374/1249/1244 1338/1551/1545 1373/1247/1242
f 1106/1201/1196 1107/1203/1198 1061/1552/1546
f 1061/1552/1546 1107/1203/1198 1060/1270/1265
f 1061/1552/1546 1060/1270/1265 1513/1553/1547
f 1513/1553/1547 1060/1270/1265 1512/1268/1263
f 1513/1553/1547 1512/1268/1263 1421/1407/1401
f 1105/1199/1194 1106/1201/1196 1062/1554/1548
f 1062/1554/1548 1106/1201/1196 1061/1552/1546
f 1062/1554/1548 1061/1552/1546 1514/1555/1549
f 1514/1555/1549 1061/1552/1546 1513/1553/1547
f 1514/1555/1549 1513/1553/1547 1420/1556/1550
f 1420/1556/1550 1513/1553/1547 1421/1407/1401
f 1420/1556/1550 1421/1407/1401 1175/1405/1399
f 1104/1197/1192 1105/1199/1194 1063/1557/1551
f 1063/1557/1551 1105/1199/1194 1062/1554/1548
f 1063/1557/1551 1062/1554/1548 1515/1558/1552
f 1515/1558/1552 1062/1554/1548 1514/1555/1549
f 1515/1558/1552 1514/1555/1549 1419/1559/1553
f 1419/1559/1553 1514/1555/1549 1420/1556/1550
f 1419/1559/1553 1420/1556/1550 1174/1560/1554
f 1174/1560/1554 1420/1556/1550 1175/1405/1399
f 1174/1560/1554 1175/1405/1399 1133/1403/1397
f 1103/1195/1190 1104/1197/1192 1064/1561/1555
f 1064/1561/1555 1104/1197/1192 1063/1557/1551
f 1064/1561/1555 1063/1557/1551 1516/1562/1556
f 1516/1562/1556 1063/1557/1551 1515/1558/1552
f 1516/1562/1556 1515/1558/1552 1418/1563/1557
f 1418/1563/1557 1515/1558/1552 1419/1559/1553
f 1418/1563/1557 1419/1559/1553 1173/1564/1558
f 1173/1564/1558 1419/1559/1553 1174/1560/1554
f 1173/1564/1558 1174/1560/1554 1134/1565/1559
f 1134/1565/1559 1174/1560/1554 1133/1403/1397
f 1134/1565/1559 1133/1403/1397 1243/1401/1395
f 1102/1193/1188 1103/1195/1190 1065/1566/1560
f 1065/1566/1560 1103/1195/1190 1064/1561/1555
f 1065/1566/1560 1064/1561/1555 1517/1567/1561
f 1517/1567/1561 1064/1561/1555 1516/1562/1556
f 1517/1567/1561 1516/1562/1556 1417/1568/1562
f 1417/1568/1562 1516/1562/1556 1418/1563/1557
f 1417/1568/1562 1418/1563/1557 1172/1569/1563
f 1172/1569/1563 1418/1563/1557 1173/1564/1558
f 1172/1569/1563 1173/1564/1558 1135/1570/1564
f 1135/1570/1564 1173/1564/1558 1134/1565/1559
f 1135/1570/1564 1134/1565/1559 1242/1571/1565
f 1242/1571/1565 1134/1565/1559 1243/1401/1395
f 1242/1571/1565 1243/1401/1395 1205/1399/1393
f 1101/1191/1186 1102/1193/1188 1066/1572/1566
f 1066/1572/1566 1102/1193/1188 1065/1566/1560
f 1066/1572/1566 1065/1566/1560 1518/1573/1567
f 1518/1573/1567 1065/1566/1560 1517/1567/1561
f 1518/1573/1567 1517/1567/1561 1416/1574/1568
f 1416/1574/1568 1517/1567/1561 1417/1568/1562
f 1416/1574/1568 1417/1568/1562 1171/1575/1569
f 1171/1575/1569 1417/1568/1562 1172/1569/1563
f 1171/1575/1569 1172/1569/1563 1136/1576/1570
f 1136/1576/1570 1172/1569/1563 1135/1570/1564
f 1136/1576/1570 1135/1570/1564 1241/1577/1571
f 1241/1577/1571 1135/1570/1564 1242/1571/1565
f 1241/1577/1571 1242/1571/1565 1206/1578/1572
f 1206/1578/1572 1242/1571/1565 1205/1399/1393
f 1206/1578/1572 1205/1399/1393 1311/1397/1391
f 1101/1191/1186 1066/1572/1566 1067/1431/1425
f 1067/1431/1425 1066/1572/1566 1519/1579/1573
f 1067/1431/1425 1519/1579/1573 1520/1429/1423
f 1520/1429/1423 1519/1579/1573 1414/1580/1574
f 1520/1429/1423 1414/1580/1574 1413/1427/1421
f 1413/1427/1421 1414/1580/1574 1168/1581/1575
f 1413/1427/1421 1168/1581/1575 1167/1425/1419
f 1167/1425/1419 1168/1581/1575 1140/1582/1576
f 1167/1425/1419 1140/1582/1576 1141/1423/1417
f 1141/1423/1417 1140/1582/1576 1236/1583/1577
f 1141/1423/1417 1236/1583/1577 1235/1421/1415
f 1235/1421/1415 1236/1583/1577 1212/1584/1578
f 1235/1421/1415 1212/1584/1578 1213/1419/1413
f 1213/1419/1413 1212/1584/1578 1304/1585/1579
f 1213/1419/1413 1304/1585/1579 1303/1417/1411
f 1303/1417/1411 1304/1585/1579 1284/1586/1580
f 1303/1417/1411 1284/1586/1580 1285/1415/1409
f 1285/1415/1409 1284/1586/1580 1355/1587/1581
f 1285/1415/1409 1355/1587/1581 1356/1413/1407
f 1356/1413/1407 1355/1587/1581 1391/1588/1582
f 1356/1413/1407 1391/1588/1582 1392/1411/1405
f 1392/1411/1405 1391/1588/1582 1001/1389/1383
f 1519/1579/1573 1066/1572/1566 1518/1573/1567
f 1099/1187/1182 1100/1189/1184 1068/1430/1424
f 1098/1185/1180 1099/1187/1182 1069/1589/1583
f 1069/1589/1583 1099/1187/1182 1068/1430/1424
f 1069/1589/1583 1068/1430/1424 1521/1428/1422
f 1097/1183/1178 1098/1185/1180 1070/1590/1584
f 1070/1590/1584 1098/1185/1180 1069/1589/1583
f 1070/1590/1584 1069/1589/1583 1522/1591/1585
f 1522/1591/1585 1069/1589/1583 1521/1428/1422
f 1522/1591/1585 1521/1428/1422 1412/1426/1420
f 1097/1183/1178 1070/1590/1584 1071/1455/1449
f 1071/1455/1449 1070/1590/1584 1523/1592/1586
f 1071/1455/1449 1523/1592/1586 1524/1453/1447
f 1524/1453/1447 1523/1592/1586 1410/1593/1587
f 1524/1453/1447 1410/1593/1587 1409/1451/1445
f 1409/1451/1445 1410/1593/1587 1164/1594/1588
f 1409/1451/1445 1164/1594/1588 1163/1449/1443
f 1163/1449/1443 1164/1594/1588 1144/1595/1589
f 1163/1449/1443 1144/1595/1589 1145/1447/1441
f 1145/1447/1441 1144/1595/1589 1232/1596/1590
f 1145/1447/1441 1232/1596/1590 1231/1445/1439
f 1231/1445/1439 1232/1596/1590 1216/1597/1591
f 1231/1445/1439 1216/1597/1591 1217/1443/1437
f 1217/1443/1437 1216/1597/1591 1300/1598/1592
f 1217/1443/1437 1300/1598/1592 1299/1441/1435
f 1299/1441/1435 1300/1598/1592 1288/1599/1593
f 1299/1441/1435 1288/1599/1593 1289/1439/1433
f 1289/1439/1433 1288/1599/1593 1359/1600/1594
f 1289/1439/1433 1359/1600/1594 1360/1437/1431
f 1360/1437/1431 1359/1600/1594 1395/1601/1595
f 1360/1437/1431 1395/1601/1595 1396/1435/1429
f 1396/1435/1429 1395/1601/1595 1002/1408/1402
f 1523/1592/1586 1070/1590/1584 1522/1591/1585
f 1095/1179/1174 1096/1181/1176 1072/1454/1448
f 1094/1177/1172 1095/1179/1174 1073/1602/1596
f 1073/1602/1596 1095/1179/1174 1072/1454/1448
f 1073/1602/1596 1072/1454/1448 1525/1452/1446
f 1093/1175/1170 1094/1177/1172 1074/1603/1597
f 1074/1603/1597 1094/1177/1172 1073/1602/1596
f 1074/1603/1597 1073/1602/1596 1526/1604/1598
f 1526/1604/1598 1073/1602/1596 1525/1452/1446
f 1526/1604/1598 1525/1452/1446 1408/1450/1444
f 1092/1173/1168 1093/1175/1170 1075/1605/1599
f 1075/1605/1599 1093/1175/1170 1074/1603/1597
f 1075/1605/1599 1074/1603/1597 1527/1606/1600
f 1527/1606/1600 1074/1603/1597 1526/1604/1598
f 1527/1606/1600 1526/1604/1598 1407/1607/1601
f 1407/1607/1601 1526/1604/1598 1408/1450/1444
f 1407/1607/1601 1408/1450/1444 1162/1448/1442
f 1091/1171/1166 1092/1173/1168 1076/1608/1602
f 1076/1608/1602 1092/1173/1168 1075/1605/1599
f 1076/1608/1602 1075/1605/1599 1528/1609/1603
f 1528/1609/1603 1075/1605/1599 1527/1606/1600
f 1528/1609/1603 1527/1606/1600 1406/1610/1604
f 1406/1610/1604 1527/1606/1600 1407/1607/1601
f 1406/1610/1604 1407/1607/1601 1161/1611/1605
f 1161/1611/1605 1407/1607/1601 1162/1448/1442
f 1161/1611/1605 1162/1448/1442 1146/1446/1440
f 1090/1169/1164 1091/1171/1166 1077/1612/1606
f 1077/1612/1606 1091/1171/1166 1076/1608/1602
f 1077/1612/1606 1076/1608/1602 1529/1613/1607
f 1529/1613/1607 1076/1608/1602 1528/1609/1603
f 1529/1613/1607 1528/1609/1603 1405/1614/1608
f 1405/1614/1608 1528/1609/1603 1406/1610/1604
f 1405/1614/1608 1406/1610/1604 1160/1615/1609
f 1160/1615/1609 1406/1610/1604 1161/1611/1605
f 1160/1615/1609 1161/1611/1605 1147/1616/1610
f 1147/1616/1610 1161/1611/1605 1146/1446/1440
f 1147/1616/1610 1146/1446/1440 1230/1444/1438
f 1090/1169/1164 1077/1612/1606 1078/1474/1468
f 1078/1474/1468 1077/1612/1606 1530/1617/1611
f 1078/1474/1468 1530/1617/1611 1531/1472/1466
f 1531/1472/1466 1530/1617/1611 1403/1618/1612
f 1531/1472/1466 1403/1618/1612 1402/1470/1464
f 1402/1470/1464 1403/1618/1612 1157/1619/1613
f 1402/1470/1464 1157/1619/1613 1156/1468/1462
f 1156/1468/1462 1157/1619/1613 1151/1620/1614
f 1156/1468/1462 1151/1620/1614 1152/1466/1460
f 1152/1466/1460 1151/1620/1614 1225/1621/1615
f 1152/1466/1460 1225/1621/1615 1224/1464/1458
f 1224/1464/1458 1225/1621/1615 1223/1462/1456
f 1530/1617/1611 1077/1612/1606 1529/1613/1607
f 1187/1232/1227 1188/1349/1343 1120/1354/1348
f 1120/1354/1348 1188/1349/1343 1119/1348/1342
f 1120/1354/1348 1121/1234/1229 1187/1232/1227
f 1130/1262/1257 1131/1622/1616 1177/1264/1259
f 1177/1264/1259 1131/1622/1616 1176/1406/1400
f 1177/1264/1259 1176/1406/1400 1422/1266/1261
f 1176/1406/1400 1131/1622/1616 1132/1404/1398
f 1132/1404/1398 1131/1622/1616 1245/1623/1617
f 1132/1404/1398 1245/1623/1617 1244/1402/1396
f 1244/1402/1396 1245/1623/1617 1203/1624/1618
f 1244/1402/1396 1203/1624/1618 1204/1400/1394
f 1204/1400/1394 1203/1624/1618 1313/1625/1619
f 1204/1400/1394 1313/1625/1619 1312/1398/1392
f 1312/1398/1392 1313/1625/1619 1275/1626/1620
f 1312/1398/1392 1275/1626/1620 1276/1396/1390
f 1276/1396/1390 1275/1626/1620 1346/1627/1621
f 1276/1396/1390 1346/1627/1621 1347/1394/1388
f 1347/1394/1388 1346/1627/1621 1382/1628/1622
f 1347/1394/1388 1382/1628/1622 1383/1392/1386
f 1383/1392/1386 1382/1628/1622 1000/1386/1380
f 1131/1622/1616 1130/1262/1257 1246/1629/1623
f 1246/1629/1623 1130/1262/1257 1247/1260/1255
f 1246/1629/1623 1247/1260/1255 1201/1630/1624
f 1201/1630/1624 1247/1260/1255 1200/1258/1253
f 1201/1630/1624 1200/1258/1253 1316/1631/1625
f 1316/1631/1625 1200/1258/1253 1317/1256/1251
f 1316/1631/1625 1317/1256/1251 1271/1632/1626
f 1271/1632/1626 1317/1256/1251 1270/1254/1249
f 1271/1632/1626 1270/1254/1249 1341/1633/1627
f 1341/1633/1627 1270/1254/1249 1340/1252/1247
f 1341/1633/1627 1340/1252/1247 1376/1388/1382
f 1136/1576/1570 1137/1634/1628 1171/1575/1569
f 1171/1575/1569 1137/1634/1628 1170/1635/1629
f 1171/1575/1569 1170/1635/1629 1416/1574/1568
f 1416/1574/1568 1170/1635/1629 1415/1636/1630
f 1416/1574/1568 1415/1636/1630 1518/1573/1567
f 1518/1573/1567 1415/1636/1630 1519/1579/1573
f 1137/1634/1628 1138/1637/1631 1170/1635/1629
f 1170/1635/1629 1138/1637/1631 1169/1638/1632
f 1170/1635/1629 1169/1638/1632 1415/1636/1630
f 1415/1636/1630 1169/1638/1632 1414/1580/1574
f 1415/1636/1630 1414/1580/1574 1519/1579/1573
f 1137/1634/1628 1136/1576/1570 1240/1639/1633
f 1240/1639/1633 1136/1576/1570 1241/1577/1571
f 1240/1639/1633 1241/1577/1571 1207/1640/1634
f 1207/1640/1634 1241/1577/1571 1206/1578/1572
f 1207/1640/1634 1206/1578/1572 1310/1641/1635
f 1310/1641/1635 1206/1578/1572 1311/1397/1391
f 1310/1641/1635 1311/1397/1391 1277/1395/1389
f 1138/1637/1631 1139/1642/1636 1169/1638/1632
f 1169/1638/1632 1139/1642/1636 1168/1581/1575
f 1169/1638/1632 1168/1581/1575 1414/1580/1574
f 1138/1637/1631 1137/1634/1628 1239/1643/1637
f 1239/1643/1637 1137/1634/1628 1240/1639/1633
f 1239/1643/1637 1240/1639/1633 1208/1644/1638
f 1208/1644/1638 1240/1639/1633 1207/1640/1634
f 1208/1644/1638 1207/1640/1634 1309/1645/1639
f 1309/1645/1639 1207/1640/1634 1310/1641/1635
f 1309/1645/1639 1310/1641/1635 1278/1646/1640
f 1278/1646/1640 1310/1641/1635 1277/1395/1389
f 1278/1646/1640 1277/1395/1389 1348/1393/1387
f 1168/1581/1575 1139/1642/1636 1140/1582/1576
f 1140/1582/1576 1139/1642/1636 1237/1647/1641
f 1140/1582/1576 1237/1647/1641 1236/1583/1577
f 1236/1583/1577 1237/1647/1641 1211/1648/1642
f 1236/1583/1577 1211/1648/1642 1212/1584/1578
f 1212/1584/1578 1211/1648/1642 1305/1649/1643
f 1212/1584/1578 1305/1649/1643 1304/1585/1579
f 1304/1585/1579 1305/1649/1643 1283/1650/1644
f 1304/1585/1579 1283/1650/1644 1284/1586/1580
f 1284/1586/1580 1283/1650/1644 1354/1651/1645
f 1284/1586/1580 1354/1651/1645 1355/1587/1581
f 1355/1587/1581 1354/1651/1645 1390/1652/1646
f 1355/1587/1581 1390/1652/1646 1391/1588/1582
f 1391/1588/1582 1390/1652/1646 1001/1389/1383
f 1139/1642/1636 1138/1637/1631 1238/1653/1647
f 1238/1653/1647 1138/1637/1631 1239/1643/1637
f 1238/1653/1647 1239/1643/1637 1209/1654/1648
f 1209/1654/1648 1239/1643/1637 1208/1644/1638
f 1209/1654/1648 1208/1644/1638 1308/1655/1649
f 1308/1655/1649 1208/1644/1638 1309/1645/1639
f 1308/1655/1649 1309/1645/1639 1279/1656/1650
f 1279/1656/1650 1309/1645/1639 1278/1646/1640
f 1279/1656/1650 1278/1646/1640 1349/1657/1651
f 1349/1657/1651 1278/1646/1640 1348/1393/1387
f 1349/1657/1651 1348/1393/1387 1384/1391/1385
f 1142/1422/1416 1143/1658/1652 1165/1659/1653
f 1165/1659/1653 1143/1658/1652 1164/1594/1588
f 1165/1659/1653 1164/1594/1588 1410/1593/1587
f 1164/1594/1588 1143/1658/1652 1144/1595/1589
f 1144/1595/1589 1143/1658/1652 1233/1660/1654
f 1144/1595/1589 1233/1660/1654 1232/1596/1590
f 1232/1596/1590 1233/1660/1654 1215/1661/1655
f 1232/1596/1590 1215/1661/1655 1216/1597/1591
f 1216/1597/1591 1215/1661/1655 1301/1662/1656
f 1216/1597/1591 1301/1662/1656 1300/1598/1592
f 1300/1598/1592 1301/1662/1656 1287/1663/1657
f 1300/1598/1592 1287/1663/1657 1288/1599/1593
f 1288/1599/1593 1287/1663/1657 1358/1664/1658
f 1288/1599/1593 1358/1664/1658 1359/1600/1594
f 1359/1600/1594 1358/1664/1658 1394/1409/1403
f 1359/1600/1594 1394/1409/1403 1395/1601/1595
f 1395/1601/1595 1394/1409/1403 1002/1408/1402
f 1233/1660/1654 1143/1658/1652 1234/1420/1414
f 1234/1420/1414 1143/1658/1652 1142/1422/1416
f 1147/1616/1610 1148/1665/1659 1160/1615/1609
f 1160/1615/1609 1148/1665/1659 1159/1666/1660
f 1160/1615/1609 1159/1666/1660 1405/1614/1608
f 1405/1614/1608 1159/1666/1660 1404/1667/1661
f 1405/1614/1608 1404/1667/1661 1529/1613/1607
f 1529/1613/1607 1404/1667/1661 1530/1617/1611
f 1148/1665/1659 1149/1668/1662 1159/1666/1660
f 1159/1666/1660 1149/1668/1662 1158/1669/1663
f 1159/1666/1660 1158/1669/1663 1404/1667/1661
f 1404/1667/1661 1158/1669/1663 1403/1618/1612
f 1404/1667/1661 1403/1618/1612 1530/1617/1611
f 1148/1665/1659 1147/1616/1610 1229/1670/1664
f 1229/1670/1664 1147/1616/1610 1230/1444/1438
f 1229/1670/1664 1230/1444/1438 1218/1442/1436
f 1149/1668/1662 1150/1671/1665 1158/1669/1663
f 1158/1669/1663 1150/1671/1665 1157/1619/1613
f 1158/1669/1663 1157/1619/1613 1403/1618/1612
f 1149/1668/1662 1148/1665/1659 1228/1672/1666
f 1228/1672/1666 1148/1665/1659 1229/1670/1664
f 1228/1672/1666 1229/1670/1664 1219/1673/1667
f 1219/1673/1667 1229/1670/1664 1218/1442/1436
f 1219/1673/1667 1218/1442/1436 1298/1440/1434
f 1157/1619/1613 1150/1671/1665 1151/1620/1614
f 1151/1620/1614 1150/1671/1665 1226/1674/1668
f 1151/1620/1614 1226/1674/1668 1225/1621/1615
f 1225/1621/1615 1226/1674/1668 1222/1675/1669
f 1225/1621/1615 1222/1675/1669 1223/1462/1456
f 1223/1462/1456 1222/1675/1669 1294/1460/1454
f 1150/1671/1665 1149/1668/1662 1227/1676/1670
f 1227/1676/1670 1149/1668/1662 1228/1672/1666
f 1227/1676/1670 1228/1672/1666 1220/1677/1671
f 1220/1677/1671 1228/1672/1666 1219/1673/1667
f 1220/1677/1671 1219/1673/1667 1297/1678/1672
f 1297/1678/1672 1219/1673/1667 1298/1440/1434
f 1297/1678/1672 1298/1440/1434 1290/1438/1432
f 1142/1422/1416 1165/1659/1653 1166/1424/1418
f 1166/1424/1418 1165/1659/1653 1411/1679/1673
f 1166/1424/1418 1411/1679/1673 1412/1426/1420
f 1412/1426/1420 1411/1679/1673 1522/1591/1585
f 1411/1679/1673 1165/1659/1653 1410/1593/1587
f 1257/1353/1347 1258/1352/1346 1190/1360/1354
f 1190/1360/1354 1258/1352/1346 1189/1351/1345
f 1256/1355/1349 1257/1353/1347 1191/1362/1356
f 1191/1362/1356 1257/1353/1347 1190/1360/1354
f 1255/1236/1231 1256/1355/1349 1192/1364/1358
f 1192/1364/1358 1256/1355/1349 1191/1362/1356
f 1192/1364/1358 1193/1238/1233 1255/1236/1231
f 1201/1630/1624 1202/1680/1674 1246/1629/1623
f 1246/1629/1623 1202/1680/1674 1245/1623/1617
f 1246/1629/1623 1245/1623/1617 1131/1622/1616
f 1245/1623/1617 1202/1680/1674 1203/1624/1618
f 1203/1624/1618 1202/1680/1674 1314/1681/1675
f 1203/1624/1618 1314/1681/1675 1313/1625/1619
f 1313/1625/1619 1314/1681/1675 1274/1682/1676
f 1313/1625/1619 1274/1682/1676 1275/1626/1620
f 1275/1626/1620 1274/1682/1676 1345/1683/1677
f 1275/1626/1620 1345/1683/1677 1346/1627/1621
f 1346/1627/1621 1345/1683/1677 1381/1684/1678
f 1346/1627/1621 1381/1684/1678 1382/1628/1622
f 1382/1628/1622 1381/1684/1678 1000/1386/1380
f 1202/1680/1674 1201/1630/1624 1315/1685/1679
f 1315/1685/1679 1201/1630/1624 1316/1631/1625
f 1315/1685/1679 1316/1631/1625 1272/1686/1680
f 1272/1686/1680 1316/1631/1625 1271/1632/1626
f 1272/1686/1680 1271/1632/1626 1342/1687/1681
f 1342/1687/1681 1271/1632/1626 1341/1633/1627
f 1342/1687/1681 1341/1633/1627 1377/1387/1381
f 1377/1387/1381 1341/1633/1627 1376/1388/1382
f 1209/1654/1648 1210/1688/1682 1238/1653/1647
f 1238/1653/1647 1210/1688/1682 1237/1647/1641
f 1238/1653/1647 1237/1647/1641 1139/1642/1636
f 1237/1647/1641 1210/1688/1682 1211/1648/1642
f 1211/1648/1642 1210/1688/1682 1306/1689/1683
f 1211/1648/1642 1306/1689/1683 1305/1649/1643
f 1305/1649/1643 1306/1689/1683 1282/1690/1684
f 1305/1649/1643 1282/1690/1684 1283/1650/1644
f 1283/1650/1644 1282/1690/1684 1353/1691/1685
f 1283/1650/1644 1353/1691/1685 1354/1651/1645
f 1354/1651/1645 1353/1691/1685 1389/1692/1686
f 1354/1651/1645 1389/1692/1686 1390/1652/1646
f 1390/1652/1646 1389/1692/1686 1001/1389/1383
f 1210/1688/1682 1209/1654/1648 1307/1693/1687
f 1307/1693/1687 1209/1654/1648 1308/1655/1649
f 1307/1693/1687 1308/1655/1649 1280/1694/1688
f 1280/1694/1688 1308/1655/1649 1279/1656/1650
f 1280/1694/1688 1279/1656/1650 1350/1695/1689
f 1350/1695/1689 1279/1656/1650 1349/1657/1651
f 1350/1695/1689 1349/1657/1651 1385/1390/1384
f 1385/1390/1384 1349/1657/1651 1384/1391/1385
f 1233/1660/1654 1234/1420/1414 1214/1418/1412
f 1233/1660/1654 1214/1418/1412 1215/1661/1655
f 1215/1661/1655 1214/1418/1412 1302/1416/1410
f 1215/1661/1655 1302/1416/1410 1301/1662/1656
f 1301/1662/1656 1302/1416/1410 1286/1414/1408
f 1301/1662/1656 1286/1414/1408 1287/1663/1657
f 1287/1663/1657 1286/1414/1408 1357/1412/1406
f 1287/1663/1657 1357/1412/1406 1358/1664/1658
f 1358/1664/1658 1357/1412/1406 1393/1410/1404
f 1358/1664/1658 1393/1410/1404 1394/1409/1403
f 1220/1677/1671 1221/1696/1690 1227/1676/1670
f 1227/1676/1670 1221/1696/1690 1226/1674/1668
f 1227/1676/1670 1226/1674/1668 1150/1671/1665
f 1226/1674/1668 1221/1696/1690 1222/1675/1669
f 1222/1675/1669 1221/1696/1690 1295/1697/1691
f 1222/1675/1669 1295/1697/1691 1294/1460/1454
f 1294/1460/1454 1295/1697/1691 1293/1458/1452
f 1221/1696/1690 1220/1677/1671 1296/1698/1692
f 1296/1698/1692 1220/1677/1671 1297/1678/1672
f 1296/1698/1692 1297/1678/1672 1291/1699/1693
f 1291/1699/1693 1297/1678/1672 1290/1438/1432
f 1291/1699/1693 1290/1438/1432 1361/1436/1430
f 1326/1361/1355 1327/1359/1353 1261/1700/1694
f 1261/1700/1694 1327/1359/1353 1260/1374/1368
f 1261/1700/1694 1260/1374/1368 1331/1379/1373
f 1325/1363/1357 1326/1361/1355 1262/1701/1695
f 1262/1701/1695 1326/1361/1355 1261/1700/1694
f 1262/1701/1695 1261/1700/1694 1332/1702/1696
f 1332/1702/1696 1261/1700/1694 1331/1379/1373
f 1332/1702/1696 1331/1379/1373 1367/1377/1371
f 1325/1363/1357 1262/1701/1695 1263/1385/1379
f 1263/1385/1379 1262/1701/1695 1333/1703/1697
f 1263/1385/1379 1333/1703/1697 1334/1383/1377
f 1334/1383/1377 1333/1703/1697 1369/1704/1698
f 1334/1383/1377 1369/1704/1698 1370/1381/1375
f 1370/1381/1375 1369/1704/1698 998/1375/1369
f 1333/1703/1697 1262/1701/1695 1332/1702/1696
f 1323/1240/1235 1324/1365/1359 1264/1384/1378
f 1323/1240/1235 1264/1384/1378 1265/1242/1237
f 1265/1242/1237 1264/1384/1378 1335/1382/1376
f 1265/1242/1237 1335/1382/1376 1336/1244/1239
f 1336/1244/1239 1335/1382/1376 1371/1380/1374
f 1336/1244/1239 1371/1380/1374 1372/1246/1241
f 1272/1686/1680 1273/1705/1699 1315/1685/1679
f 1315/1685/1679 1273/1705/1699 1314/1681/1675
f 1315/1685/1679 1314/1681/1675 1202/1680/1674
f 1314/1681/1675 1273/1705/1699 1274/1682/1676
f 1274/1682/1676 1273/1705/1699 1344/1706/1700
f 1274/1682/1676 1344/1706/1700 1345/1683/1677
f 1345/1683/1677 1344/1706/1700 1380/1707/1701
f 1345/1683/1677 1380/1707/1701 1381/1684/1678
f 1381/1684/1678 1380/1707/1701 1000/1386/1380
f 1273/1705/1699 1272/1686/1680 1343/1708/1702
f 1343/1708/1702 1272/1686/1680 1342/1687/1681
f 1343/1708/1702 1342/1687/1681 1378/1709/1703
f 1378/1709/1703 1342/1687/1681 1377/1387/1381
f 1378/1709/1703 1377/1387/1381 1000/1386/1380
f 1280/1694/1688 1281/1710/1704 1307/1693/1687
f 1307/1693/1687 1281/1710/1704 1306/1689/1683
f 1307/1693/1687 1306/1689/1683 1210/1688/1682
f 1306/1689/1683 1281/1710/1704 1282/1690/1684
f 1282/1690/1684 1281/1710/1704 1352/1711/1705
f 1282/1690/1684 1352/1711/1705 1353/1691/1685
f 1353/1691/1685 1352/1711/1705 1388/1712/1706
f 1353/1691/1685 1388/1712/1706 1389/1692/1686
f 1389/1692/1686 1388/1712/1706 1001/1389/1383
f 1281/1710/1704 1280/1694/1688 1351/1713/1707
f 1351/1713/1707 1280/1694/1688 1350/1695/1689
f 1351/1713/1707 1350/1695/1689 1386/1714/1708
f 1386/1714/1708 1350/1695/1689 1385/1390/1384
f 1386/1714/1708 1385/1390/1384 1001/1389/1383
f 1291/1699/1693 1292/1715/1709 1296/1698/1692
f 1296/1698/1692 1292/1715/1709 1295/1697/1691
f 1296/1698/1692 1295/1697/1691 1221/1696/1690
f 1363/1456/1450 1293/1458/1452 1292/1715/1709
f 1292/1715/1709 1293/1458/1452 1295/1697/1691
f 1292/1715/1709 1291/1699/1693 1362/1716/1710
f 1362/1716/1710 1291/1699/1693 1361/1436/1430
f 1362/1716/1710 1361/1436/1430 1397/1434/1428
f 1366/1378/1372 1330/1373/1367 1365/1372/1366
f 1367/1377/1371 1368/1376/1370 1332/1702/1696
f 1332/1702/1696 1368/1376/1370 1333/1703/1697
f 1273/1705/1699 1343/1708/1702 1344/1706/1700
f 1344/1706/1700 1343/1708/1702 1379/1717/1711
f 1344/1706/1700 1379/1717/1711 1380/1707/1701
f 1380/1707/1701 1379/1717/1711 1000/1386/1380
f 1379/1717/1711 1343/1708/1702 1378/1709/1703
f 1281/1710/1704 1351/1713/1707 1352/1711/1705
f 1352/1711/1705 1351/1713/1707 1387/1718/1712
f 1352/1711/1705 1387/1718/1712 1388/1712/1706
f 1388/1712/1706 1387/1718/1712 1001/1389/1383
f 1387/1718/1712 1351/1713/1707 1386/1714/1708
f 1398/1433/1427 1363/1456/1450 1362/1716/1710
f 1362/1716/1710 1363/1456/1450 1292/1715/1709
f 1398/1433/1427 1362/1716/1710 1397/1434/1428
f 997/1371/1365 1366/1378/1372 1365/1372/1366
f 998/1375/1369 1369/1704/1698 1368/1376/1370
f 1368/1376/1370 1369/1704/1698 1333/1703/1697
f 1000/1386/1380 1379/1717/1711 1378/1709/1703
f 1001/1389/1383 1387/1718/1712 1386/1714/1708
f 1012/1480/1474 1534/1489/1483 1399/1481/1475
f 1399/1481/1475 1534/1489/1483 1400/1477/1471
f 1534/1489/1483 1533/1478/1472 1400/1477/1471
f 1522/1591/1585 1411/1679/1673 1523/1592/1586
f 1523/1592/1586 1411/1679/1673 1410/1593/1587
f 1501/1497/1491 1435/1158/1153 1434/1156/1151
f 1497/1496/1490 1439/1166/1161 1438/1164/1159
f 1497/1496/1490 1438/1164/1159 1498/1279/1274
f 1493/1495/1489 1443/1174/1169 1442/1172/1167
f 1493/1495/1489 1442/1172/1167 1494/1288/1283
f 1489/1494/1488 1447/1182/1177 1446/1180/1175
f 1489/1494/1488 1446/1180/1175 1490/1297/1292
f 1484/1493/1487 1452/1192/1187 1451/1190/1185
f 1484/1493/1487 1451/1190/1185 1485/1309/1304
f 1480/1492/1486 1456/1200/1195 1455/1198/1193
f 1480/1492/1486 1455/1198/1193 1481/1318/1313
f 1476/1491/1485 1460/1208/1203 1459/1206/1201
f 1476/1491/1485 1459/1206/1201 1477/1327/1322
f 390/1226/1221 1011/1482/1476 1014/1345/1340
f 1476/1491/1485 1477/1327/1322 1022/1328/1323
f 1480/1492/1486 1481/1318/1313 1026/1319/1314
f 1484/1493/1487 1485/1309/1304 1030/1310/1305
f 1489/1494/1488 1490/1297/1292 1035/1298/1293
f 1493/1495/1489 1494/1288/1283 1039/1289/1284
f 1497/1496/1490 1498/1279/1274 1043/1280/1275
f 1434/1156/1151 1010/1154/1149 1501/1497/1491
f 1501/1497/1491 1010/1154/1149 1047/1271/1266
f 1574/1719/1713 1535/1720/1714 1613/1721/1715
f 1613/1721/1715 1535/1720/1714 1536/1722/1716
f 1613/1721/1715 1536/1722/1716 1612/1723/1717
f 1612/1723/1717 1536/1722/1716 1537/1724/1718
f 1612/1723/1717 1537/1724/1718 1611/1725/1719
f 1611/1725/1719 1537/1724/1718 1538/1726/1720
f 1611/1725/1719 1538/1726/1720 1610/1727/1721
f 1610/1727/1721 1538/1726/1720 1609/1728/1722
f 1610/1727/1721 1609/1728/1722 1656/1729/1723
f 1656/1729/1723 1609/1728/1722 1657/1730/1724
f 1656/1729/1723 1657/1730/1724 1649/1731/1725
f 1649/1731/1725 1657/1730/1724 1648/1732/1726
f 1649/1731/1725 1648/1732/1726 1734/1733/1727
f 1734/1733/1727 1648/1732/1726 1735/1734/1728
f 1734/1733/1727 1735/1734/1728 1727/1735/1729
f 1727/1735/1729 1735/1734/1728 1726/1736/1730
f 1727/1735/1729 1726/1736/1730 1812/1737/1731
f 1812/1737/1731 1726/1736/1730 1813/1738/1732
f 1812/1737/1731 1813/1738/1732 1805/1739/1733
f 1805/1739/1733 1813/1738/1732 1804/1740/1734
f 1805/1739/1733 1804/1740/1734 1890/1741/1735
f 1890/1741/1735 1804/1740/1734 1891/1742/1736
f 1890/1741/1735 1891/1742/1736 1883/1743/1737
f 1883/1743/1737 1891/1742/1736 1882/1744/1738
f 1883/1743/1737 1882/1744/1738 1968/1745/1739
f 1968/1745/1739 1882/1744/1738 1969/1746/1740
f 1968/1745/1739 1969/1746/1740 1961/1747/1741
f 1961/1747/1741 1969/1746/1740 1960/1748/1742
f 1961/1747/1741 1960/1748/1742 2046/1749/1743
f 2046/1749/1743 1960/1748/1742 2047/1750/1744
f 2046/1749/1743 2047/1750/1744 2039/1751/1745
f 2039/1751/1745 2047/1750/1744 2038/1752/1746
f 2039/1751/1745 2038/1752/1746 2124/1753/1747
f 2124/1753/1747 2038/1752/1746 2125/1754/1748
f 2124/1753/1747 2125/1754/1748 2117/1755/1749
f 2117/1755/1749 2125/1754/1748 2116/1756/1750
f 2117/1755/1749 2116/1756/1750 1566/1757/1751
f 1566/1757/1751 2116/1756/1750 2115/1758/1752
f 1566/1757/1751 2115/1758/1752 2114/1759/1753
f 2114/1759/1753 2115/1758/1752 2127/1760/1754
f 2114/1759/1753 2127/1760/1754 2128/1761/1755
f 2128/1761/1755 2127/1760/1754 2035/1762/1756
f 2128/1761/1755 2035/1762/1756 2034/1763/1757
f 2034/1763/1757 2035/1762/1756 2051/1764/1758
f 2034/1763/1757 2051/1764/1758 2052/1765/1759
f 2052/1765/1759 2051/1764/1758 1955/1766/1760
f 2052/1765/1759 1955/1766/1760 1954/1767/1761
f 1954/1767/1761 1955/1766/1760 1975/1768/1762
f 1954/1767/1761 1975/1768/1762 1976/1769/1763
f 1976/1769/1763 1975/1768/1762 1875/1770/1764
f 1976/1769/1763 1875/1770/1764 1874/1771/1765
f 1874/1771/1765 1875/1770/1764 1899/1772/1766
f 1874/1771/1765 1899/1772/1766 1900/1773/1767
f 1900/1773/1767 1899/1772/1766 1795/1774/1768
f 1900/1773/1767 1795/1774/1768 1794/1775/1769
f 1794/1775/1769 1795/1774/1768 1823/1776/1770
f 1794/1775/1769 1823/1776/1770 1824/1777/1771
f 1824/1777/1771 1823/1776/1770 1715/1778/1772
f 1824/1777/1771 1715/1778/1772 1714/1779/1773
f 1714/1779/1773 1715/1778/1772 1747/1780/1774
f 1714/1779/1773 1747/1780/1774 1748/1781/1775
f 1748/1781/1775 1747/1780/1774 1635/1782/1776
f 1748/1781/1775 1635/1782/1776 1634/1783/1777
f 1634/1783/1777 1635/1782/1776 1671/1784/1778
f 1634/1783/1777 1671/1784/1778 1672/1785/1779
f 1672/1785/1779 1671/1784/1778 1594/1786/1780
f 1672/1785/1779 1594/1786/1780 1593/1787/1781
f 1593/1787/1781 1594/1786/1780 1548/1788/1782
f 1593/1787/1781 1548/1788/1782 1549/1789/1783
f 1538/1726/1720 1539/1790/1784 1609/1728/1722
f 1609/1728/1722 1539/1790/1784 1608/1791/1785
f 1609/1728/1722 1608/1791/1785 1657/1730/1724
f 1657/1730/1724 1608/1791/1785 1658/1792/1786
f 1657/1730/1724 1658/1792/1786 1648/1732/1726
f 1648/1732/1726 1658/1792/1786 1647/1793/1787
f 1648/1732/1726 1647/1793/1787 1735/1734/1728
f 1735/1734/1728 1647/1793/1787 1736/1794/1788
f 1735/1734/1728 1736/1794/1788 1726/1736/1730
f 1726/1736/1730 1736/1794/1788 1725/1795/1789
f 1726/1736/1730 1725/1795/1789 1813/1738/1732
f 1813/1738/1732 1725/1795/1789 1814/1796/1790
f 1813/1738/1732 1814/1796/1790 1804/1740/1734
f 1804/1740/1734 1814/1796/1790 1803/1797/1791
f 1804/1740/1734 1803/1797/1791 1891/1742/1736
f 1891/1742/1736 1803/1797/1791 1892/1798/1792
f 1891/1742/1736 1892/1798/1792 1882/1744/1738
f 1882/1744/1738 1892/1798/1792 1881/1799/1793
f 1882/1744/1738 1881/1799/1793 1969/1746/1740
f 1969/1746/1740 1881/1799/1793 1970/1800/1794
f 1969/1746/1740 1970/1800/1794 1960/1748/1742
f 1960/1748/1742 1970/1800/1794 1959/1801/1795
f 1960/1748/1742 1959/1801/1795 2047/1750/1744
f 2047/1750/1744 1959/1801/1795 2048/1802/1796
f 2047/1750/1744 2048/1802/1796 2038/1752/1746
f 2038/1752/1746 2048/1802/1796 2037/1803/1797
f 2038/1752/1746 2037/1803/1797 2125/1754/1748
f 2125/1754/1748 2037/1803/1797 2126/1804/1798
f 2125/1754/1748 2126/1804/1798 2116/1756/1750
f 2116/1756/1750 2126/1804/1798 2115/1758/1752
f 1539/1790/1784 1540/1805/1799 1608/1791/1785
f 1608/1791/1785 1540/1805/1799 1607/1806/1800
f 1608/1791/1785 1607/1806/1800 1658/1792/1786
f 1658/1792/1786 1607/1806/1800 1659/1807/1801
f 1658/1792/1786 1659/1807/1801 1647/1793/1787
f 1647/1793/1787 1659/1807/1801 1646/1808/1802
f 1647/1793/1787 1646/1808/1802 1736/1794/1788
f 1736/1794/1788 1646/1808/1802 1737/1809/1803
f 1736/1794/1788 1737/1809/1803 1725/1795/1789
f 1725/1795/1789 1737/1809/1803 1724/1810/1804
f 1725/1795/1789 1724/1810/1804 1814/1796/1790
f 1814/1796/1790 1724/1810/1804 1815/1811/1805
f 1814/1796/1790 1815/1811/1805 1803/1797/1791
f 1803/1797/1791 1815/1811/1805 1802/1812/1806
f 1803/1797/1791 1802/1812/1806 1892/1798/1792
f 1892/1798/1792 1802/1812/1806 1893/1813/1807
f 1892/1798/1792 1893/1813/1807 1881/1799/1793
f 1881/1799/1793 1893/1813/1807 1880/1814/1808
f 1881/1799/1793 1880/1814/1808 1970/1800/1794
f 1970/1800/1794 1880/1814/1808 1971/1815/1809
f 1970/1800/1794 1971/1815/1809 1959/1801/1795
f 1959/1801/1795 1971/1815/1809 1958/1816/1810
f 1959/1801/1795 1958/1816/1810 2048/1802/1796
f 2048/1802/1796 1958/1816/1810 2049/1817/1811
f 2048/1802/1796 2049/1817/1811 2037/1803/1797
f 2037/1803/1797 2049/1817/1811 2036/1818/1812
f 2037/1803/1797 2036/1818/1812 2126/1804/1798
f 2126/1804/1798 2036/1818/1812 2127/1760/1754
f 2126/1804/1798 2127/1760/1754 2115/1758/1752
f 1607/1806/1800 1540/1805/1799 1606/1819/1813
f 1606/1819/1813 1540/1805/1799 1541/1820/1814
f 1606/1819/1813 1541/1820/1814 1605/1821/1815
f 1605/1821/1815 1541/1820/1814 1604/1822/1816
f 1605/1821/1815 1604/1822/1816 1661/1823/1817
f 1661/1823/1817 1604/1822/1816 1662/1824/1818
f 1661/1823/1817 1662/1824/1818 1644/1825/1819
f 1644/1825/1819 1662/1824/1818 1643/1826/1820
f 1644/1825/1819 1643/1826/1820 1739/1827/1821
f 1739/1827/1821 1643/1826/1820 1740/1828/1822
f 1739/1827/1821 1740/1828/1822 1722/1829/1823
f 1722/1829/1823 1740/1828/1822 1721/1830/1824
f 1722/1829/1823 1721/1830/1824 1817/1831/1825
f 1817/1831/1825 1721/1830/1824 1818/1832/1826
f 1817/1831/1825 1818/1832/1826 1800/1833/1827
f 1800/1833/1827 1818/1832/1826 1799/1834/1828
f 1800/1833/1827 1799/1834/1828 1895/1835/1829
f 1895/1835/1829 1799/1834/1828 1896/1836/1830
f 1895/1835/1829 1896/1836/1830 1878/1837/1831
f 1878/1837/1831 1896/1836/1830 1877/1838/1832
f 1878/1837/1831 1877/1838/1832 1973/1839/1833
f 1973/1839/1833 1877/1838/1832 1974/1840/1834
f 1973/1839/1833 1974/1840/1834 1956/1841/1835
f 1956/1841/1835 1974/1840/1834 1955/1766/1760
f 1956/1841/1835 1955/1766/1760 2051/1764/1758
f 1541/1820/1814 1542/1842/1836 1604/1822/1816
f 1604/1822/1816 1542/1842/1836 1603/1843/1837
f 1604/1822/1816 1603/1843/1837 1662/1824/1818
f 1662/1824/1818 1603/1843/1837 1663/1844/1838
f 1662/1824/1818 1663/1844/1838 1643/1826/1820
f 1643/1826/1820 1663/1844/1838 1642/1845/1839
f 1643/1826/1820 1642/1845/1839 1740/1828/1822
f 1740/1828/1822 1642/1845/1839 1741/1846/1840
f 1740/1828/1822 1741/1846/1840 1721/1830/1824
f 1721/1830/1824 1741/1846/1840 1720/1847/1841
f 1721/1830/1824 1720/1847/1841 1818/1832/1826
f 1818/1832/1826 1720/1847/1841 1819/1848/1842
f 1818/1832/1826 1819/1848/1842 1799/1834/1828
f 1799/1834/1828 1819/1848/1842 1798/1849/1843
f 1799/1834/1828 1798/1849/1843 1896/1836/1830
f 1896/1836/1830 1798/1849/1843 1897/1850/1844
f 1896/1836/1830 1897/1850/1844 1877/1838/1832
f 1877/1838/1832 1897/1850/1844 1876/1851/1845
f 1877/1838/1832 1876/1851/1845 1974/1840/1834
f 1974/1840/1834 1876/1851/1845 1975/1768/1762
f 1974/1840/1834 1975/1768/1762 1955/1766/1760
f 1542/1842/1836 1543/1852/1846 1603/1843/1837
f 1603/1843/1837 1543/1852/1846 1602/1853/1847
f 1603/1843/1837 1602/1853/1847 1663/1844/1838
f 1663/1844/1838 1602/1853/1847 1664/1854/1848
f 1663/1844/1838 1664/1854/1848 1642/1845/1839
f 1642/1845/1839 1664/1854/1848 1641/1855/1849
f 1642/1845/1839 1641/1855/1849 1741/1846/1840
f 1741/1846/1840 1641/1855/1849 1742/1856/1850
f 1741/1846/1840 1742/1856/1850 1720/1847/1841
f 1720/1847/1841 1742/1856/1850 1719/1857/1851
f 1720/1847/1841 1719/1857/1851 1819/1848/1842
f 1819/1848/1842 1719/1857/1851 1820/1858/1852
f 1819/1848/1842 1820/1858/1852 1798/1849/1843
f 1798/1849/1843 1820/1858/1852 1797/1859/1853
f 1798/1849/1843 1797/1859/1853 1897/1850/1844
f 1897/1850/1844 1797/1859/1853 1898/1860/1854
f 1897/1850/1844 1898/1860/1854 1876/1851/1845
f 1876/1851/1845 1898/1860/1854 1875/1770/1764
f 1876/1851/1845 1875/1770/1764 1975/1768/1762
f 1602/1853/1847 1543/1852/1846 1601/1861/1855
f 1601/1861/1855 1543/1852/1846 1544/1862/1856
f 1601/1861/1855 1544/1862/1856 1600/1863/1857
f 1600/1863/1857 1544/1862/1856 1545/1864/1858
f 1600/1863/1857 1545/1864/1858 1599/1865/1859
f 1599/1865/1859 1545/1864/1858 1598/1866/1860
f 1599/1865/1859 1598/1866/1860 1667/1867/1861
f 1667/1867/1861 1598/1866/1860 1668/1868/1862
f 1667/1867/1861 1668/1868/1862 1638/1869/1863
f 1638/1869/1863 1668/1868/1862 1637/1870/1864
f 1638/1869/1863 1637/1870/1864 1745/1871/1865
f 1745/1871/1865 1637/1870/1864 1746/1872/1866
f 1745/1871/1865 1746/1872/1866 1716/1873/1867
f 1716/1873/1867 1746/1872/1866 1715/1778/1772
f 1716/1873/1867 1715/1778/1772 1823/1776/1770
f 1545/1864/1858 1546/1874/1868 1598/1866/1860
f 1598/1866/1860 1546/1874/1868 1597/1875/1869
f 1598/1866/1860 1597/1875/1869 1668/1868/1862
f 1668/1868/1862 1597/1875/1869 1669/1876/1870
f 1668/1868/1862 1669/1876/1870 1637/1870/1864
f 1637/1870/1864 1669/1876/1870 1636/1877/1871
f 1637/1870/1864 1636/1877/1871 1746/1872/1866
f 1746/1872/1866 1636/1877/1871 1747/1780/1774
f 1746/1872/1866 1747/1780/1774 1715/1778/1772
f 1597/1875/1869 1546/1874/1868 1596/1878/1872
f 1596/1878/1872 1546/1874/1868 1547/1879/1873
f 1596/1878/1872 1547/1879/1873 1595/1880/1874
f 1595/1880/1874 1547/1879/1873 1548/1788/1782
f 1595/1880/1874 1548/1788/1782 1594/1786/1780
f 1593/1787/1781 1549/1789/1783 1592/1881/1875
f 1592/1881/1875 1549/1789/1783 1550/1882/1876
f 1592/1881/1875 1550/1882/1876 1591/1883/1877
f 1591/1883/1877 1550/1882/1876 1590/1884/1878
f 1591/1883/1877 1590/1884/1878 1675/1885/1879
f 1675/1885/1879 1590/1884/1878 1676/1886/1880
f 1675/1885/1879 1676/1886/1880 1630/1887/1881
f 1630/1887/1881 1676/1886/1880 1629/1888/1882
f 1630/1887/1881 1629/1888/1882 1753/1889/1883
f 1753/1889/1883 1629/1888/1882 1754/1890/1884
f 1753/1889/1883 1754/1890/1884 1708/1891/1885
f 1708/1891/1885 1754/1890/1884 1707/1892/1886
f 1708/1891/1885 1707/1892/1886 1831/1893/1887
f 1831/1893/1887 1707/1892/1886 1832/1894/1888
f 1831/1893/1887 1832/1894/1888 1786/1895/1889
f 1786/1895/1889 1832/1894/1888 1785/1896/1890
f 1786/1895/1889 1785/1896/1890 1909/1897/1891
f 1909/1897/1891 1785/1896/1890 1910/1898/1892
f 1909/1897/1891 1910/1898/1892 1864/1899/1893
f 1864/1899/1893 1910/1898/1892 1863/1900/1894
f 1864/1899/1893 1863/1900/1894 1987/1901/1895
f 1987/1901/1895 1863/1900/1894 1988/1902/1896
f 1987/1901/1895 1988/1902/1896 1942/1903/1897
f 1942/1903/1897 1988/1902/1896 1941/1904/1898
f 1942/1903/1897 1941/1904/1898 2065/1905/1899
f 2065/1905/1899 1941/1904/1898 2066/1906/1900
f 2065/1905/1899 2066/1906/1900 2020/1907/1901
f 2020/1907/1901 2066/1906/1900 2019/1908/1902
f 2020/1907/1901 2019/1908/1902 2143/1909/1903
f 2143/1909/1903 2019/1908/1902 2144/1910/1904
f 2143/1909/1903 2144/1910/1904 2098/1911/1905
f 2098/1911/1905 2144/1910/1904 2097/1912/1906
f 2098/1911/1905 2097/1912/1906 1562/1913/1907
f 1562/1913/1907 2097/1912/1906 2096/1914/1908
f 1562/1913/1907 2096/1914/1908 2095/1915/1909
f 2095/1915/1909 2096/1914/1908 2146/1916/1910
f 2095/1915/1909 2146/1916/1910 2147/1917/1911
f 2147/1917/1911 2146/1916/1910 2016/1918/1912
f 2147/1917/1911 2016/1918/1912 2015/1919/1913
f 2015/1919/1913 2016/1918/1912 2070/1920/1914
f 2015/1919/1913 2070/1920/1914 2071/1921/1915
f 2071/1921/1915 2070/1920/1914 1936/1922/1916
f 2071/1921/1915 1936/1922/1916 1935/1923/1917
f 1935/1923/1917 1936/1922/1916 1994/1924/1918
f 1935/1923/1917 1994/1924/1918 1995/1925/1919
f 1995/1925/1919 1994/1924/1918 1856/1926/1920
f 1995/1925/1919 1856/1926/1920 1855/1927/1921
f 1855/1927/1921 1856/1926/1920 1918/1928/1922
f 1855/1927/1921 1918/1928/1922 1919/1929/1923
f 1919/1929/1923 1918/1928/1922 1776/1930/1924
f 1919/1929/1923 1776/1930/1924 1775/1931/1925
f 1775/1931/1925 1776/1930/1924 1842/1932/1926
f 1775/1931/1925 1842/1932/1926 1843/1933/1927
f 1843/1933/1927 1842/1932/1926 1696/1934/1928
f 1843/1933/1927 1696/1934/1928 1695/1935/1929
f 1695/1935/1929 1696/1934/1928 1766/1936/1930
f 1695/1935/1929 1766/1936/1930 1767/1937/1931
f 1767/1937/1931 1766/1936/1930 1616/1938/1932
f 1767/1937/1931 1616/1938/1932 1615/1939/1933
f 1615/1939/1933 1616/1938/1932 1690/1940/1934
f 1615/1939/1933 1690/1940/1934 1691/1941/1935
f 1691/1941/1935 1690/1940/1934 1575/1942/1936
f 1691/1941/1935 1575/1942/1936 1009/1943/1937
f 1009/1943/1937 1575/1942/1936 976/1944/1148
f 976/1944/1148 1575/1942/1936 1559/1945/1938
f 1559/1945/1938 1575/1942/1936 1576/1946/1939
f 1559/1945/1938 1576/1946/1939 1577/1947/1940
f 1577/1947/1940 1576/1946/1939 1689/1948/1941
f 1577/1947/1940 1689/1948/1941 1688/1949/1942
f 1688/1949/1942 1689/1948/1941 1617/1950/1943
f 1688/1949/1942 1617/1950/1943 1618/1951/1944
f 1618/1951/1944 1617/1950/1943 1765/1952/1945
f 1618/1951/1944 1765/1952/1945 1764/1953/1946
f 1764/1953/1946 1765/1952/1945 1697/1954/1947
f 1764/1953/1946 1697/1954/1947 1698/1955/1948
f 1698/1955/1948 1697/1954/1947 1841/1956/1949
f 1698/1955/1948 1841/1956/1949 1840/1957/1950
f 1840/1957/1950 1841/1956/1949 1777/1958/1951
f 1840/1957/1950 1777/1958/1951 1778/1959/1952
f 1778/1959/1952 1777/1958/1951 1917/1960/1953
f 1778/1959/1952 1917/1960/1953 1916/1961/1954
f 1916/1961/1954 1917/1960/1953 1857/1962/1955
f 1916/1961/1954 1857/1962/1955 1858/1963/1956
f 1858/1963/1956 1857/1962/1955 1993/1964/1957
f 1858/1963/1956 1993/1964/1957 1992/1965/1958
f 1992/1965/1958 1993/1964/1957 1937/1966/1959
f 1992/1965/1958 1937/1966/1959 1938/1967/1960
f 1938/1967/1960 1937/1966/1959 2069/1968/1961
f 1938/1967/1960 2069/1968/1961 2068/1969/1962
f 2068/1969/1962 2069/1968/1961 2017/1970/1963
f 2068/1969/1962 2017/1970/1963 2018/1971/1964
f 2018/1971/1964 2017/1970/1963 2145/1972/1965
f 2018/1971/1964 2145/1972/1965 2144/1910/1904
f 2144/1910/1904 2145/1972/1965 2097/1912/1906
f 1550/1882/1876 1551/1973/1966 1590/1884/1878
f 1590/1884/1878 1551/1973/1966 1589/1974/1967
f 1590/1884/1878 1589/1974/1967 1676/1886/1880
f 1676/1886/1880 1589/1974/1967 1677/1975/1968
f 1676/1886/1880 1677/1975/1968 1629/1888/1882
f 1629/1888/1882 1677/1975/1968 1628/1976/1969
f 1629/1888/1882 1628/1976/1969 1754/1890/1884
f 1754/1890/1884 1628/1976/1969 1755/1977/1970
f 1754/1890/1884 1755/1977/1970 1707/1892/1886
f 1707/1892/1886 1755/1977/1970 1706/1978/1971
f 1707/1892/1886 1706/1978/1971 1832/1894/1888
f 1832/1894/1888 1706/1978/1971 1833/1979/1972
f 1832/1894/1888 1833/1979/1972 1785/1896/1890
f 1785/1896/1890 1833/1979/1972 1784/1980/1973
f 1785/1896/1890 1784/1980/1973 1910/1898/1892
f 1910/1898/1892 1784/1980/1973 1911/1981/1974
f 1910/1898/1892 1911/1981/1974 1863/1900/1894
f 1863/1900/1894 1911/1981/1974 1862/1982/1975
f 1863/1900/1894 1862/1982/1975 1988/1902/1896
f 1988/1902/1896 1862/1982/1975 1989/1983/1976
f 1988/1902/1896 1989/1983/1976 1941/1904/1898
f 1941/1904/1898 1989/1983/1976 1940/1984/1977
f 1941/1904/1898 1940/1984/1977 2066/1906/1900
f 2066/1906/1900 1940/1984/1977 2067/1985/1978
f 2066/1906/1900 2067/1985/1978 2019/1908/1902
f 2019/1908/1902 2067/1985/1978 2018/1971/1964
f 2019/1908/1902 2018/1971/1964 2144/1910/1904
f 1551/1973/1966 1552/1986/1979 1589/1974/1967
f 1589/1974/1967 1552/1986/1979 1588/1987/1980
f 1589/1974/1967 1588/1987/1980 1677/1975/1968
f 1677/1975/1968 1588/1987/1980 1678/1988/1981
f 1677/1975/1968 1678/1988/1981 1628/1976/1969
f 1628/1976/1969 1678/1988/1981 1627/1989/1982
f 1628/1976/1969 1627/1989/1982 1755/1977/1970
f 1755/1977/1970 1627/1989/1982 1756/1990/1983
f 1755/1977/1970 1756/1990/1983 1706/1978/1971
f 1706/1978/1971 1756/1990/1983 1705/1991/1984
f 1706/1978/1971 1705/1991/1984 1833/1979/1972
f 1833/1979/1972 1705/1991/1984 1834/1992/1985
f 1833/1979/1972 1834/1992/1985 1784/1980/1973
f 1784/1980/1973 1834/1992/1985 1783/1993/1986
f 1784/1980/1973 1783/1993/1986 1911/1981/1974
f 1911/1981/1974 1783/1993/1986 1912/1994/1987
f 1911/1981/1974 1912/1994/1987 1862/1982/1975
f 1862/1982/1975 1912/1994/1987 1861/1995/1988
f 1862/1982/1975 1861/1995/1988 1989/1983/1976
f 1989/1983/1976 1861/1995/1988 1990/1996/1989
f 1989/1983/1976 1990/1996/1989 1940/1984/1977
f 1940/1984/1977 1990/1996/1989 1939/1997/1990
f 1940/1984/1977 1939/1997/1990 2067/1985/1978
f 2067/1985/1978 1939/1997/1990 2068/1969/1962
f 2067/1985/1978 2068/1969/1962 2018/1971/1964
f 1588/1987/1980 1552/1986/1979 1587/1998/1991
f 1587/1998/1991 1552/1986/1979 1553/1999/1992
f 1587/1998/1991 1553/1999/1992 1586/2000/1993
f 1586/2000/1993 1553/1999/1992 1585/2001/1994
f 1586/2000/1993 1585/2001/1994 1680/2002/1995
f 1680/2002/1995 1585/2001/1994 1681/2003/1996
f 1680/2002/1995 1681/2003/1996 1625/2004/1997
f 1625/2004/1997 1681/2003/1996 1624/2005/1998
f 1625/2004/1997 1624/2005/1998 1758/2006/1999
f 1758/2006/1999 1624/2005/1998 1759/2007/2000
f 1758/2006/1999 1759/2007/2000 1703/2008/2001
f 1703/2008/2001 1759/2007/2000 1702/2009/2002
f 1703/2008/2001 1702/2009/2002 1836/2010/2003
f 1836/2010/2003 1702/2009/2002 1837/2011/2004
f 1836/2010/2003 1837/2011/2004 1781/2012/2005
f 1781/2012/2005 1837/2011/2004 1780/2013/2006
f 1781/2012/2005 1780/2013/2006 1914/2014/2007
f 1914/2014/2007 1780/2013/2006 1915/2015/2008
f 1914/2014/2007 1915/2015/2008 1859/2016/2009
f 1859/2016/2009 1915/2015/2008 1858/1963/1956
f 1859/2016/2009 1858/1963/1956 1992/1965/1958
f 1553/1999/1992 1554/2017/2010 1585/2001/1994
f 1585/2001/1994 1554/2017/2010 1584/2018/2011
f 1585/2001/1994 1584/2018/2011 1681/2003/1996
f 1681/2003/1996 1584/2018/2011 1682/2019/2012
f 1681/2003/1996 1682/2019/2012 1624/2005/1998
f 1624/2005/1998 1682/2019/2012 1623/2020/2013
f 1624/2005/1998 1623/2020/2013 1759/2007/2000
f 1759/2007/2000 1623/2020/2013 1760/2021/2014
f 1759/2007/2000 1760/2021/2014 1702/2009/2002
f 1702/2009/2002 1760/2021/2014 1701/2022/2015
f 1702/2009/2002 1701/2022/2015 1837/2011/2004
f 1837/2011/2004 1701/2022/2015 1838/2023/2016
f 1837/2011/2004 1838/2023/2016 1780/2013/2006
f 1780/2013/2006 1838/2023/2016 1779/2024/2017
f 1780/2013/2006 1779/2024/2017 1915/2015/2008
f 1915/2015/2008 1779/2024/2017 1916/1961/1954
f 1915/2015/2008 1916/1961/1954 1858/1963/1956
f 1554/2017/2010 1555/2025/2018 1584/2018/2011
f 1584/2018/2011 1555/2025/2018 1583/2026/2019
f 1584/2018/2011 1583/2026/2019 1682/2019/2012
f 1682/2019/2012 1583/2026/2019 1683/2027/2020
f 1682/2019/2012 1683/2027/2020 1623/2020/2013
f 1623/2020/2013 1683/2027/2020 1622/2028/2021
f 1623/2020/2013 1622/2028/2021 1760/2021/2014
f 1760/2021/2014 1622/2028/2021 1761/2029/2022
f 1760/2021/2014 1761/2029/2022 1701/2022/2015
f 1701/2022/2015 1761/2029/2022 1700/2030/2023
f 1701/2022/2015 1700/2030/2023 1838/2023/2016
f 1838/2023/2016 1700/2030/2023 1839/2031/2024
f 1838/2023/2016 1839/2031/2024 1779/2024/2017
f 1779/2024/2017 1839/2031/2024 1778/1959/1952
f 1779/2024/2017 1778/1959/1952 1916/1961/1954
f 1583/2026/2019 1555/2025/2018 1582/2032/2025
f 1582/2032/2025 1555/2025/2018 1556/2033/2026
f 1582/2032/2025 1556/2033/2026 1581/2034/2027
f 1581/2034/2027 1556/2033/2026 1557/2035/2028
f 1581/2034/2027 1557/2035/2028 1580/2036/2029
f 1580/2036/2029 1557/2035/2028 1579/2037/2030
f 1580/2036/2029 1579/2037/2030 1686/2038/2031
f 1686/2038/2031 1579/2037/2030 1687/2039/2032
f 1686/2038/2031 1687/2039/2032 1619/2040/2033
f 1619/2040/2033 1687/2039/2032 1618/1951/1944
f 1619/2040/2033 1618/1951/1944 1764/1953/1946
f 1557/2035/2028 1558/2041/2034 1579/2037/2030
f 1579/2037/2030 1558/2041/2034 1578/2042/2035
f 1579/2037/2030 1578/2042/2035 1687/2039/2032
f 1687/2039/2032 1578/2042/2035 1688/1949/1942
f 1687/2039/2032 1688/1949/1942 1618/1951/1944
f 1578/2042/2035 1558/2041/2034 1577/1947/1940
f 1577/1947/1940 1558/2041/2034 1559/1945/1938
f 1691/1941/1935 1009/1943/1937 1614/2043/2036
f 1614/2043/2036 1009/1943/1937 1008/2044/2037
f 1614/2043/2036 1008/2044/2037 1769/2045/2038
f 1769/2045/2038 1008/2044/2037 1692/2046/2039
f 1769/2045/2038 1692/2046/2039 1693/2047/2040
f 1693/2047/2040 1692/2046/2039 1846/2048/2041
f 1693/2047/2040 1846/2048/2041 1845/2049/2042
f 1845/2049/2042 1846/2048/2041 1772/2050/2043
f 1845/2049/2042 1772/2050/2043 1773/2051/2044
f 1773/2051/2044 1772/2050/2043 1922/2052/2045
f 1773/2051/2044 1922/2052/2045 1921/2053/2046
f 1921/2053/2046 1922/2052/2045 1852/2054/2047
f 1921/2053/2046 1852/2054/2047 1853/2055/2048
f 1853/2055/2048 1852/2054/2047 1998/2056/2049
f 1853/2055/2048 1998/2056/2049 1997/2057/2050
f 1997/2057/2050 1998/2056/2049 1932/2058/2051
f 1997/2057/2050 1932/2058/2051 1933/2059/2052
f 1933/2059/2052 1932/2058/2051 2074/2060/2053
f 1933/2059/2052 2074/2060/2053 2073/2061/2054
f 2073/2061/2054 2074/2060/2053 2012/2062/2055
f 2073/2061/2054 2012/2062/2055 2013/2063/2056
f 2013/2063/2056 2012/2062/2055 2150/2064/2057
f 2013/2063/2056 2150/2064/2057 2149/2065/2058
f 2149/2065/2058 2150/2064/2057 2092/2066/2059
f 2149/2065/2058 2092/2066/2059 2093/2067/2060
f 2093/2067/2060 2092/2066/2059 1561/2068/2061
f 2093/2067/2060 1561/2068/2061 2094/2069/2062
f 2094/2069/2062 1561/2068/2061 1562/1913/1907
f 2094/2069/2062 1562/1913/1907 2095/1915/1909
f 1008/2044/2037 1007/2070/2063 1692/2046/2039
f 1692/2046/2039 1007/2070/2063 1847/2071/2064
f 1692/2046/2039 1847/2071/2064 1846/2048/2041
f 1846/2048/2041 1847/2071/2064 1771/2072/2065
f 1846/2048/2041 1771/2072/2065 1772/2050/2043
f 1772/2050/2043 1771/2072/2065 1923/2073/2066
f 1772/2050/2043 1923/2073/2066 1922/2052/2045
f 1922/2052/2045 1923/2073/2066 1851/2074/2067
f 1922/2052/2045 1851/2074/2067 1852/2054/2047
f 1852/2054/2047 1851/2074/2067 1999/2075/2068
f 1852/2054/2047 1999/2075/2068 1998/2056/2049
f 1998/2056/2049 1999/2075/2068 1931/2076/2069
f 1998/2056/2049 1931/2076/2069 1932/2058/2051
f 1932/2058/2051 1931/2076/2069 2075/2077/2070
f 1932/2058/2051 2075/2077/2070 2074/2060/2053
f 2074/2060/2053 2075/2077/2070 2011/2078/2071
f 2074/2060/2053 2011/2078/2071 2012/2062/2055
f 2012/2062/2055 2011/2078/2071 2151/2079/2072
f 2012/2062/2055 2151/2079/2072 2150/2064/2057
f 2150/2064/2057 2151/2079/2072 2091/2080/2073
f 2150/2064/2057 2091/2080/2073 2092/2066/2059
f 2092/2066/2059 2091/2080/2073 1561/2068/2061
f 1847/2071/2064 1007/2070/2063 1770/2081/2074
f 1770/2081/2074 1007/2070/2063 1006/2082/2075
f 1770/2081/2074 1006/2082/2075 1925/2083/2076
f 1925/2083/2076 1006/2082/2075 1848/2084/2077
f 1925/2083/2076 1848/2084/2077 1849/2085/2078
f 1849/2085/2078 1848/2084/2077 2002/2086/2079
f 1849/2085/2078 2002/2086/2079 2001/2087/2080
f 2001/2087/2080 2002/2086/2079 1928/2088/2081
f 2001/2087/2080 1928/2088/2081 1929/2089/2082
f 1929/2089/2082 1928/2088/2081 2078/2090/2083
f 1929/2089/2082 2078/2090/2083 2077/2091/2084
f 2077/2091/2084 2078/2090/2083 2008/2092/2085
f 2077/2091/2084 2008/2092/2085 2009/2093/2086
f 2009/2093/2086 2008/2092/2085 2154/2094/2087
f 2009/2093/2086 2154/2094/2087 2153/2095/2088
f 2153/2095/2088 2154/2094/2087 2088/2096/2089
f 2153/2095/2088 2088/2096/2089 2089/2097/2090
f 2089/2097/2090 2088/2096/2089 1560/2098/2091
f 2089/2097/2090 1560/2098/2091 2090/2099/2092
f 2090/2099/2092 1560/2098/2091 1561/2068/2061
f 2090/2099/2092 1561/2068/2061 2091/2080/2073
f 1006/2082/2075 1005/2100/2093 1848/2084/2077
f 1848/2084/2077 1005/2100/2093 2003/2101/2094
f 1848/2084/2077 2003/2101/2094 2002/2086/2079
f 2002/2086/2079 2003/2101/2094 1927/2102/2095
f 2002/2086/2079 1927/2102/2095 1928/2088/2081
f 1928/2088/2081 1927/2102/2095 2079/2103/2096
f 1928/2088/2081 2079/2103/2096 2078/2090/2083
f 2078/2090/2083 2079/2103/2096 2007/2104/2097
f 2078/2090/2083 2007/2104/2097 2008/2092/2085
f 2008/2092/2085 2007/2104/2097 2155/2105/2098
f 2008/2092/2085 2155/2105/2098 2154/2094/2087
f 2154/2094/2087 2155/2105/2098 2087/2106/2099
f 2154/2094/2087 2087/2106/2099 2088/2096/2089
f 2088/2096/2089 2087/2106/2099 1560/2098/2091
f 2003/2101/2094 1005/2100/2093 1926/2107/2100
f 1926/2107/2100 1005/2100/2093 1004/2108/2101
f 1926/2107/2100 1004/2108/2101 2081/2109/2102
f 2081/2109/2102 1004/2108/2101 2004/2110/2103
f 2081/2109/2102 2004/2110/2103 2005/2111/2104
f 2005/2111/2104 2004/2110/2103 2158/2112/2105
f 2005/2111/2104 2158/2112/2105 2157/2113/2106
f 2157/2113/2106 2158/2112/2105 2084/2114/2107
f 2157/2113/2106 2084/2114/2107 2085/2115/2108
f 2085/2115/2108 2084/2114/2107 1560/2098/2091
f 2085/2115/2108 1560/2098/2091 2086/2116/2109
f 2086/2116/2109 1560/2098/2091 2087/2106/2099
f 2086/2116/2109 2087/2106/2099 2155/2105/2098
f 1004/2108/2101 1003/2117/2110 2004/2110/2103
f 2004/2110/2103 1003/2117/2110 2159/2118/2111
f 2004/2110/2103 2159/2118/2111 2158/2112/2105
f 2158/2112/2105 2159/2118/2111 2083/2119/2112
f 2158/2112/2105 2083/2119/2112 2084/2114/2107
f 2084/2114/2107 2083/2119/2112 1002/2120/2113
f 2084/2114/2107 1002/2120/2113 1560/2098/2091
f 2159/2118/2111 1003/2117/2110 2082/2121/2114
f 2082/2121/2114 1003/2117/2110 1002/2120/2113
f 2082/2121/2114 1002/2120/2113 2083/2119/2112
f 2098/1911/1905 1562/1913/1907 2099/2122/2115
f 2099/2122/2115 1562/1913/1907 1563/2123/2116
f 2099/2122/2115 1563/2123/2116 2100/2124/2117
f 2100/2124/2117 1563/2123/2116 2101/2125/2118
f 2100/2124/2117 2101/2125/2118 2141/2126/2119
f 2141/2126/2119 2101/2125/2118 2140/2127/2120
f 2141/2126/2119 2140/2127/2120 2022/2128/2121
f 2022/2128/2121 2140/2127/2120 2023/2129/2122
f 2022/2128/2121 2023/2129/2122 2063/2130/2123
f 2063/2130/2123 2023/2129/2122 2062/2131/2124
f 2063/2130/2123 2062/2131/2124 1944/2132/2125
f 1944/2132/2125 2062/2131/2124 1945/2133/2126
f 1944/2132/2125 1945/2133/2126 1985/2134/2127
f 1985/2134/2127 1945/2133/2126 1984/2135/2128
f 1985/2134/2127 1984/2135/2128 1866/2136/2129
f 1866/2136/2129 1984/2135/2128 1867/2137/2130
f 1866/2136/2129 1867/2137/2130 1907/2138/2131
f 1907/2138/2131 1867/2137/2130 1906/2139/2132
f 1907/2138/2131 1906/2139/2132 1788/2140/2133
f 1788/2140/2133 1906/2139/2132 1789/2141/2134
f 1788/2140/2133 1789/2141/2134 1829/2142/2135
f 1829/2142/2135 1789/2141/2134 1828/2143/2136
f 1829/2142/2135 1828/2143/2136 1710/2144/2137
f 1710/2144/2137 1828/2143/2136 1711/2145/2138
f 1710/2144/2137 1711/2145/2138 1751/2146/2139
f 1751/2146/2139 1711/2145/2138 1750/2147/2140
f 1751/2146/2139 1750/2147/2140 1632/2148/2141
f 1632/2148/2141 1750/2147/2140 1633/2149/2142
f 1632/2148/2141 1633/2149/2142 1673/2150/2143
f 1673/2150/2143 1633/2149/2142 1672/1785/1779
f 1673/2150/2143 1672/1785/1779 1593/1787/1781
f 1564/2151/2144 2104/2152/2145 1563/2123/2116
f 1563/2123/2116 2104/2152/2145 2103/2153/2146
f 1563/2123/2116 2103/2153/2146 2102/2154/2147
f 2102/2154/2147 2103/2153/2146 2139/2155/2148
f 2102/2154/2147 2139/2155/2148 2140/2127/2120
f 2140/2127/2120 2139/2155/2148 2023/2129/2122
f 1565/2156/2149 2109/2157/2150 1564/2151/2144
f 1564/2151/2144 2109/2157/2150 2108/2158/2151
f 1564/2151/2144 2108/2158/2151 2107/2159/2152
f 2107/2159/2152 2108/2158/2151 2134/2160/2153
f 2107/2159/2152 2134/2160/2153 2135/2161/2154
f 2135/2161/2154 2134/2160/2153 2028/2162/2155
f 2135/2161/2154 2028/2162/2155 2027/2163/2156
f 2027/2163/2156 2028/2162/2155 2058/2164/2157
f 2027/2163/2156 2058/2164/2157 2059/2165/2158
f 2059/2165/2158 2058/2164/2157 1948/2166/2159
f 2059/2165/2158 1948/2166/2159 1947/2167/2160
f 1947/2167/2160 1948/2166/2159 1982/2168/2161
f 1947/2167/2160 1982/2168/2161 1983/2169/2162
f 1983/2169/2162 1982/2168/2161 1868/2170/2163
f 1983/2169/2162 1868/2170/2163 1867/2137/2130
f 1867/2137/2130 1868/2170/2163 1906/2139/2132
f 1566/1757/1751 2114/1759/1753 1565/2156/2149
f 1565/2156/2149 2114/1759/1753 2113/2171/2164
f 1565/2156/2149 2113/2171/2164 2112/2172/2165
f 2112/2172/2165 2113/2171/2164 2129/2173/2166
f 2112/2172/2165 2129/2173/2166 2130/2174/2167
f 2130/2174/2167 2129/2173/2166 2033/2175/2168
f 2130/2174/2167 2033/2175/2168 2032/2176/2169
f 2032/2176/2169 2033/2175/2168 2053/2177/2170
f 2032/2176/2169 2053/2177/2170 2054/2178/2171
f 2054/2178/2171 2053/2177/2170 1953/2179/2172
f 2054/2178/2171 1953/2179/2172 1952/2180/2173
f 1952/2180/2173 1953/2179/2172 1977/2181/2174
f 1952/2180/2173 1977/2181/2174 1978/2182/2175
f 1978/2182/2175 1977/2181/2174 1873/2183/2176
f 1978/2182/2175 1873/2183/2176 1872/2184/2177
f 1872/2184/2177 1873/2183/2176 1901/2185/2178
f 1872/2184/2177 1901/2185/2178 1902/2186/2179
f 1902/2186/2179 1901/2185/2178 1793/2187/2180
f 1902/2186/2179 1793/2187/2180 1792/2188/2181
f 1792/2188/2181 1793/2187/2180 1825/2189/2182
f 1792/2188/2181 1825/2189/2182 1826/2190/2183
f 1826/2190/2183 1825/2189/2182 1713/2191/2184
f 1826/2190/2183 1713/2191/2184 1712/2192/2185
f 1712/2192/2185 1713/2191/2184 1749/2193/2186
f 1712/2192/2185 1749/2193/2186 1750/2147/2140
f 1750/2147/2140 1749/2193/2186 1633/2149/2142
f 1567/2194/2187 2119/2195/2188 1566/1757/1751
f 1566/1757/1751 2119/2195/2188 2118/2196/2189
f 1566/1757/1751 2118/2196/2189 2117/1755/1749
f 2117/1755/1749 2118/2196/2189 2124/1753/1747
f 2119/2195/2188 1567/2194/2187 2120/2197/2190
f 2120/2197/2190 1567/2194/2187 1568/2198/2191
f 2120/2197/2190 1568/2198/2191 2121/2199/2192
f 2121/2199/2192 1568/2198/2191 2042/2200/2193
f 2121/2199/2192 2042/2200/2193 2041/2201/2194
f 2041/2201/2194 2042/2200/2193 2044/2202/2195
f 2041/2201/2194 2044/2202/2195 2045/2203/2196
f 2045/2203/2196 2044/2202/2195 1962/2204/2197
f 2045/2203/2196 1962/2204/2197 1961/1747/1741
f 1961/1747/1741 1962/2204/2197 1968/1745/1739
f 1568/2198/2191 1569/2205/2198 2042/2200/2193
f 2042/2200/2193 1569/2205/2198 2043/2206/2199
f 2042/2200/2193 2043/2206/2199 2044/2202/2195
f 2044/2202/2195 2043/2206/2199 1963/2207/2200
f 2044/2202/2195 1963/2207/2200 1962/2204/2197
f 1962/2204/2197 1963/2207/2200 1967/2208/2201
f 1962/2204/2197 1967/2208/2201 1968/1745/1739
f 1968/1745/1739 1967/2208/2201 1883/1743/1737
f 2043/2206/2199 1569/2205/2198 1964/2209/2202
f 1964/2209/2202 1569/2205/2198 1570/2210/2203
f 1964/2209/2202 1570/2210/2203 1965/2211/2204
f 1965/2211/2204 1570/2210/2203 1886/2212/2205
f 1965/2211/2204 1886/2212/2205 1885/2213/2206
f 1885/2213/2206 1886/2212/2205 1888/2214/2207
f 1885/2213/2206 1888/2214/2207 1889/2215/2208
f 1889/2215/2208 1888/2214/2207 1806/2216/2209
f 1889/2215/2208 1806/2216/2209 1805/1739/1733
f 1805/1739/1733 1806/2216/2209 1812/1737/1731
f 1570/2210/2203 1571/2217/2210 1886/2212/2205
f 1886/2212/2205 1571/2217/2210 1887/2218/2211
f 1886/2212/2205 1887/2218/2211 1888/2214/2207
f 1888/2214/2207 1887/2218/2211 1807/2219/2212
f 1888/2214/2207 1807/2219/2212 1806/2216/2209
f 1806/2216/2209 1807/2219/2212 1811/2220/2213
f 1806/2216/2209 1811/2220/2213 1812/1737/1731
f 1812/1737/1731 1811/2220/2213 1727/1735/1729
f 1887/2218/2211 1571/2217/2210 1808/2221/2214
f 1808/2221/2214 1571/2217/2210 1572/2222/2215
f 1808/2221/2214 1572/2222/2215 1809/2223/2216
f 1809/2223/2216 1572/2222/2215 1730/2224/2217
f 1809/2223/2216 1730/2224/2217 1729/2225/2218
f 1729/2225/2218 1730/2224/2217 1732/2226/2219
f 1729/2225/2218 1732/2226/2219 1733/2227/2220
f 1733/2227/2220 1732/2226/2219 1650/2228/2221
f 1733/2227/2220 1650/2228/2221 1649/1731/1725
f 1649/1731/1725 1650/2228/2221 1656/1729/1723
f 1572/2222/2215 1573/2229/2222 1730/2224/2217
f 1730/2224/2217 1573/2229/2222 1731/2230/2223
f 1730/2224/2217 1731/2230/2223 1732/2226/2219
f 1732/2226/2219 1731/2230/2223 1651/2231/2224
f 1732/2226/2219 1651/2231/2224 1650/2228/2221
f 1650/2228/2221 1651/2231/2224 1655/2232/2225
f 1650/2228/2221 1655/2232/2225 1656/1729/1723
f 1656/1729/1723 1655/2232/2225 1610/1727/1721
f 1731/2230/2223 1573/2229/2222 1652/2233/2226
f 1652/2233/2226 1573/2229/2222 1574/1719/1713
f 1652/2233/2226 1574/1719/1713 1653/2234/2227
f 1653/2234/2227 1574/1719/1713 1613/1721/1715
f 1653/2234/2227 1613/1721/1715 1612/1723/1717
f 1689/1948/1941 1576/1946/1939 1690/1940/1934
f 1690/1940/1934 1576/1946/1939 1575/1942/1936
f 1688/1949/1942 1578/2042/2035 1577/1947/1940
f 1581/2034/2027 1580/2036/2029 1685/2235/2228
f 1685/2235/2228 1580/2036/2029 1686/2038/2031
f 1685/2235/2228 1686/2038/2031 1620/2236/2229
f 1620/2236/2229 1686/2038/2031 1619/2040/2033
f 1620/2236/2229 1619/2040/2033 1763/2237/2230
f 1763/2237/2230 1619/2040/2033 1764/1953/1946
f 1763/2237/2230 1764/1953/1946 1698/1955/1948
f 1683/2027/2020 1583/2026/2019 1582/2032/2025
f 1582/2032/2025 1581/2034/2027 1684/2238/2231
f 1684/2238/2231 1581/2034/2027 1685/2235/2228
f 1684/2238/2231 1685/2235/2228 1621/2239/2232
f 1621/2239/2232 1685/2235/2228 1620/2236/2229
f 1621/2239/2232 1620/2236/2229 1762/2240/2233
f 1762/2240/2233 1620/2236/2229 1763/2237/2230
f 1762/2240/2233 1763/2237/2230 1699/2241/2234
f 1699/2241/2234 1763/2237/2230 1698/1955/1948
f 1699/2241/2234 1698/1955/1948 1840/1957/1950
f 1678/1988/1981 1588/1987/1980 1587/1998/1991
f 1587/1998/1991 1586/2000/1993 1679/2242/2235
f 1679/2242/2235 1586/2000/1993 1680/2002/1995
f 1679/2242/2235 1680/2002/1995 1626/2243/2236
f 1626/2243/2236 1680/2002/1995 1625/2004/1997
f 1626/2243/2236 1625/2004/1997 1757/2244/2237
f 1757/2244/2237 1625/2004/1997 1758/2006/1999
f 1757/2244/2237 1758/2006/1999 1704/2245/2238
f 1704/2245/2238 1758/2006/1999 1703/2008/2001
f 1704/2245/2238 1703/2008/2001 1835/2246/2239
f 1835/2246/2239 1703/2008/2001 1836/2010/2003
f 1835/2246/2239 1836/2010/2003 1782/2247/2240
f 1782/2247/2240 1836/2010/2003 1781/2012/2005
f 1782/2247/2240 1781/2012/2005 1913/2248/2241
f 1913/2248/2241 1781/2012/2005 1914/2014/2007
f 1913/2248/2241 1914/2014/2007 1860/2249/2242
f 1860/2249/2242 1914/2014/2007 1859/2016/2009
f 1860/2249/2242 1859/2016/2009 1991/2250/2243
f 1991/2250/2243 1859/2016/2009 1992/1965/1958
f 1991/2250/2243 1992/1965/1958 1938/1967/1960
f 1673/2150/2143 1593/1787/1781 1592/1881/1875
f 1592/1881/1875 1591/1883/1877 1674/2251/2244
f 1674/2251/2244 1591/1883/1877 1675/1885/1879
f 1674/2251/2244 1675/1885/1879 1631/2252/2245
f 1631/2252/2245 1675/1885/1879 1630/1887/1881
f 1631/2252/2245 1630/1887/1881 1752/2253/2246
f 1752/2253/2246 1630/1887/1881 1753/1889/1883
f 1752/2253/2246 1753/1889/1883 1709/2254/2247
f 1709/2254/2247 1753/1889/1883 1708/1891/1885
f 1709/2254/2247 1708/1891/1885 1830/2255/2248
f 1830/2255/2248 1708/1891/1885 1831/1893/1887
f 1830/2255/2248 1831/1893/1887 1787/2256/2249
f 1787/2256/2249 1831/1893/1887 1786/1895/1889
f 1787/2256/2249 1786/1895/1889 1908/2257/2250
f 1908/2257/2250 1786/1895/1889 1909/1897/1891
f 1908/2257/2250 1909/1897/1891 1865/2258/2251
f 1865/2258/2251 1909/1897/1891 1864/1899/1893
f 1865/2258/2251 1864/1899/1893 1986/2259/2252
f 1986/2259/2252 1864/1899/1893 1987/1901/1895
f 1986/2259/2252 1987/1901/1895 1943/2260/2253
f 1943/2260/2253 1987/1901/1895 1942/1903/1897
f 1943/2260/2253 1942/1903/1897 2064/2261/2254
f 2064/2261/2254 1942/1903/1897 2065/1905/1899
f 2064/2261/2254 2065/1905/1899 2021/2262/2255
f 2021/2262/2255 2065/1905/1899 2020/1907/1901
f 2021/2262/2255 2020/1907/1901 2142/2263/2256
f 2142/2263/2256 2020/1907/1901 2143/1909/1903
f 2142/2263/2256 2143/1909/1903 2099/2122/2115
f 2099/2122/2115 2143/1909/1903 2098/1911/1905
f 1594/1786/1780 1671/1784/1778 1595/1880/1874
f 1595/1880/1874 1671/1784/1778 1670/2264/2257
f 1595/1880/1874 1670/2264/2257 1596/1878/1872
f 1596/1878/1872 1670/2264/2257 1669/1876/1870
f 1596/1878/1872 1669/1876/1870 1597/1875/1869
f 1600/1863/1857 1599/1865/1859 1666/2265/2258
f 1666/2265/2258 1599/1865/1859 1667/1867/1861
f 1666/2265/2258 1667/1867/1861 1639/2266/2259
f 1639/2266/2259 1667/1867/1861 1638/1869/1863
f 1639/2266/2259 1638/1869/1863 1744/2267/2260
f 1744/2267/2260 1638/1869/1863 1745/1871/1865
f 1744/2267/2260 1745/1871/1865 1717/2268/2261
f 1717/2268/2261 1745/1871/1865 1716/1873/1867
f 1717/2268/2261 1716/1873/1867 1822/2269/2262
f 1822/2269/2262 1716/1873/1867 1823/1776/1770
f 1822/2269/2262 1823/1776/1770 1795/1774/1768
f 1664/1854/1848 1602/1853/1847 1601/1861/1855
f 1601/1861/1855 1600/1863/1857 1665/2270/2263
f 1665/2270/2263 1600/1863/1857 1666/2265/2258
f 1665/2270/2263 1666/2265/2258 1640/2271/2264
f 1640/2271/2264 1666/2265/2258 1639/2266/2259
f 1640/2271/2264 1639/2266/2259 1743/2272/2265
f 1743/2272/2265 1639/2266/2259 1744/2267/2260
f 1743/2272/2265 1744/2267/2260 1718/2273/2266
f 1718/2273/2266 1744/2267/2260 1717/2268/2261
f 1718/2273/2266 1717/2268/2261 1821/2274/2267
f 1821/2274/2267 1717/2268/2261 1822/2269/2262
f 1821/2274/2267 1822/2269/2262 1796/2275/2268
f 1796/2275/2268 1822/2269/2262 1795/1774/1768
f 1796/2275/2268 1795/1774/1768 1899/1772/1766
f 1659/1807/1801 1607/1806/1800 1606/1819/1813
f 1606/1819/1813 1605/1821/1815 1660/2276/2269
f 1660/2276/2269 1605/1821/1815 1661/1823/1817
f 1660/2276/2269 1661/1823/1817 1645/2277/2270
f 1645/2277/2270 1661/1823/1817 1644/1825/1819
f 1645/2277/2270 1644/1825/1819 1738/2278/2271
f 1738/2278/2271 1644/1825/1819 1739/1827/1821
f 1738/2278/2271 1739/1827/1821 1723/2279/2272
f 1723/2279/2272 1739/1827/1821 1722/1829/1823
f 1723/2279/2272 1722/1829/1823 1816/2280/2273
f 1816/2280/2273 1722/1829/1823 1817/1831/1825
f 1816/2280/2273 1817/1831/1825 1801/2281/2274
f 1801/2281/2274 1817/1831/1825 1800/1833/1827
f 1801/2281/2274 1800/1833/1827 1894/2282/2275
f 1894/2282/2275 1800/1833/1827 1895/1835/1829
f 1894/2282/2275 1895/1835/1829 1879/2283/2276
f 1879/2283/2276 1895/1835/1829 1878/1837/1831
f 1879/2283/2276 1878/1837/1831 1972/2284/2277
f 1972/2284/2277 1878/1837/1831 1973/1839/1833
f 1972/2284/2277 1973/1839/1833 1957/2285/2278
f 1957/2285/2278 1973/1839/1833 1956/1841/1835
f 1957/2285/2278 1956/1841/1835 2050/2286/2279
f 2050/2286/2279 1956/1841/1835 2051/1764/1758
f 2050/2286/2279 2051/1764/1758 2035/1762/1756
f 1610/1727/1721 1655/2232/2225 1611/1725/1719
f 1611/1725/1719 1655/2232/2225 1654/2287/2280
f 1611/1725/1719 1654/2287/2280 1612/1723/1717
f 1612/1723/1717 1654/2287/2280 1653/2234/2227
f 1691/1941/1935 1614/2043/2036 1615/1939/1933
f 1615/1939/1933 1614/2043/2036 1768/2288/2281
f 1615/1939/1933 1768/2288/2281 1767/1937/1931
f 1767/1937/1931 1768/2288/2281 1694/2289/2282
f 1767/1937/1931 1694/2289/2282 1695/1935/1929
f 1695/1935/1929 1694/2289/2282 1844/2290/2283
f 1695/1935/1929 1844/2290/2283 1843/1933/1927
f 1843/1933/1927 1844/2290/2283 1774/2291/2284
f 1843/1933/1927 1774/2291/2284 1775/1931/1925
f 1775/1931/1925 1774/2291/2284 1920/2292/2285
f 1775/1931/1925 1920/2292/2285 1919/1929/1923
f 1919/1929/1923 1920/2292/2285 1854/2293/2286
f 1919/1929/1923 1854/2293/2286 1855/1927/1921
f 1855/1927/1921 1854/2293/2286 1996/2294/2287
f 1855/1927/1921 1996/2294/2287 1995/1925/1919
f 1995/1925/1919 1996/2294/2287 1934/2295/2288
f 1995/1925/1919 1934/2295/2288 1935/1923/1917
f 1935/1923/1917 1934/2295/2288 2072/2296/2289
f 1935/1923/1917 2072/2296/2289 2071/1921/1915
f 2071/1921/1915 2072/2296/2289 2014/2297/2290
f 2071/1921/1915 2014/2297/2290 2015/1919/1913
f 2015/1919/1913 2014/2297/2290 2148/2298/2291
f 2015/1919/1913 2148/2298/2291 2147/1917/1911
f 2147/1917/1911 2148/2298/2291 2094/2069/2062
f 2147/1917/1911 2094/2069/2062 2095/1915/1909
f 1689/1948/1941 1690/1940/1934 1616/1938/1932
f 1689/1948/1941 1616/1938/1932 1617/1950/1943
f 1617/1950/1943 1616/1938/1932 1766/1936/1930
f 1617/1950/1943 1766/1936/1930 1765/1952/1945
f 1765/1952/1945 1766/1936/1930 1696/1934/1928
f 1765/1952/1945 1696/1934/1928 1697/1954/1947
f 1697/1954/1947 1696/1934/1928 1842/1932/1926
f 1697/1954/1947 1842/1932/1926 1841/1956/1949
f 1841/1956/1949 1842/1932/1926 1776/1930/1924
f 1841/1956/1949 1776/1930/1924 1777/1958/1951
f 1777/1958/1951 1776/1930/1924 1918/1928/1922
f 1777/1958/1951 1918/1928/1922 1917/1960/1953
f 1917/1960/1953 1918/1928/1922 1856/1926/1920
f 1917/1960/1953 1856/1926/1920 1857/1962/1955
f 1857/1962/1955 1856/1926/1920 1994/1924/1918
f 1857/1962/1955 1994/1924/1918 1993/1964/1957
f 1993/1964/1957 1994/1924/1918 1936/1922/1916
f 1993/1964/1957 1936/1922/1916 1937/1966/1959
f 1937/1966/1959 1936/1922/1916 2070/1920/1914
f 1937/1966/1959 2070/1920/1914 2069/1968/1961
f 2069/1968/1961 2070/1920/1914 2016/1918/1912
f 2069/1968/1961 2016/1918/1912 2017/1970/1963
f 2017/1970/1963 2016/1918/1912 2146/1916/1910
f 2017/1970/1963 2146/1916/1910 2145/1972/1965
f 2145/1972/1965 2146/1916/1910 2096/1914/1908
f 2145/1972/1965 2096/1914/1908 2097/1912/1906
f 1621/2239/2232 1622/2028/2021 1684/2238/2231
f 1684/2238/2231 1622/2028/2021 1683/2027/2020
f 1684/2238/2231 1683/2027/2020 1582/2032/2025
f 1622/2028/2021 1621/2239/2232 1761/2029/2022
f 1761/2029/2022 1621/2239/2232 1762/2240/2233
f 1761/2029/2022 1762/2240/2233 1700/2030/2023
f 1700/2030/2023 1762/2240/2233 1699/2241/2234
f 1700/2030/2023 1699/2241/2234 1839/2031/2024
f 1839/2031/2024 1699/2241/2234 1840/1957/1950
f 1839/2031/2024 1840/1957/1950 1778/1959/1952
f 1626/2243/2236 1627/1989/1982 1679/2242/2235
f 1679/2242/2235 1627/1989/1982 1678/1988/1981
f 1679/2242/2235 1678/1988/1981 1587/1998/1991
f 1627/1989/1982 1626/2243/2236 1756/1990/1983
f 1756/1990/1983 1626/2243/2236 1757/2244/2237
f 1756/1990/1983 1757/2244/2237 1705/1991/1984
f 1705/1991/1984 1757/2244/2237 1704/2245/2238
f 1705/1991/1984 1704/2245/2238 1834/1992/1985
f 1834/1992/1985 1704/2245/2238 1835/2246/2239
f 1834/1992/1985 1835/2246/2239 1783/1993/1986
f 1783/1993/1986 1835/2246/2239 1782/2247/2240
f 1783/1993/1986 1782/2247/2240 1912/1994/1987
f 1912/1994/1987 1782/2247/2240 1913/2248/2241
f 1912/1994/1987 1913/2248/2241 1861/1995/1988
f 1861/1995/1988 1913/2248/2241 1860/2249/2242
f 1861/1995/1988 1860/2249/2242 1990/1996/1989
f 1990/1996/1989 1860/2249/2242 1991/2250/2243
f 1990/1996/1989 1991/2250/2243 1939/1997/1990
f 1939/1997/1990 1991/2250/2243 1938/1967/1960
f 1939/1997/1990 1938/1967/1960 2068/1969/1962
f 1631/2252/2245 1632/2148/2141 1674/2251/2244
f 1674/2251/2244 1632/2148/2141 1673/2150/2143
f 1674/2251/2244 1673/2150/2143 1592/1881/1875
f 1632/2148/2141 1631/2252/2245 1751/2146/2139
f 1751/2146/2139 1631/2252/2245 1752/2253/2246
f 1751/2146/2139 1752/2253/2246 1710/2144/2137
f 1710/2144/2137 1752/2253/2246 1709/2254/2247
f 1710/2144/2137 1709/2254/2247 1829/2142/2135
f 1829/2142/2135 1709/2254/2247 1830/2255/2248
f 1829/2142/2135 1830/2255/2248 1788/2140/2133
f 1788/2140/2133 1830/2255/2248 1787/2256/2249
f 1788/2140/2133 1787/2256/2249 1907/2138/2131
f 1907/2138/2131 1787/2256/2249 1908/2257/2250
f 1907/2138/2131 1908/2257/2250 1866/2136/2129
f 1866/2136/2129 1908/2257/2250 1865/2258/2251
f 1866/2136/2129 1865/2258/2251 1985/2134/2127
f 1985/2134/2127 1865/2258/2251 1986/2259/2252
f 1985/2134/2127 1986/2259/2252 1944/2132/2125
f 1944/2132/2125 1986/2259/2252 1943/2260/2253
f 1944/2132/2125 1943/2260/2253 2063/2130/2123
f 2063/2130/2123 1943/2260/2253 2064/2261/2254
f 2063/2130/2123 2064/2261/2254 2022/2128/2121
f 2022/2128/2121 2064/2261/2254 2021/2262/2255
f 2022/2128/2121 2021/2262/2255 2141/2126/2119
f 2141/2126/2119 2021/2262/2255 2142/2263/2256
f 2141/2126/2119 2142/2263/2256 2100/2124/2117
f 2100/2124/2117 2142/2263/2256 2099/2122/2115
f 1672/1785/1779 1633/2149/2142 1634/1783/1777
f 1634/1783/1777 1633/2149/2142 1749/2193/2186
f 1634/1783/1777 1749/2193/2186 1748/1781/1775
f 1748/1781/1775 1749/2193/2186 1713/2191/2184
f 1748/1781/1775 1713/2191/2184 1714/1779/1773
f 1714/1779/1773 1713/2191/2184 1825/2189/2182
f 1714/1779/1773 1825/2189/2182 1824/1777/1771
f 1824/1777/1771 1825/2189/2182 1793/2187/2180
f 1824/1777/1771 1793/2187/2180 1794/1775/1769
f 1794/1775/1769 1793/2187/2180 1901/2185/2178
f 1794/1775/1769 1901/2185/2178 1900/1773/1767
f 1900/1773/1767 1901/2185/2178 1873/2183/2176
f 1900/1773/1767 1873/2183/2176 1874/1771/1765
f 1874/1771/1765 1873/2183/2176 1977/2181/2174
f 1874/1771/1765 1977/2181/2174 1976/1769/1763
f 1976/1769/1763 1977/2181/2174 1953/2179/2172
f 1976/1769/1763 1953/2179/2172 1954/1767/1761
f 1954/1767/1761 1953/2179/2172 2053/2177/2170
f 1954/1767/1761 2053/2177/2170 2052/1765/1759
f 2052/1765/1759 2053/2177/2170 2033/2175/2168
f 2052/1765/1759 2033/2175/2168 2034/1763/1757
f 2034/1763/1757 2033/2175/2168 2129/2173/2166
f 2034/1763/1757 2129/2173/2166 2128/1761/1755
f 2128/1761/1755 2129/2173/2166 2113/2171/2164
f 2128/1761/1755 2113/2171/2164 2114/1759/1753
f 1670/2264/2257 1671/1784/1778 1635/1782/1776
f 1669/1876/1870 1670/2264/2257 1636/1877/1871
f 1636/1877/1871 1670/2264/2257 1635/1782/1776
f 1636/1877/1871 1635/1782/1776 1747/1780/1774
f 1640/2271/2264 1641/1855/1849 1665/2270/2263
f 1665/2270/2263 1641/1855/1849 1664/1854/1848
f 1665/2270/2263 1664/1854/1848 1601/1861/1855
f 1641/1855/1849 1640/2271/2264 1742/1856/1850
f 1742/1856/1850 1640/2271/2264 1743/2272/2265
f 1742/1856/1850 1743/2272/2265 1719/1857/1851
f 1719/1857/1851 1743/2272/2265 1718/2273/2266
f 1719/1857/1851 1718/2273/2266 1820/1858/1852
f 1820/1858/1852 1718/2273/2266 1821/2274/2267
f 1820/1858/1852 1821/2274/2267 1797/1859/1853
f 1797/1859/1853 1821/2274/2267 1796/2275/2268
f 1797/1859/1853 1796/2275/2268 1898/1860/1854
f 1898/1860/1854 1796/2275/2268 1899/1772/1766
f 1898/1860/1854 1899/1772/1766 1875/1770/1764
f 1645/2277/2270 1646/1808/1802 1660/2276/2269
f 1660/2276/2269 1646/1808/1802 1659/1807/1801
f 1660/2276/2269 1659/1807/1801 1606/1819/1813
f 1646/1808/1802 1645/2277/2270 1737/1809/1803
f 1737/1809/1803 1645/2277/2270 1738/2278/2271
f 1737/1809/1803 1738/2278/2271 1724/1810/1804
f 1724/1810/1804 1738/2278/2271 1723/2279/2272
f 1724/1810/1804 1723/2279/2272 1815/1811/1805
f 1815/1811/1805 1723/2279/2272 1816/2280/2273
f 1815/1811/1805 1816/2280/2273 1802/1812/1806
f 1802/1812/1806 1816/2280/2273 1801/2281/2274
f 1802/1812/1806 1801/2281/2274 1893/1813/1807
f 1893/1813/1807 1801/2281/2274 1894/2282/2275
f 1893/1813/1807 1894/2282/2275 1880/1814/1808
f 1880/1814/1808 1894/2282/2275 1879/2283/2276
f 1880/1814/1808 1879/2283/2276 1971/1815/1809
f 1971/1815/1809 1879/2283/2276 1972/2284/2277
f 1971/1815/1809 1972/2284/2277 1958/1816/1810
f 1958/1816/1810 1972/2284/2277 1957/2285/2278
f 1958/1816/1810 1957/2285/2278 2049/1817/1811
f 2049/1817/1811 1957/2285/2278 2050/2286/2279
f 2049/1817/1811 2050/2286/2279 2036/1818/1812
f 2036/1818/1812 2050/2286/2279 2035/1762/1756
f 2036/1818/1812 2035/1762/1756 2127/1760/1754
f 1733/2227/2220 1649/1731/1725 1734/1733/1727
f 1654/2287/2280 1655/2232/2225 1651/2231/2224
f 1653/2234/2227 1654/2287/2280 1652/2233/2226
f 1652/2233/2226 1654/2287/2280 1651/2231/2224
f 1652/2233/2226 1651/2231/2224 1731/2230/2223
f 1769/2045/2038 1693/2047/2040 1768/2288/2281
f 1768/2288/2281 1693/2047/2040 1694/2289/2282
f 1844/2290/2283 1694/2289/2282 1845/2049/2042
f 1845/2049/2042 1694/2289/2282 1693/2047/2040
f 1750/2147/2140 1711/2145/2138 1712/2192/2185
f 1712/2192/2185 1711/2145/2138 1827/2299/2292
f 1712/2192/2185 1827/2299/2292 1826/2190/2183
f 1826/2190/2183 1827/2299/2292 1791/2300/2293
f 1826/2190/2183 1791/2300/2293 1792/2188/2181
f 1792/2188/2181 1791/2300/2293 1903/2301/2294
f 1792/2188/2181 1903/2301/2294 1902/2186/2179
f 1902/2186/2179 1903/2301/2294 1871/2302/2295
f 1902/2186/2179 1871/2302/2295 1872/2184/2177
f 1872/2184/2177 1871/2302/2295 1979/2303/2296
f 1872/2184/2177 1979/2303/2296 1978/2182/2175
f 1978/2182/2175 1979/2303/2296 1951/2304/2297
f 1978/2182/2175 1951/2304/2297 1952/2180/2173
f 1952/2180/2173 1951/2304/2297 2055/2305/2298
f 1952/2180/2173 2055/2305/2298 2054/2178/2171
f 2054/2178/2171 2055/2305/2298 2031/2306/2299
f 2054/2178/2171 2031/2306/2299 2032/2176/2169
f 2032/2176/2169 2031/2306/2299 2131/2307/2300
f 2032/2176/2169 2131/2307/2300 2130/2174/2167
f 2130/2174/2167 2131/2307/2300 2111/2308/2301
f 2130/2174/2167 2111/2308/2301 2112/2172/2165
f 2112/2172/2165 2111/2308/2301 1565/2156/2149
f 1827/2299/2292 1711/2145/2138 1828/2143/2136
f 1733/2227/2220 1734/1733/1727 1728/2309/2302
f 1728/2309/2302 1734/1733/1727 1727/1735/1729
f 1728/2309/2302 1727/1735/1729 1811/2220/2213
f 1733/2227/2220 1728/2309/2302 1729/2225/2218
f 1729/2225/2218 1728/2309/2302 1810/2310/2303
f 1729/2225/2218 1810/2310/2303 1809/2223/2216
f 1809/2223/2216 1810/2310/2303 1808/2221/2214
f 1810/2310/2303 1728/2309/2302 1811/2220/2213
f 1614/2043/2036 1769/2045/2038 1768/2288/2281
f 1847/2071/2064 1770/2081/2074 1771/2072/2065
f 1771/2072/2065 1770/2081/2074 1924/2311/2304
f 1771/2072/2065 1924/2311/2304 1923/2073/2066
f 1923/2073/2066 1924/2311/2304 1850/2312/2305
f 1923/2073/2066 1850/2312/2305 1851/2074/2067
f 1851/2074/2067 1850/2312/2305 2000/2313/2306
f 1851/2074/2067 2000/2313/2306 1999/2075/2068
f 1999/2075/2068 2000/2313/2306 1930/2314/2307
f 1999/2075/2068 1930/2314/2307 1931/2076/2069
f 1931/2076/2069 1930/2314/2307 2076/2315/2308
f 1931/2076/2069 2076/2315/2308 2075/2077/2070
f 2075/2077/2070 2076/2315/2308 2010/2316/2309
f 2075/2077/2070 2010/2316/2309 2011/2078/2071
f 2011/2078/2071 2010/2316/2309 2152/2317/2310
f 2011/2078/2071 2152/2317/2310 2151/2079/2072
f 2151/2079/2072 2152/2317/2310 2090/2099/2092
f 2151/2079/2072 2090/2099/2092 2091/2080/2073
f 1844/2290/2283 1845/2049/2042 1773/2051/2044
f 1844/2290/2283 1773/2051/2044 1774/2291/2284
f 1774/2291/2284 1773/2051/2044 1921/2053/2046
f 1774/2291/2284 1921/2053/2046 1920/2292/2285
f 1920/2292/2285 1921/2053/2046 1853/2055/2048
f 1920/2292/2285 1853/2055/2048 1854/2293/2286
f 1854/2293/2286 1853/2055/2048 1997/2057/2050
f 1854/2293/2286 1997/2057/2050 1996/2294/2287
f 1996/2294/2287 1997/2057/2050 1933/2059/2052
f 1996/2294/2287 1933/2059/2052 1934/2295/2288
f 1934/2295/2288 1933/2059/2052 2073/2061/2054
f 1934/2295/2288 2073/2061/2054 2072/2296/2289
f 2072/2296/2289 2073/2061/2054 2013/2063/2056
f 2072/2296/2289 2013/2063/2056 2014/2297/2290
f 2014/2297/2290 2013/2063/2056 2149/2065/2058
f 2014/2297/2290 2149/2065/2058 2148/2298/2291
f 2148/2298/2291 2149/2065/2058 2093/2067/2060
f 2148/2298/2291 2093/2067/2060 2094/2069/2062
f 1827/2299/2292 1828/2143/2136 1790/2318/2311
f 1790/2318/2311 1828/2143/2136 1789/2141/2134
f 1790/2318/2311 1789/2141/2134 1905/2319/2312
f 1905/2319/2312 1789/2141/2134 1906/2139/2132
f 1905/2319/2312 1906/2139/2132 1868/2170/2163
f 1827/2299/2292 1790/2318/2311 1791/2300/2293
f 1791/2300/2293 1790/2318/2311 1904/2320/2313
f 1791/2300/2293 1904/2320/2313 1903/2301/2294
f 1903/2301/2294 1904/2320/2313 1870/2321/2314
f 1903/2301/2294 1870/2321/2314 1871/2302/2295
f 1871/2302/2295 1870/2321/2314 1980/2322/2315
f 1871/2302/2295 1980/2322/2315 1979/2303/2296
f 1979/2303/2296 1980/2322/2315 1950/2323/2316
f 1979/2303/2296 1950/2323/2316 1951/2304/2297
f 1951/2304/2297 1950/2323/2316 2056/2324/2317
f 1951/2304/2297 2056/2324/2317 2055/2305/2298
f 2055/2305/2298 2056/2324/2317 2030/2325/2318
f 2055/2305/2298 2030/2325/2318 2031/2306/2299
f 2031/2306/2299 2030/2325/2318 2132/2326/2319
f 2031/2306/2299 2132/2326/2319 2131/2307/2300
f 2131/2307/2300 2132/2326/2319 2110/2327/2320
f 2131/2307/2300 2110/2327/2320 2111/2308/2301
f 2111/2308/2301 2110/2327/2320 1565/2156/2149
f 1904/2320/2313 1790/2318/2311 1905/2319/2312
f 1889/2215/2208 1805/1739/1733 1890/1741/1735
f 1810/2310/2303 1811/2220/2213 1807/2219/2212
f 1887/2218/2211 1808/2221/2214 1807/2219/2212
f 1807/2219/2212 1808/2221/2214 1810/2310/2303
f 1925/2083/2076 1849/2085/2078 1924/2311/2304
f 1924/2311/2304 1849/2085/2078 1850/2312/2305
f 2000/2313/2306 1850/2312/2305 2001/2087/2080
f 2001/2087/2080 1850/2312/2305 1849/2085/2078
f 1983/2169/2162 1867/2137/2130 1984/2135/2128
f 1904/2320/2313 1905/2319/2312 1869/2328/2321
f 1869/2328/2321 1905/2319/2312 1868/2170/2163
f 1869/2328/2321 1868/2170/2163 1982/2168/2161
f 1904/2320/2313 1869/2328/2321 1870/2321/2314
f 1870/2321/2314 1869/2328/2321 1981/2329/2322
f 1870/2321/2314 1981/2329/2322 1980/2322/2315
f 1980/2322/2315 1981/2329/2322 1949/2330/2323
f 1980/2322/2315 1949/2330/2323 1950/2323/2316
f 1950/2323/2316 1949/2330/2323 2057/2331/2324
f 1950/2323/2316 2057/2331/2324 2056/2324/2317
f 2056/2324/2317 2057/2331/2324 2029/2332/2325
f 2056/2324/2317 2029/2332/2325 2030/2325/2318
f 2030/2325/2318 2029/2332/2325 2133/2333/2326
f 2030/2325/2318 2133/2333/2326 2132/2326/2319
f 2132/2326/2319 2133/2333/2326 2109/2157/2150
f 2132/2326/2319 2109/2157/2150 2110/2327/2320
f 2110/2327/2320 2109/2157/2150 1565/2156/2149
f 1981/2329/2322 1869/2328/2321 1982/2168/2161
f 1889/2215/2208 1890/1741/1735 1884/2334/2327
f 1884/2334/2327 1890/1741/1735 1883/1743/1737
f 1884/2334/2327 1883/1743/1737 1967/2208/2201
f 1889/2215/2208 1884/2334/2327 1885/2213/2206
f 1885/2213/2206 1884/2334/2327 1966/2335/2328
f 1885/2213/2206 1966/2335/2328 1965/2211/2204
f 1965/2211/2204 1966/2335/2328 1964/2209/2202
f 1966/2335/2328 1884/2334/2327 1967/2208/2201
f 1770/2081/2074 1925/2083/2076 1924/2311/2304
f 2003/2101/2094 1926/2107/2100 1927/2102/2095
f 1927/2102/2095 1926/2107/2100 2080/2336/2329
f 1927/2102/2095 2080/2336/2329 2079/2103/2096
f 2079/2103/2096 2080/2336/2329 2006/2337/2330
f 2079/2103/2096 2006/2337/2330 2007/2104/2097
f 2007/2104/2097 2006/2337/2330 2156/2338/2331
f 2007/2104/2097 2156/2338/2331 2155/2105/2098
f 2155/2105/2098 2156/2338/2331 2086/2116/2109
f 2000/2313/2306 2001/2087/2080 1929/2089/2082
f 2000/2313/2306 1929/2089/2082 1930/2314/2307
f 1930/2314/2307 1929/2089/2082 2077/2091/2084
f 1930/2314/2307 2077/2091/2084 2076/2315/2308
f 2076/2315/2308 2077/2091/2084 2009/2093/2086
f 2076/2315/2308 2009/2093/2086 2010/2316/2309
f 2010/2316/2309 2009/2093/2086 2153/2095/2088
f 2010/2316/2309 2153/2095/2088 2152/2317/2310
f 2152/2317/2310 2153/2095/2088 2089/2097/2090
f 2152/2317/2310 2089/2097/2090 2090/2099/2092
f 1983/2169/2162 1984/2135/2128 1946/2339/2332
f 1946/2339/2332 1984/2135/2128 1945/2133/2126
f 1946/2339/2332 1945/2133/2126 2061/2340/2333
f 2061/2340/2333 1945/2133/2126 2062/2131/2124
f 2061/2340/2333 2062/2131/2124 2024/2341/2334
f 2024/2341/2334 2062/2131/2124 2023/2129/2122
f 2024/2341/2334 2023/2129/2122 2139/2155/2148
f 1983/2169/2162 1946/2339/2332 1947/2167/2160
f 1947/2167/2160 1946/2339/2332 2060/2342/2335
f 1947/2167/2160 2060/2342/2335 2059/2165/2158
f 2059/2165/2158 2060/2342/2335 2026/2343/2336
f 2059/2165/2158 2026/2343/2336 2027/2163/2156
f 2027/2163/2156 2026/2343/2336 2136/2344/2337
f 2027/2163/2156 2136/2344/2337 2135/2161/2154
f 2135/2161/2154 2136/2344/2337 2106/2345/2338
f 2135/2161/2154 2106/2345/2338 2107/2159/2152
f 2107/2159/2152 2106/2345/2338 1564/2151/2144
f 2060/2342/2335 1946/2339/2332 2061/2340/2333
f 1981/2329/2322 1982/2168/2161 1948/2166/2159
f 1981/2329/2322 1948/2166/2159 1949/2330/2323
f 1949/2330/2323 1948/2166/2159 2058/2164/2157
f 1949/2330/2323 2058/2164/2157 2057/2331/2324
f 2057/2331/2324 2058/2164/2157 2028/2162/2155
f 2057/2331/2324 2028/2162/2155 2029/2332/2325
f 2029/2332/2325 2028/2162/2155 2134/2160/2153
f 2029/2332/2325 2134/2160/2153 2133/2333/2326
f 2133/2333/2326 2134/2160/2153 2108/2158/2151
f 2133/2333/2326 2108/2158/2151 2109/2157/2150
f 2045/2203/2196 1961/1747/1741 2046/1749/1743
f 1966/2335/2328 1967/2208/2201 1963/2207/2200
f 2043/2206/2199 1964/2209/2202 1963/2207/2200
f 1963/2207/2200 1964/2209/2202 1966/2335/2328
f 2081/2109/2102 2005/2111/2104 2080/2336/2329
f 2080/2336/2329 2005/2111/2104 2006/2337/2330
f 2156/2338/2331 2006/2337/2330 2157/2113/2106
f 2157/2113/2106 2006/2337/2330 2005/2111/2104
f 2060/2342/2335 2061/2340/2333 2025/2346/2339
f 2025/2346/2339 2061/2340/2333 2024/2341/2334
f 2025/2346/2339 2024/2341/2334 2138/2347/2340
f 2138/2347/2340 2024/2341/2334 2139/2155/2148
f 2138/2347/2340 2139/2155/2148 2103/2153/2146
f 2060/2342/2335 2025/2346/2339 2026/2343/2336
f 2026/2343/2336 2025/2346/2339 2137/2348/2341
f 2026/2343/2336 2137/2348/2341 2136/2344/2337
f 2136/2344/2337 2137/2348/2341 2105/2349/2342
f 2136/2344/2337 2105/2349/2342 2106/2345/2338
f 2106/2345/2338 2105/2349/2342 1564/2151/2144
f 2137/2348/2341 2025/2346/2339 2138/2347/2340
f 2045/2203/2196 2046/1749/1743 2040/2350/2343
f 2040/2350/2343 2046/1749/1743 2039/1751/1745
f 2040/2350/2343 2039/1751/1745 2123/2351/2344
f 2123/2351/2344 2039/1751/1745 2124/1753/1747
f 2123/2351/2344 2124/1753/1747 2118/2196/2189
f 2045/2203/2196 2040/2350/2343 2041/2201/2194
f 2041/2201/2194 2040/2350/2343 2122/2352/2345
f 2041/2201/2194 2122/2352/2345 2121/2199/2192
f 2121/2199/2192 2122/2352/2345 2120/2197/2190
f 2122/2352/2345 2040/2350/2343 2123/2351/2344
f 1926/2107/2100 2081/2109/2102 2080/2336/2329
f 2082/2121/2114 2083/2119/2112 2159/2118/2111
f 2156/2338/2331 2157/2113/2106 2085/2115/2108
f 2085/2115/2108 2086/2116/2109 2156/2338/2331
f 1563/2123/2116 2102/2154/2147 2101/2125/2118
f 2101/2125/2118 2102/2154/2147 2140/2127/2120
f 2137/2348/2341 2138/2347/2340 2104/2152/2145
f 2104/2152/2145 2138/2347/2340 2103/2153/2146
f 1564/2151/2144 2105/2349/2342 2104/2152/2145
f 2104/2152/2145 2105/2349/2342 2137/2348/2341
f 2122/2352/2345 2123/2351/2344 2119/2195/2188
f 2119/2195/2188 2123/2351/2344 2118/2196/2189
f 2119/2195/2188 2120/2197/2190 2122/2352/2345
f 2160/2353/2346 2225/2354/2347 368/2355/738
f 368/2355/738 2225/2354/2347 2187/2356/2348
f 368/2355/738 2187/2356/2348 369/2357/2349
f 369/2357/2349 2187/2356/2348 2611/2358/2350
f 369/2357/2349 2611/2358/2350 2261/2359/2351
f 2261/2359/2351 2611/2358/2350 2612/2360/2352
f 2261/2359/2351 2612/2360/2352 2262/2361/2353
f 2262/2361/2353 2612/2360/2352 2613/2362/2354
f 2262/2361/2353 2613/2362/2354 2263/2363/2355
f 2263/2363/2355 2613/2362/2354 2614/2364/2356
f 2263/2363/2355 2614/2364/2356 2264/2365/2357
f 2264/2365/2357 2614/2364/2356 2615/2366/2358
f 2264/2365/2357 2615/2366/2358 2265/2367/2359
f 2265/2367/2359 2615/2366/2358 2616/2368/2360
f 2265/2367/2359 2616/2368/2360 2266/2369/2361
f 2266/2369/2361 2616/2368/2360 2617/2370/2362
f 2266/2369/2361 2617/2370/2362 2267/2371/2363
f 2267/2371/2363 2617/2370/2362 2618/2372/2364
f 2267/2371/2363 2618/2372/2364 2268/2373/2365
f 2268/2373/2365 2618/2372/2364 2619/2374/2366
f 2268/2373/2365 2619/2374/2366 2269/2375/2367
f 2269/2375/2367 2619/2374/2366 2620/2376/2368
f 2269/2375/2367 2620/2376/2368 2270/2377/2369
f 2270/2377/2369 2620/2376/2368 2621/2378/2370
f 2270/2377/2369 2621/2378/2370 2271/2379/2371
f 2271/2379/2371 2621/2378/2370 2622/2380/2372
f 2271/2379/2371 2622/2380/2372 2272/2381/2373
f 2272/2381/2373 2622/2380/2372 2623/2382/2374
f 2272/2381/2373 2623/2382/2374 2273/2383/2375
f 2273/2383/2375 2623/2382/2374 2624/2384/2376
f 2273/2383/2375 2624/2384/2376 2274/2385/2377
f 2274/2385/2377 2624/2384/2376 2625/2386/2378
f 2274/2385/2377 2625/2386/2378 2275/2387/2379
f 2275/2387/2379 2625/2386/2378 2626/2388/2380
f 2275/2387/2379 2626/2388/2380 2276/2389/2381
f 2276/2389/2381 2626/2388/2380 2627/2390/2382
f 2276/2389/2381 2627/2390/2382 2277/2391/2383
f 2277/2391/2383 2627/2390/2382 2628/2392/2384
f 2277/2391/2383 2628/2392/2384 2278/2393/2385
f 2278/2393/2385 2628/2392/2384 2629/2394/2386
f 2278/2393/2385 2629/2394/2386 2279/2395/2387
f 2279/2395/2387 2629/2394/2386 2630/2396/2388
f 2279/2395/2387 2630/2396/2388 2280/2397/2389
f 2280/2397/2389 2630/2396/2388 2631/2398/2390
f 2280/2397/2389 2631/2398/2390 2281/2399/2391
f 2281/2399/2391 2631/2398/2390 2632/2400/2392
f 2281/2399/2391 2632/2400/2392 2282/2401/2393
f 2282/2401/2393 2632/2400/2392 2633/2402/2394
f 2282/2401/2393 2633/2402/2394 2283/2403/2395
f 2283/2403/2395 2633/2402/2394 2634/2404/2396
f 2283/2403/2395 2634/2404/2396 2284/2405/2397
f 2284/2405/2397 2634/2404/2396 2635/2406/2398
f 2284/2405/2397 2635/2406/2398 2285/2407/2399
f 2285/2407/2399 2635/2406/2398 2636/2408/2400
f 2285/2407/2399 2636/2408/2400 2286/2409/2401
f 2286/2409/2401 2636/2408/2400 2637/2410/2402
f 2286/2409/2401 2637/2410/2402 2287/2411/2403
f 2287/2411/2403 2637/2410/2402 2638/2412/2404
f 2287/2411/2403 2638/2412/2404 2288/2413/2405
f 2288/2413/2405 2638/2412/2404 2639/2414/2406
f 2288/2413/2405 2639/2414/2406 2289/2415/2407
f 2289/2415/2407 2639/2414/2406 2640/2416/2408
f 2289/2415/2407 2640/2416/2408 2290/2417/2409
f 2290/2417/2409 2640/2416/2408 2641/2418/2410
f 2290/2417/2409 2641/2418/2410 2291/2419/2411
f 2291/2419/2411 2641/2418/2410 2642/2420/2412
f 2291/2419/2411 2642/2420/2412 2292/2421/2413
f 2292/2421/2413 2642/2420/2412 2643/2422/2414
f 2292/2421/2413 2643/2422/2414 2293/2423/2415
f 2293/2423/2415 2643/2422/2414 2644/2424/2416
f 2293/2423/2415 2644/2424/2416 2294/2425/2417
f 2294/2425/2417 2644/2424/2416 2645/2426/2418
f 2294/2425/2417 2645/2426/2418 2295/2427/2419
f 2295/2427/2419 2645/2426/2418 1574/2428/2420
f 2295/2427/2419 1574/2428/2420 2226/2429/2421
f 2226/2429/2421 1574/2428/2420 1573/2430/2422
f 2226/2429/2421 1573/2430/2422 2190/2431/2423
f 2190/2431/2423 1573/2430/2422 2610/2432/2424
f 2190/2431/2423 2610/2432/2424 2609/2433/2425
f 2609/2433/2425 2610/2432/2424 2364/2434/2426
f 2609/2433/2425 2364/2434/2426 2363/2435/2427
f 2363/2435/2427 2364/2434/2426 2298/2436/2428
f 2363/2435/2427 2298/2436/2428 2299/2437/2429
f 2299/2437/2429 2298/2436/2428 2432/2438/2430
f 2299/2437/2429 2432/2438/2430 2431/2439/2431
f 2431/2439/2431 2432/2438/2430 2370/2440/2432
f 2431/2439/2431 2370/2440/2432 2371/2441/2433
f 2371/2441/2433 2370/2440/2432 2500/2442/2434
f 2371/2441/2433 2500/2442/2434 2499/2443/2435
f 2499/2443/2435 2500/2442/2434 2442/2444/2436
f 2499/2443/2435 2442/2444/2436 2443/2445/2437
f 2443/2445/2437 2442/2444/2436 2513/2446/2438
f 2443/2445/2437 2513/2446/2438 2514/2447/2439
f 2514/2447/2439 2513/2446/2438 2549/2448/2440
f 2514/2447/2439 2549/2448/2440 2550/2449/2441
f 2550/2449/2441 2549/2448/2440 2182/2450/2442
f 2550/2449/2441 2182/2450/2442 2551/2451/2443
f 2551/2451/2443 2182/2450/2442 2552/2452/2444
f 2551/2451/2443 2552/2452/2444 2516/2453/2445
f 2516/2453/2445 2552/2452/2444 2517/2454/2446
f 2516/2453/2445 2517/2454/2446 2446/2455/2447
f 2446/2455/2447 2517/2454/2446 2447/2456/2448
f 2446/2455/2447 2447/2456/2448 2495/2457/2449
f 2495/2457/2449 2447/2456/2448 2494/2458/2450
f 2495/2457/2449 2494/2458/2450 2376/2459/2451
f 2376/2459/2451 2494/2458/2450 2377/2460/2452
f 2376/2459/2451 2377/2460/2452 2425/2461/2453
f 2425/2461/2453 2377/2460/2452 2424/2462/2454
f 2425/2461/2453 2424/2462/2454 2306/2463/2455
f 2306/2463/2455 2424/2462/2454 2307/2464/2456
f 2306/2463/2455 2307/2464/2456 2355/2465/2457
f 2355/2465/2457 2307/2464/2456 2354/2466/2458
f 2355/2465/2457 2354/2466/2458 2600/2467/2459
f 2600/2467/2459 2354/2466/2458 2599/2468/2460
f 2600/2467/2459 2599/2468/2460 2688/2469/2461
f 2688/2469/2461 2599/2468/2460 2689/2470/2462
f 2688/2469/2461 2689/2470/2462 2236/2471/2463
f 2236/2471/2463 2689/2470/2462 2237/2472/2464
f 2236/2471/2463 2237/2472/2464 2285/2407/2399
f 2285/2407/2399 2237/2472/2464 2284/2405/2397
f 2225/2354/2347 2160/2353/2346 2224/2473/2465
f 2224/2473/2465 2160/2353/2346 2161/2474/2466
f 2224/2473/2465 2161/2474/2466 2223/2475/2467
f 2223/2475/2467 2161/2474/2466 2222/2476/2468
f 2223/2475/2467 2222/2476/2468 2677/2477/2469
f 2677/2477/2469 2222/2476/2468 2676/2478/2470
f 2677/2477/2469 2676/2478/2470 2613/2362/2354
f 2613/2362/2354 2676/2478/2470 2614/2364/2356
f 2161/2474/2466 2162/2479/2471 2222/2476/2468
f 2222/2476/2468 2162/2479/2471 2221/2480/2472
f 2222/2476/2468 2221/2480/2472 2676/2478/2470
f 2676/2478/2470 2221/2480/2472 2675/2481/2473
f 2676/2478/2470 2675/2481/2473 2614/2364/2356
f 2614/2364/2356 2675/2481/2473 2615/2366/2358
f 2221/2480/2472 2162/2479/2471 2220/2482/2474
f 2220/2482/2474 2162/2479/2471 2163/2483/2475
f 2220/2482/2474 2163/2483/2475 2219/2484/2476
f 2219/2484/2476 2163/2483/2475 2218/2485/2477
f 2219/2484/2476 2218/2485/2477 2673/2486/2478
f 2673/2486/2478 2218/2485/2477 2672/2487/2479
f 2673/2486/2478 2672/2487/2479 2617/2370/2362
f 2617/2370/2362 2672/2487/2479 2618/2372/2364
f 2163/2483/2475 2164/2488/2480 2218/2485/2477
f 2218/2485/2477 2164/2488/2480 2217/2489/2481
f 2218/2485/2477 2217/2489/2481 2672/2487/2479
f 2672/2487/2479 2217/2489/2481 2671/2490/2482
f 2672/2487/2479 2671/2490/2482 2618/2372/2364
f 2618/2372/2364 2671/2490/2482 2619/2374/2366
f 2217/2489/2481 2164/2488/2480 2216/2491/2483
f 2216/2491/2483 2164/2488/2480 2165/2492/2484
f 2216/2491/2483 2165/2492/2484 2215/2493/2485
f 2215/2493/2485 2165/2492/2484 2214/2494/2486
f 2215/2493/2485 2214/2494/2486 2669/2495/2487
f 2669/2495/2487 2214/2494/2486 2668/2496/2488
f 2669/2495/2487 2668/2496/2488 2621/2378/2370
f 2621/2378/2370 2668/2496/2488 2622/2380/2372
f 2165/2492/2484 2166/2497/2489 2214/2494/2486
f 2214/2494/2486 2166/2497/2489 2213/2498/2490
f 2214/2494/2486 2213/2498/2490 2668/2496/2488
f 2668/2496/2488 2213/2498/2490 2667/2499/2491
f 2668/2496/2488 2667/2499/2491 2622/2380/2372
f 2622/2380/2372 2667/2499/2491 2623/2382/2374
f 2213/2498/2490 2166/2497/2489 2212/2500/2492
f 2212/2500/2492 2166/2497/2489 2167/2501/2493
f 2212/2500/2492 2167/2501/2493 2211/2502/2494
f 2211/2502/2494 2167/2501/2493 2210/2503/2495
f 2211/2502/2494 2210/2503/2495 2665/2504/2496
f 2665/2504/2496 2210/2503/2495 2664/2505/2497
f 2665/2504/2496 2664/2505/2497 2625/2386/2378
f 2625/2386/2378 2664/2505/2497 2626/2388/2380
f 2167/2501/2493 2168/2506/2498 2210/2503/2495
f 2210/2503/2495 2168/2506/2498 2209/2507/2499
f 2210/2503/2495 2209/2507/2499 2664/2505/2497
f 2664/2505/2497 2209/2507/2499 2663/2508/2500
f 2664/2505/2497 2663/2508/2500 2626/2388/2380
f 2626/2388/2380 2663/2508/2500 2627/2390/2382
f 2168/2506/2498 2169/2509/2501 2209/2507/2499
f 2209/2507/2499 2169/2509/2501 2208/2510/2502
f 2209/2507/2499 2208/2510/2502 2663/2508/2500
f 2663/2508/2500 2208/2510/2502 2662/2511/2503
f 2663/2508/2500 2662/2511/2503 2627/2390/2382
f 2627/2390/2382 2662/2511/2503 2628/2392/2384
f 2208/2510/2502 2169/2509/2501 2207/2512/2504
f 2207/2512/2504 2169/2509/2501 2170/2513/2505
f 2207/2512/2504 2170/2513/2505 2206/2514/2506
f 2206/2514/2506 2170/2513/2505 2205/2515/2507
f 2206/2514/2506 2205/2515/2507 2660/2516/2508
f 2660/2516/2508 2205/2515/2507 2659/2517/2509
f 2660/2516/2508 2659/2517/2509 2630/2396/2388
f 2630/2396/2388 2659/2517/2509 2631/2398/2390
f 2170/2513/2505 2171/2518/2510 2205/2515/2507
f 2205/2515/2507 2171/2518/2510 2204/2519/2511
f 2205/2515/2507 2204/2519/2511 2659/2517/2509
f 2659/2517/2509 2204/2519/2511 2658/2520/2512
f 2659/2517/2509 2658/2520/2512 2631/2398/2390
f 2631/2398/2390 2658/2520/2512 2632/2400/2392
f 2204/2519/2511 2171/2518/2510 2203/2521/2513
f 2203/2521/2513 2171/2518/2510 2172/2522/2514
f 2203/2521/2513 2172/2522/2514 2202/2523/2515
f 2202/2523/2515 2172/2522/2514 2201/2524/2516
f 2202/2523/2515 2201/2524/2516 2656/2525/2517
f 2656/2525/2517 2201/2524/2516 2655/2526/2518
f 2656/2525/2517 2655/2526/2518 2634/2404/2396
f 2634/2404/2396 2655/2526/2518 2635/2406/2398
f 2172/2522/2514 2173/2527/2519 2201/2524/2516
f 2201/2524/2516 2173/2527/2519 2200/2528/2520
f 2201/2524/2516 2200/2528/2520 2655/2526/2518
f 2655/2526/2518 2200/2528/2520 2654/2529/2521
f 2655/2526/2518 2654/2529/2521 2635/2406/2398
f 2635/2406/2398 2654/2529/2521 2636/2408/2400
f 2200/2528/2520 2173/2527/2519 2199/2530/2522
f 2199/2530/2522 2173/2527/2519 2174/2531/2523
f 2199/2530/2522 2174/2531/2523 2198/2532/2524
f 2198/2532/2524 2174/2531/2523 2175/2533/2525
f 2198/2532/2524 2175/2533/2525 2197/2534/2526
f 2197/2534/2526 2175/2533/2525 2196/2535/2527
f 2197/2534/2526 2196/2535/2527 2651/2536/2528
f 2651/2536/2528 2196/2535/2527 2650/2537/2529
f 2651/2536/2528 2650/2537/2529 2639/2414/2406
f 2639/2414/2406 2650/2537/2529 2640/2416/2408
f 2175/2533/2525 2176/2538/2530 2196/2535/2527
f 2196/2535/2527 2176/2538/2530 2195/2539/2531
f 2196/2535/2527 2195/2539/2531 2650/2537/2529
f 2650/2537/2529 2195/2539/2531 2649/2540/2532
f 2650/2537/2529 2649/2540/2532 2640/2416/2408
f 2640/2416/2408 2649/2540/2532 2641/2418/2410
f 2195/2539/2531 2176/2538/2530 2194/2541/2533
f 2194/2541/2533 2176/2538/2530 2177/2542/2534
f 2194/2541/2533 2177/2542/2534 2193/2543/2535
f 2193/2543/2535 2177/2542/2534 2178/2544/2536
f 2193/2543/2535 2178/2544/2536 2192/2545/2537
f 2192/2545/2537 2178/2544/2536 2179/2546/2538
f 2192/2545/2537 2179/2546/2538 2191/2547/2539
f 2191/2547/2539 2179/2546/2538 1535/2548/1714
f 2191/2547/2539 1535/2548/1714 1574/2428/2420
f 1572/2549/2540 2296/2550/2541 1573/2430/2422
f 1573/2430/2422 2296/2550/2541 2365/2551/2542
f 1573/2430/2422 2365/2551/2542 2610/2432/2424
f 2610/2432/2424 2365/2551/2542 2364/2434/2426
f 1571/2552/2543 2366/2553/2544 1572/2549/2540
f 1572/2549/2540 2366/2553/2544 2435/2554/2545
f 1572/2549/2540 2435/2554/2545 2296/2550/2541
f 2296/2550/2541 2435/2554/2545 2434/2555/2546
f 2296/2550/2541 2434/2555/2546 2297/2556/2547
f 2297/2556/2547 2434/2555/2546 2433/2557/2548
f 2297/2556/2547 2433/2557/2548 2298/2436/2428
f 2298/2436/2428 2433/2557/2548 2432/2438/2430
f 1570/2558/2549 2436/2559/2550 1571/2552/2543
f 1571/2552/2543 2436/2559/2550 2505/2560/2551
f 1571/2552/2543 2505/2560/2551 2366/2553/2544
f 2366/2553/2544 2505/2560/2551 2504/2561/2552
f 2366/2553/2544 2504/2561/2552 2367/2562/2553
f 2367/2562/2553 2504/2561/2552 2503/2563/2554
f 2367/2562/2553 2503/2563/2554 2368/2564/2555
f 2368/2564/2555 2503/2563/2554 2502/2565/2556
f 2368/2564/2555 2502/2565/2556 2369/2566/2557
f 2369/2566/2557 2502/2565/2556 2501/2567/2558
f 2369/2566/2557 2501/2567/2558 2370/2440/2432
f 2370/2440/2432 2501/2567/2558 2500/2442/2434
f 2436/2559/2550 1570/2558/2549 2506/2568/2559
f 2506/2568/2559 1570/2558/2549 1569/2569/2560
f 2506/2568/2559 1569/2569/2560 2541/2570/2561
f 2541/2570/2561 1569/2569/2560 1568/2571/2562
f 2541/2570/2561 1568/2571/2562 1567/2572/2563
f 1567/2572/2563 2180/2573/2564 2541/2570/2561
f 2541/2570/2561 2180/2573/2564 2542/2574/2565
f 2541/2570/2561 2542/2574/2565 2506/2568/2559
f 2506/2568/2559 2542/2574/2565 2507/2575/2566
f 2506/2568/2559 2507/2575/2566 2436/2559/2550
f 2436/2559/2550 2507/2575/2566 2437/2576/2567
f 2436/2559/2550 2437/2576/2567 2505/2560/2551
f 2505/2560/2551 2437/2576/2567 2504/2561/2552
f 2181/2577/2568 2545/2578/2569 2180/2573/2564
f 2180/2573/2564 2545/2578/2569 2544/2579/2570
f 2180/2573/2564 2544/2579/2570 2543/2580/2571
f 2543/2580/2571 2544/2579/2570 2508/2581/2572
f 2543/2580/2571 2508/2581/2572 2507/2575/2566
f 2507/2575/2566 2508/2581/2572 2437/2576/2567
f 2182/2450/2442 2549/2448/2440 2181/2577/2568
f 2181/2577/2568 2549/2448/2440 2548/2582/2573
f 2181/2577/2568 2548/2582/2573 2547/2583/2574
f 2547/2583/2574 2548/2582/2573 2512/2584/2575
f 2547/2583/2574 2512/2584/2575 2511/2585/2576
f 2511/2585/2576 2512/2584/2575 2441/2586/2577
f 2511/2585/2576 2441/2586/2577 2440/2587/2578
f 2440/2587/2578 2441/2586/2577 2501/2567/2558
f 2440/2587/2578 2501/2567/2558 2502/2565/2556
f 2183/2588/2579 2554/2589/2580 2182/2450/2442
f 2182/2450/2442 2554/2589/2580 2553/2590/2581
f 2182/2450/2442 2553/2590/2581 2552/2452/2444
f 2552/2452/2444 2553/2590/2581 2517/2454/2446
f 2184/2591/2582 2559/2592/2583 2183/2588/2579
f 2183/2588/2579 2559/2592/2583 2558/2593/2584
f 2183/2588/2579 2558/2593/2584 2557/2594/2585
f 2557/2594/2585 2558/2593/2584 2522/2595/2586
f 2557/2594/2585 2522/2595/2586 2521/2596/2587
f 2521/2596/2587 2522/2595/2586 2451/2597/2588
f 2521/2596/2587 2451/2597/2588 2450/2598/2589
f 2450/2598/2589 2451/2597/2588 2491/2599/2590
f 2450/2598/2589 2491/2599/2590 2492/2600/2591
f 2492/2600/2591 2491/2599/2590 2379/2601/2592
f 2492/2600/2591 2379/2601/2592 2378/2602/2593
f 2378/2602/2593 2379/2601/2592 2423/2603/2594
f 2378/2602/2593 2423/2603/2594 2424/2462/2454
f 2424/2462/2454 2423/2603/2594 2307/2464/2456
f 2185/2604/2595 2564/2605/2596 2184/2591/2582
f 2184/2591/2582 2564/2605/2596 2563/2606/2597
f 2184/2591/2582 2563/2606/2597 2562/2607/2598
f 2562/2607/2598 2563/2606/2597 2527/2608/2599
f 2562/2607/2598 2527/2608/2599 2526/2609/2600
f 2526/2609/2600 2527/2608/2599 2456/2610/2601
f 2526/2609/2600 2456/2610/2601 2455/2611/2602
f 2455/2611/2602 2456/2610/2601 2486/2612/2603
f 2455/2611/2602 2486/2612/2603 2487/2613/2604
f 2487/2613/2604 2486/2612/2603 2384/2614/2605
f 2487/2613/2604 2384/2614/2605 2383/2615/2606
f 2383/2615/2606 2384/2614/2605 2418/2616/2607
f 2383/2615/2606 2418/2616/2607 2419/2617/2608
f 2419/2617/2608 2418/2616/2607 2312/2618/2609
f 2419/2617/2608 2312/2618/2609 2311/2619/2610
f 2311/2619/2610 2312/2618/2609 2350/2620/2611
f 2311/2619/2610 2350/2620/2611 2351/2621/2612
f 2351/2621/2612 2350/2620/2611 2596/2622/2613
f 2351/2621/2612 2596/2622/2613 2597/2623/2614
f 2597/2623/2614 2596/2622/2613 2691/2624/2615
f 2597/2623/2614 2691/2624/2615 2690/2625/2616
f 2690/2625/2616 2691/2624/2615 2238/2626/2617
f 2690/2625/2616 2238/2626/2617 2237/2472/2464
f 2237/2472/2464 2238/2626/2617 2284/2405/2397
f 2186/2627/2618 2569/2628/2619 2185/2604/2595
f 2185/2604/2595 2569/2628/2619 2568/2629/2620
f 2185/2604/2595 2568/2629/2620 2567/2630/2621
f 2567/2630/2621 2568/2629/2620 2532/2631/2622
f 2567/2630/2621 2532/2631/2622 2531/2632/2623
f 2531/2632/2623 2532/2631/2622 2461/2633/2624
f 2531/2632/2623 2461/2633/2624 2460/2634/2625
f 2460/2634/2625 2461/2633/2624 2481/2635/2626
f 2460/2634/2625 2481/2635/2626 2482/2636/2627
f 2482/2636/2627 2481/2635/2626 2389/2637/2628
f 2482/2636/2627 2389/2637/2628 2388/2638/2629
f 2388/2638/2629 2389/2637/2628 2413/2639/2630
f 2388/2638/2629 2413/2639/2630 2414/2640/2631
f 2414/2640/2631 2413/2639/2630 2317/2641/2632
f 2414/2640/2631 2317/2641/2632 2316/2642/2633
f 2316/2642/2633 2317/2641/2632 2345/2643/2634
f 2316/2642/2633 2345/2643/2634 2346/2644/2635
f 2346/2644/2635 2345/2643/2634 2591/2645/2636
f 2346/2644/2635 2591/2645/2636 2592/2646/2637
f 2592/2646/2637 2591/2645/2636 2696/2647/2638
f 2592/2646/2637 2696/2647/2638 2695/2648/2639
f 2695/2648/2639 2696/2647/2638 2243/2649/2640
f 2695/2648/2639 2243/2649/2640 2242/2650/2641
f 2242/2650/2641 2243/2649/2640 2279/2395/2387
f 2242/2650/2641 2279/2395/2387 2280/2397/2389
f 376/2651/2642 2574/2652/2643 2186/2627/2618
f 2186/2627/2618 2574/2652/2643 2573/2653/2644
f 2186/2627/2618 2573/2653/2644 2572/2654/2645
f 2572/2654/2645 2573/2653/2644 2537/2655/2646
f 2572/2654/2645 2537/2655/2646 2536/2656/2647
f 2536/2656/2647 2537/2655/2646 2466/2657/2648
f 2536/2656/2647 2466/2657/2648 2465/2658/2649
f 2465/2658/2649 2466/2657/2648 2476/2659/2650
f 2465/2658/2649 2476/2659/2650 2477/2660/2651
f 2477/2660/2651 2476/2659/2650 2394/2661/2652
f 2477/2660/2651 2394/2661/2652 2393/2662/2653
f 2393/2662/2653 2394/2661/2652 2408/2663/2654
f 2393/2662/2653 2408/2663/2654 2409/2664/2655
f 2409/2664/2655 2408/2663/2654 2322/2665/2656
f 2409/2664/2655 2322/2665/2656 2321/2666/2657
f 2321/2666/2657 2322/2665/2656 2340/2667/2658
f 2321/2666/2657 2340/2667/2658 2341/2668/2659
f 2341/2668/2659 2340/2667/2658 2586/2669/2660
f 2341/2668/2659 2586/2669/2660 2587/2670/2661
f 2587/2670/2661 2586/2669/2660 2701/2671/2662
f 2587/2670/2661 2701/2671/2662 2700/2672/2663
f 2700/2672/2663 2701/2671/2662 2248/2673/2664
f 2700/2672/2663 2248/2673/2664 2247/2674/2665
f 2247/2674/2665 2248/2673/2664 2274/2385/2377
f 2247/2674/2665 2274/2385/2377 2275/2387/2379
f 2574/2652/2643 376/2651/2642 2575/2675/2666
f 2575/2675/2666 376/2651/2642 375/2676/2667
f 2575/2675/2666 375/2676/2667 2540/2677/2668
f 2540/2677/2668 375/2676/2667 374/2678/2669
f 2540/2677/2668 374/2678/2669 2470/2679/2670
f 2470/2679/2670 374/2678/2669 373/2680/2671
f 2470/2679/2670 373/2680/2671 2471/2681/2672
f 2471/2681/2672 373/2680/2671 372/2682/2673
f 2471/2681/2672 372/2682/2673 2400/2683/2674
f 2400/2683/2674 372/2682/2673 371/2684/2675
f 2400/2683/2674 371/2684/2675 2401/2685/2676
f 2401/2685/2676 371/2684/2675 2330/2686/2677
f 2401/2685/2676 2330/2686/2677 2329/2687/2678
f 2329/2687/2678 2330/2686/2677 2332/2688/2679
f 2329/2687/2678 2332/2688/2679 2333/2689/2680
f 2333/2689/2680 2332/2688/2679 2578/2690/2681
f 2333/2689/2680 2578/2690/2681 2579/2691/2682
f 2579/2691/2682 2578/2690/2681 2709/2692/2683
f 2579/2691/2682 2709/2692/2683 2708/2693/2684
f 2708/2693/2684 2709/2692/2683 2256/2694/2685
f 2708/2693/2684 2256/2694/2685 2255/2695/2686
f 2255/2695/2686 2256/2694/2685 2266/2369/2361
f 2255/2695/2686 2266/2369/2361 2267/2371/2363
f 371/2684/2675 370/2696/2687 2330/2686/2677
f 2330/2686/2677 370/2696/2687 2331/2697/2688
f 2330/2686/2677 2331/2697/2688 2332/2688/2679
f 2332/2688/2679 2331/2697/2688 2577/2698/2689
f 2332/2688/2679 2577/2698/2689 2578/2690/2681
f 2578/2690/2681 2577/2698/2689 2710/2699/2690
f 2578/2690/2681 2710/2699/2690 2709/2692/2683
f 2709/2692/2683 2710/2699/2690 2257/2700/2691
f 2709/2692/2683 2257/2700/2691 2256/2694/2685
f 2256/2694/2685 2257/2700/2691 2265/2367/2359
f 2256/2694/2685 2265/2367/2359 2266/2369/2361
f 369/2357/2349 2189/2701/2692 370/2696/2687
f 370/2696/2687 2189/2701/2692 2576/2702/2693
f 370/2696/2687 2576/2702/2693 2331/2697/2688
f 2331/2697/2688 2576/2702/2693 2577/2698/2689
f 1574/2428/2420 2645/2426/2418 2188/2703/2694
f 2188/2703/2694 2645/2426/2418 2644/2424/2416
f 2188/2703/2694 2644/2424/2416 2646/2704/2695
f 2646/2704/2695 2644/2424/2416 2643/2422/2414
f 2646/2704/2695 2643/2422/2414 2647/2705/2696
f 2647/2705/2696 2643/2422/2414 2642/2420/2412
f 2647/2705/2696 2642/2420/2412 2648/2706/2697
f 2648/2706/2697 2642/2420/2412 2641/2418/2410
f 2648/2706/2697 2641/2418/2410 2649/2540/2532
f 369/2357/2349 2261/2359/2351 2260/2707/2698
f 2260/2707/2698 2261/2359/2351 2262/2361/2353
f 2260/2707/2698 2262/2361/2353 2259/2708/2699
f 2259/2708/2699 2262/2361/2353 2263/2363/2355
f 2259/2708/2699 2263/2363/2355 2258/2709/2700
f 2258/2709/2700 2263/2363/2355 2264/2365/2357
f 2258/2709/2700 2264/2365/2357 2257/2700/2691
f 2257/2700/2691 2264/2365/2357 2265/2367/2359
f 369/2357/2349 2260/2707/2698 2189/2701/2692
f 2189/2701/2692 2260/2707/2698 2259/2708/2699
f 2189/2701/2692 2259/2708/2699 2711/2710/2701
f 2711/2710/2701 2259/2708/2699 2258/2709/2700
f 2711/2710/2701 2258/2709/2700 2710/2699/2690
f 2710/2699/2690 2258/2709/2700 2257/2700/2691
f 2188/2703/2694 2646/2704/2695 2191/2547/2539
f 2191/2547/2539 2646/2704/2695 2192/2545/2537
f 2646/2704/2695 2647/2705/2696 2192/2545/2537
f 2192/2545/2537 2647/2705/2696 2193/2543/2535
f 2649/2540/2532 2195/2539/2531 2194/2541/2533
f 2647/2705/2696 2648/2706/2697 2193/2543/2535
f 2193/2543/2535 2648/2706/2697 2194/2541/2533
f 2648/2706/2697 2649/2540/2532 2194/2541/2533
f 2198/2532/2524 2197/2534/2526 2652/2711/2702
f 2652/2711/2702 2197/2534/2526 2651/2536/2528
f 2652/2711/2702 2651/2536/2528 2638/2412/2404
f 2638/2412/2404 2651/2536/2528 2639/2414/2406
f 2654/2529/2521 2200/2528/2520 2199/2530/2522
f 2199/2530/2522 2198/2532/2524 2653/2712/2703
f 2653/2712/2703 2198/2532/2524 2652/2711/2702
f 2653/2712/2703 2652/2711/2702 2637/2410/2402
f 2637/2410/2402 2652/2711/2702 2638/2412/2404
f 2658/2520/2512 2204/2519/2511 2203/2521/2513
f 2203/2521/2513 2202/2523/2515 2657/2713/2704
f 2657/2713/2704 2202/2523/2515 2656/2525/2517
f 2657/2713/2704 2656/2525/2517 2633/2402/2394
f 2633/2402/2394 2656/2525/2517 2634/2404/2396
f 2662/2511/2503 2208/2510/2502 2207/2512/2504
f 2207/2512/2504 2206/2514/2506 2661/2714/2705
f 2661/2714/2705 2206/2514/2506 2660/2516/2508
f 2661/2714/2705 2660/2516/2508 2629/2394/2386
f 2629/2394/2386 2660/2516/2508 2630/2396/2388
f 2667/2499/2491 2213/2498/2490 2212/2500/2492
f 2212/2500/2492 2211/2502/2494 2666/2715/2706
f 2666/2715/2706 2211/2502/2494 2665/2504/2496
f 2666/2715/2706 2665/2504/2496 2624/2384/2376
f 2624/2384/2376 2665/2504/2496 2625/2386/2378
f 2671/2490/2482 2217/2489/2481 2216/2491/2483
f 2216/2491/2483 2215/2493/2485 2670/2716/2707
f 2670/2716/2707 2215/2493/2485 2669/2495/2487
f 2670/2716/2707 2669/2495/2487 2620/2376/2368
f 2620/2376/2368 2669/2495/2487 2621/2378/2370
f 2675/2481/2473 2221/2480/2472 2220/2482/2474
f 2220/2482/2474 2219/2484/2476 2674/2717/2708
f 2674/2717/2708 2219/2484/2476 2673/2486/2478
f 2674/2717/2708 2673/2486/2478 2616/2368/2360
f 2616/2368/2360 2673/2486/2478 2617/2370/2362
f 2187/2356/2348 2225/2354/2347 2224/2473/2465
f 2224/2473/2465 2223/2475/2467 2678/2718/2709
f 2678/2718/2709 2223/2475/2467 2677/2477/2469
f 2678/2718/2709 2677/2477/2469 2612/2360/2352
f 2612/2360/2352 2677/2477/2469 2613/2362/2354
f 2294/2425/2417 2295/2427/2419 2227/2719/2710
f 2227/2719/2710 2295/2427/2419 2226/2429/2421
f 2227/2719/2710 2226/2429/2421 2679/2720/2711
f 2679/2720/2711 2226/2429/2421 2190/2431/2423
f 2679/2720/2711 2190/2431/2423 2609/2433/2425
f 2293/2423/2415 2294/2425/2417 2228/2721/2712
f 2228/2721/2712 2294/2425/2417 2227/2719/2710
f 2228/2721/2712 2227/2719/2710 2680/2722/2713
f 2680/2722/2713 2227/2719/2710 2679/2720/2711
f 2680/2722/2713 2679/2720/2711 2608/2723/2714
f 2608/2723/2714 2679/2720/2711 2609/2433/2425
f 2608/2723/2714 2609/2433/2425 2363/2435/2427
f 2292/2421/2413 2293/2423/2415 2229/2724/2715
f 2229/2724/2715 2293/2423/2415 2228/2721/2712
f 2229/2724/2715 2228/2721/2712 2681/2725/2716
f 2681/2725/2716 2228/2721/2712 2680/2722/2713
f 2681/2725/2716 2680/2722/2713 2607/2726/2717
f 2607/2726/2717 2680/2722/2713 2608/2723/2714
f 2607/2726/2717 2608/2723/2714 2362/2727/2718
f 2362/2727/2718 2608/2723/2714 2363/2435/2427
f 2362/2727/2718 2363/2435/2427 2299/2437/2429
f 2291/2419/2411 2292/2421/2413 2230/2728/2719
f 2230/2728/2719 2292/2421/2413 2229/2724/2715
f 2230/2728/2719 2229/2724/2715 2682/2729/2720
f 2682/2729/2720 2229/2724/2715 2681/2725/2716
f 2682/2729/2720 2681/2725/2716 2606/2730/2721
f 2606/2730/2721 2681/2725/2716 2607/2726/2717
f 2606/2730/2721 2607/2726/2717 2361/2731/2722
f 2361/2731/2722 2607/2726/2717 2362/2727/2718
f 2361/2731/2722 2362/2727/2718 2300/2732/2723
f 2300/2732/2723 2362/2727/2718 2299/2437/2429
f 2300/2732/2723 2299/2437/2429 2431/2439/2431
f 2290/2417/2409 2291/2419/2411 2231/2733/2724
f 2231/2733/2724 2291/2419/2411 2230/2728/2719
f 2231/2733/2724 2230/2728/2719 2683/2734/2725
f 2683/2734/2725 2230/2728/2719 2682/2729/2720
f 2683/2734/2725 2682/2729/2720 2605/2735/2726
f 2605/2735/2726 2682/2729/2720 2606/2730/2721
f 2605/2735/2726 2606/2730/2721 2360/2736/2727
f 2360/2736/2727 2606/2730/2721 2361/2731/2722
f 2360/2736/2727 2361/2731/2722 2301/2737/2728
f 2301/2737/2728 2361/2731/2722 2300/2732/2723
f 2301/2737/2728 2300/2732/2723 2430/2738/2729
f 2430/2738/2729 2300/2732/2723 2431/2439/2431
f 2430/2738/2729 2431/2439/2431 2371/2441/2433
f 2289/2415/2407 2290/2417/2409 2232/2739/2730
f 2232/2739/2730 2290/2417/2409 2231/2733/2724
f 2232/2739/2730 2231/2733/2724 2684/2740/2731
f 2684/2740/2731 2231/2733/2724 2683/2734/2725
f 2684/2740/2731 2683/2734/2725 2604/2741/2732
f 2604/2741/2732 2683/2734/2725 2605/2735/2726
f 2604/2741/2732 2605/2735/2726 2359/2742/2733
f 2359/2742/2733 2605/2735/2726 2360/2736/2727
f 2359/2742/2733 2360/2736/2727 2302/2743/2734
f 2302/2743/2734 2360/2736/2727 2301/2737/2728
f 2302/2743/2734 2301/2737/2728 2429/2744/2735
f 2429/2744/2735 2301/2737/2728 2430/2738/2729
f 2429/2744/2735 2430/2738/2729 2372/2745/2736
f 2372/2745/2736 2430/2738/2729 2371/2441/2433
f 2372/2745/2736 2371/2441/2433 2499/2443/2435
f 2288/2413/2405 2289/2415/2407 2233/2746/2737
f 2233/2746/2737 2289/2415/2407 2232/2739/2730
f 2233/2746/2737 2232/2739/2730 2685/2747/2738
f 2685/2747/2738 2232/2739/2730 2684/2740/2731
f 2685/2747/2738 2684/2740/2731 2603/2748/2739
f 2603/2748/2739 2684/2740/2731 2604/2741/2732
f 2603/2748/2739 2604/2741/2732 2358/2749/2740
f 2358/2749/2740 2604/2741/2732 2359/2742/2733
f 2358/2749/2740 2359/2742/2733 2303/2750/2741
f 2303/2750/2741 2359/2742/2733 2302/2743/2734
f 2303/2750/2741 2302/2743/2734 2428/2751/2742
f 2428/2751/2742 2302/2743/2734 2429/2744/2735
f 2428/2751/2742 2429/2744/2735 2373/2752/2743
f 2373/2752/2743 2429/2744/2735 2372/2745/2736
f 2373/2752/2743 2372/2745/2736 2498/2753/2744
f 2498/2753/2744 2372/2745/2736 2499/2443/2435
f 2498/2753/2744 2499/2443/2435 2443/2445/2437
f 2287/2411/2403 2288/2413/2405 2234/2754/2745
f 2234/2754/2745 2288/2413/2405 2233/2746/2737
f 2234/2754/2745 2233/2746/2737 2686/2755/2746
f 2686/2755/2746 2233/2746/2737 2685/2747/2738
f 2686/2755/2746 2685/2747/2738 2602/2756/2747
f 2602/2756/2747 2685/2747/2738 2603/2748/2739
f 2602/2756/2747 2603/2748/2739 2357/2757/2748
f 2357/2757/2748 2603/2748/2739 2358/2749/2740
f 2357/2757/2748 2358/2749/2740 2304/2758/2749
f 2304/2758/2749 2358/2749/2740 2303/2750/2741
f 2304/2758/2749 2303/2750/2741 2427/2759/2750
f 2427/2759/2750 2303/2750/2741 2428/2751/2742
f 2427/2759/2750 2428/2751/2742 2374/2760/2751
f 2374/2760/2751 2428/2751/2742 2373/2752/2743
f 2374/2760/2751 2373/2752/2743 2497/2761/2752
f 2497/2761/2752 2373/2752/2743 2498/2753/2744
f 2497/2761/2752 2498/2753/2744 2444/2762/2753
f 2444/2762/2753 2498/2753/2744 2443/2445/2437
f 2444/2762/2753 2443/2445/2437 2514/2447/2439
f 2286/2409/2401 2287/2411/2403 2235/2763/2754
f 2235/2763/2754 2287/2411/2403 2234/2754/2745
f 2235/2763/2754 2234/2754/2745 2687/2764/2755
f 2687/2764/2755 2234/2754/2745 2686/2755/2746
f 2687/2764/2755 2686/2755/2746 2601/2765/2756
f 2601/2765/2756 2686/2755/2746 2602/2756/2747
f 2601/2765/2756 2602/2756/2747 2356/2766/2757
f 2356/2766/2757 2602/2756/2747 2357/2757/2748
f 2356/2766/2757 2357/2757/2748 2305/2767/2758
f 2305/2767/2758 2357/2757/2748 2304/2758/2749
f 2305/2767/2758 2304/2758/2749 2426/2768/2759
f 2426/2768/2759 2304/2758/2749 2427/2759/2750
f 2426/2768/2759 2427/2759/2750 2375/2769/2760
f 2375/2769/2760 2427/2759/2750 2374/2760/2751
f 2375/2769/2760 2374/2760/2751 2496/2770/2761
f 2496/2770/2761 2374/2760/2751 2497/2761/2752
f 2496/2770/2761 2497/2761/2752 2445/2771/2762
f 2445/2771/2762 2497/2761/2752 2444/2762/2753
f 2445/2771/2762 2444/2762/2753 2515/2772/2763
f 2515/2772/2763 2444/2762/2753 2514/2447/2439
f 2515/2772/2763 2514/2447/2439 2550/2449/2441
f 2285/2407/2399 2286/2409/2401 2236/2471/2463
f 2236/2471/2463 2286/2409/2401 2235/2763/2754
f 2236/2471/2463 2235/2763/2754 2688/2469/2461
f 2688/2469/2461 2235/2763/2754 2687/2764/2755
f 2688/2469/2461 2687/2764/2755 2600/2467/2459
f 2600/2467/2459 2687/2764/2755 2601/2765/2756
f 2600/2467/2459 2601/2765/2756 2355/2465/2457
f 2355/2465/2457 2601/2765/2756 2356/2766/2757
f 2355/2465/2457 2356/2766/2757 2306/2463/2455
f 2306/2463/2455 2356/2766/2757 2305/2767/2758
f 2306/2463/2455 2305/2767/2758 2425/2461/2453
f 2425/2461/2453 2305/2767/2758 2426/2768/2759
f 2425/2461/2453 2426/2768/2759 2376/2459/2451
f 2376/2459/2451 2426/2768/2759 2375/2769/2760
f 2376/2459/2451 2375/2769/2760 2495/2457/2449
f 2495/2457/2449 2375/2769/2760 2496/2770/2761
f 2495/2457/2449 2496/2770/2761 2446/2455/2447
f 2446/2455/2447 2496/2770/2761 2445/2771/2762
f 2446/2455/2447 2445/2771/2762 2516/2453/2445
f 2516/2453/2445 2445/2771/2762 2515/2772/2763
f 2516/2453/2445 2515/2772/2763 2551/2451/2443
f 2551/2451/2443 2515/2772/2763 2550/2449/2441
f 2283/2403/2395 2284/2405/2397 2238/2626/2617
f 2690/2625/2616 2237/2472/2464 2689/2470/2462
f 2282/2401/2393 2283/2403/2395 2239/2773/2764
f 2239/2773/2764 2283/2403/2395 2238/2626/2617
f 2239/2773/2764 2238/2626/2617 2691/2624/2615
f 2281/2399/2391 2282/2401/2393 2240/2774/2765
f 2240/2774/2765 2282/2401/2393 2239/2773/2764
f 2240/2774/2765 2239/2773/2764 2692/2775/2766
f 2692/2775/2766 2239/2773/2764 2691/2624/2615
f 2692/2775/2766 2691/2624/2615 2596/2622/2613
f 2280/2397/2389 2281/2399/2391 2241/2776/2767
f 2241/2776/2767 2281/2399/2391 2240/2774/2765
f 2241/2776/2767 2240/2774/2765 2693/2777/2768
f 2693/2777/2768 2240/2774/2765 2692/2775/2766
f 2693/2777/2768 2692/2775/2766 2595/2778/2769
f 2595/2778/2769 2692/2775/2766 2596/2622/2613
f 2595/2778/2769 2596/2622/2613 2350/2620/2611
f 2280/2397/2389 2241/2776/2767 2242/2650/2641
f 2242/2650/2641 2241/2776/2767 2694/2779/2770
f 2242/2650/2641 2694/2779/2770 2695/2648/2639
f 2695/2648/2639 2694/2779/2770 2593/2780/2771
f 2695/2648/2639 2593/2780/2771 2592/2646/2637
f 2592/2646/2637 2593/2780/2771 2347/2781/2772
f 2592/2646/2637 2347/2781/2772 2346/2644/2635
f 2346/2644/2635 2347/2781/2772 2315/2782/2773
f 2346/2644/2635 2315/2782/2773 2316/2642/2633
f 2316/2642/2633 2315/2782/2773 2415/2783/2774
f 2316/2642/2633 2415/2783/2774 2414/2640/2631
f 2414/2640/2631 2415/2783/2774 2387/2784/2775
f 2414/2640/2631 2387/2784/2775 2388/2638/2629
f 2388/2638/2629 2387/2784/2775 2483/2785/2776
f 2388/2638/2629 2483/2785/2776 2482/2636/2627
f 2482/2636/2627 2483/2785/2776 2459/2786/2777
f 2482/2636/2627 2459/2786/2777 2460/2634/2625
f 2460/2634/2625 2459/2786/2777 2530/2787/2778
f 2460/2634/2625 2530/2787/2778 2531/2632/2623
f 2531/2632/2623 2530/2787/2778 2566/2788/2779
f 2531/2632/2623 2566/2788/2779 2567/2630/2621
f 2567/2630/2621 2566/2788/2779 2185/2604/2595
f 2694/2779/2770 2241/2776/2767 2693/2777/2768
f 2278/2393/2385 2279/2395/2387 2243/2649/2640
f 2277/2391/2383 2278/2393/2385 2244/2789/2780
f 2244/2789/2780 2278/2393/2385 2243/2649/2640
f 2244/2789/2780 2243/2649/2640 2696/2647/2638
f 2276/2389/2381 2277/2391/2383 2245/2790/2781
f 2245/2790/2781 2277/2391/2383 2244/2789/2780
f 2245/2790/2781 2244/2789/2780 2697/2791/2782
f 2697/2791/2782 2244/2789/2780 2696/2647/2638
f 2697/2791/2782 2696/2647/2638 2591/2645/2636
f 2275/2387/2379 2276/2389/2381 2246/2792/2783
f 2246/2792/2783 2276/2389/2381 2245/2790/2781
f 2246/2792/2783 2245/2790/2781 2698/2793/2784
f 2698/2793/2784 2245/2790/2781 2697/2791/2782
f 2698/2793/2784 2697/2791/2782 2590/2794/2785
f 2590/2794/2785 2697/2791/2782 2591/2645/2636
f 2590/2794/2785 2591/2645/2636 2345/2643/2634
f 2275/2387/2379 2246/2792/2783 2247/2674/2665
f 2247/2674/2665 2246/2792/2783 2699/2795/2786
f 2247/2674/2665 2699/2795/2786 2700/2672/2663
f 2700/2672/2663 2699/2795/2786 2588/2796/2787
f 2700/2672/2663 2588/2796/2787 2587/2670/2661
f 2587/2670/2661 2588/2796/2787 2342/2797/2788
f 2587/2670/2661 2342/2797/2788 2341/2668/2659
f 2341/2668/2659 2342/2797/2788 2320/2798/2789
f 2341/2668/2659 2320/2798/2789 2321/2666/2657
f 2321/2666/2657 2320/2798/2789 2410/2799/2790
f 2321/2666/2657 2410/2799/2790 2409/2664/2655
f 2409/2664/2655 2410/2799/2790 2392/2800/2791
f 2409/2664/2655 2392/2800/2791 2393/2662/2653
f 2393/2662/2653 2392/2800/2791 2478/2801/2792
f 2393/2662/2653 2478/2801/2792 2477/2660/2651
f 2477/2660/2651 2478/2801/2792 2464/2802/2793
f 2477/2660/2651 2464/2802/2793 2465/2658/2649
f 2465/2658/2649 2464/2802/2793 2535/2803/2794
f 2465/2658/2649 2535/2803/2794 2536/2656/2647
f 2536/2656/2647 2535/2803/2794 2571/2804/2795
f 2536/2656/2647 2571/2804/2795 2572/2654/2645
f 2572/2654/2645 2571/2804/2795 2186/2627/2618
f 2699/2795/2786 2246/2792/2783 2698/2793/2784
f 2273/2383/2375 2274/2385/2377 2248/2673/2664
f 2272/2381/2373 2273/2383/2375 2249/2805/2796
f 2249/2805/2796 2273/2383/2375 2248/2673/2664
f 2249/2805/2796 2248/2673/2664 2701/2671/2662
f 2271/2379/2371 2272/2381/2373 2250/2806/2797
f 2250/2806/2797 2272/2381/2373 2249/2805/2796
f 2250/2806/2797 2249/2805/2796 2702/2807/2798
f 2702/2807/2798 2249/2805/2796 2701/2671/2662
f 2702/2807/2798 2701/2671/2662 2586/2669/2660
f 2270/2377/2369 2271/2379/2371 2251/2808/2799
f 2251/2808/2799 2271/2379/2371 2250/2806/2797
f 2251/2808/2799 2250/2806/2797 2703/2809/2800
f 2703/2809/2800 2250/2806/2797 2702/2807/2798
f 2703/2809/2800 2702/2807/2798 2585/2810/2801
f 2585/2810/2801 2702/2807/2798 2586/2669/2660
f 2585/2810/2801 2586/2669/2660 2340/2667/2658
f 2269/2375/2367 2270/2377/2369 2252/2811/2802
f 2252/2811/2802 2270/2377/2369 2251/2808/2799
f 2252/2811/2802 2251/2808/2799 2704/2812/2803
f 2704/2812/2803 2251/2808/2799 2703/2809/2800
f 2704/2812/2803 2703/2809/2800 2584/2813/2804
f 2584/2813/2804 2703/2809/2800 2585/2810/2801
f 2584/2813/2804 2585/2810/2801 2339/2814/2805
f 2339/2814/2805 2585/2810/2801 2340/2667/2658
f 2339/2814/2805 2340/2667/2658 2322/2665/2656
f 2268/2373/2365 2269/2375/2367 2253/2815/2806
f 2253/2815/2806 2269/2375/2367 2252/2811/2802
f 2253/2815/2806 2252/2811/2802 2705/2816/2807
f 2705/2816/2807 2252/2811/2802 2704/2812/2803
f 2705/2816/2807 2704/2812/2803 2583/2817/2808
f 2583/2817/2808 2704/2812/2803 2584/2813/2804
f 2583/2817/2808 2584/2813/2804 2338/2818/2809
f 2338/2818/2809 2584/2813/2804 2339/2814/2805
f 2338/2818/2809 2339/2814/2805 2323/2819/2810
f 2323/2819/2810 2339/2814/2805 2322/2665/2656
f 2323/2819/2810 2322/2665/2656 2408/2663/2654
f 2267/2371/2363 2268/2373/2365 2254/2820/2811
f 2254/2820/2811 2268/2373/2365 2253/2815/2806
f 2254/2820/2811 2253/2815/2806 2706/2821/2812
f 2706/2821/2812 2253/2815/2806 2705/2816/2807
f 2706/2821/2812 2705/2816/2807 2582/2822/2813
f 2582/2822/2813 2705/2816/2807 2583/2817/2808
f 2582/2822/2813 2583/2817/2808 2337/2823/2814
f 2337/2823/2814 2583/2817/2808 2338/2818/2809
f 2337/2823/2814 2338/2818/2809 2324/2824/2815
f 2324/2824/2815 2338/2818/2809 2323/2819/2810
f 2324/2824/2815 2323/2819/2810 2407/2825/2816
f 2407/2825/2816 2323/2819/2810 2408/2663/2654
f 2407/2825/2816 2408/2663/2654 2394/2661/2652
f 2267/2371/2363 2254/2820/2811 2255/2695/2686
f 2255/2695/2686 2254/2820/2811 2707/2826/2817
f 2255/2695/2686 2707/2826/2817 2708/2693/2684
f 2708/2693/2684 2707/2826/2817 2580/2827/2818
f 2708/2693/2684 2580/2827/2818 2579/2691/2682
f 2579/2691/2682 2580/2827/2818 2334/2828/2819
f 2579/2691/2682 2334/2828/2819 2333/2689/2680
f 2333/2689/2680 2334/2828/2819 2328/2829/2820
f 2333/2689/2680 2328/2829/2820 2329/2687/2678
f 2329/2687/2678 2328/2829/2820 2402/2830/2821
f 2329/2687/2678 2402/2830/2821 2401/2685/2676
f 2401/2685/2676 2402/2830/2821 2400/2683/2674
f 2707/2826/2817 2254/2820/2811 2706/2821/2812
f 2364/2434/2426 2365/2551/2542 2297/2556/2547
f 2297/2556/2547 2365/2551/2542 2296/2550/2541
f 2297/2556/2547 2298/2436/2428 2364/2434/2426
f 2307/2464/2456 2308/2831/2822 2354/2466/2458
f 2354/2466/2458 2308/2831/2822 2353/2832/2823
f 2354/2466/2458 2353/2832/2823 2599/2468/2460
f 2599/2468/2460 2353/2832/2823 2598/2833/2824
f 2599/2468/2460 2598/2833/2824 2689/2470/2462
f 2689/2470/2462 2598/2833/2824 2690/2625/2616
f 2308/2831/2822 2309/2834/2825 2353/2832/2823
f 2353/2832/2823 2309/2834/2825 2352/2835/2826
f 2353/2832/2823 2352/2835/2826 2598/2833/2824
f 2598/2833/2824 2352/2835/2826 2597/2623/2614
f 2598/2833/2824 2597/2623/2614 2690/2625/2616
f 2307/2464/2456 2423/2603/2594 2308/2831/2822
f 2308/2831/2822 2423/2603/2594 2422/2836/2827
f 2308/2831/2822 2422/2836/2827 2309/2834/2825
f 2309/2834/2825 2422/2836/2827 2421/2837/2828
f 2309/2834/2825 2421/2837/2828 2310/2838/2829
f 2310/2838/2829 2421/2837/2828 2420/2839/2830
f 2310/2838/2829 2420/2839/2830 2311/2619/2610
f 2311/2619/2610 2420/2839/2830 2419/2617/2608
f 2309/2834/2825 2310/2838/2829 2352/2835/2826
f 2352/2835/2826 2310/2838/2829 2351/2621/2612
f 2352/2835/2826 2351/2621/2612 2597/2623/2614
f 2310/2838/2829 2311/2619/2610 2351/2621/2612
f 2312/2618/2609 2313/2840/2831 2349/2841/2832
f 2349/2841/2832 2313/2840/2831 2348/2842/2833
f 2349/2841/2832 2348/2842/2833 2594/2843/2834
f 2594/2843/2834 2348/2842/2833 2593/2780/2771
f 2594/2843/2834 2593/2780/2771 2694/2779/2770
f 2313/2840/2831 2314/2844/2835 2348/2842/2833
f 2348/2842/2833 2314/2844/2835 2347/2781/2772
f 2348/2842/2833 2347/2781/2772 2593/2780/2771
f 2312/2618/2609 2418/2616/2607 2313/2840/2831
f 2313/2840/2831 2418/2616/2607 2417/2845/2836
f 2313/2840/2831 2417/2845/2836 2314/2844/2835
f 2314/2844/2835 2417/2845/2836 2416/2846/2837
f 2314/2844/2835 2416/2846/2837 2315/2782/2773
f 2315/2782/2773 2416/2846/2837 2415/2783/2774
f 2314/2844/2835 2315/2782/2773 2347/2781/2772
f 2317/2641/2632 2318/2847/2838 2344/2848/2839
f 2344/2848/2839 2318/2847/2838 2343/2849/2840
f 2344/2848/2839 2343/2849/2840 2589/2850/2841
f 2589/2850/2841 2343/2849/2840 2588/2796/2787
f 2589/2850/2841 2588/2796/2787 2699/2795/2786
f 2318/2847/2838 2319/2851/2842 2343/2849/2840
f 2343/2849/2840 2319/2851/2842 2342/2797/2788
f 2343/2849/2840 2342/2797/2788 2588/2796/2787
f 2317/2641/2632 2413/2639/2630 2318/2847/2838
f 2318/2847/2838 2413/2639/2630 2412/2852/2843
f 2318/2847/2838 2412/2852/2843 2319/2851/2842
f 2319/2851/2842 2412/2852/2843 2411/2853/2844
f 2319/2851/2842 2411/2853/2844 2320/2798/2789
f 2320/2798/2789 2411/2853/2844 2410/2799/2790
f 2319/2851/2842 2320/2798/2789 2342/2797/2788
f 2324/2824/2815 2325/2854/2845 2337/2823/2814
f 2337/2823/2814 2325/2854/2845 2336/2855/2846
f 2337/2823/2814 2336/2855/2846 2582/2822/2813
f 2582/2822/2813 2336/2855/2846 2581/2856/2847
f 2582/2822/2813 2581/2856/2847 2706/2821/2812
f 2706/2821/2812 2581/2856/2847 2707/2826/2817
f 2325/2854/2845 2326/2857/2848 2336/2855/2846
f 2336/2855/2846 2326/2857/2848 2335/2858/2849
f 2336/2855/2846 2335/2858/2849 2581/2856/2847
f 2581/2856/2847 2335/2858/2849 2580/2827/2818
f 2581/2856/2847 2580/2827/2818 2707/2826/2817
f 2325/2854/2845 2324/2824/2815 2406/2859/2850
f 2406/2859/2850 2324/2824/2815 2407/2825/2816
f 2406/2859/2850 2407/2825/2816 2395/2860/2851
f 2395/2860/2851 2407/2825/2816 2394/2661/2652
f 2395/2860/2851 2394/2661/2652 2476/2659/2650
f 2326/2857/2848 2327/2861/2852 2335/2858/2849
f 2335/2858/2849 2327/2861/2852 2334/2828/2819
f 2335/2858/2849 2334/2828/2819 2580/2827/2818
f 2326/2857/2848 2325/2854/2845 2405/2862/2853
f 2405/2862/2853 2325/2854/2845 2406/2859/2850
f 2405/2862/2853 2406/2859/2850 2396/2863/2854
f 2396/2863/2854 2406/2859/2850 2395/2860/2851
f 2396/2863/2854 2395/2860/2851 2475/2864/2855
f 2475/2864/2855 2395/2860/2851 2476/2659/2650
f 2475/2864/2855 2476/2659/2650 2466/2657/2648
f 2334/2828/2819 2327/2861/2852 2328/2829/2820
f 2328/2829/2820 2327/2861/2852 2403/2865/2856
f 2328/2829/2820 2403/2865/2856 2402/2830/2821
f 2402/2830/2821 2403/2865/2856 2399/2866/2857
f 2402/2830/2821 2399/2866/2857 2400/2683/2674
f 2400/2683/2674 2399/2866/2857 2471/2681/2672
f 2327/2861/2852 2326/2857/2848 2404/2867/2858
f 2404/2867/2858 2326/2857/2848 2405/2862/2853
f 2404/2867/2858 2405/2862/2853 2397/2868/2859
f 2397/2868/2859 2405/2862/2853 2396/2863/2854
f 2397/2868/2859 2396/2863/2854 2474/2869/2860
f 2474/2869/2860 2396/2863/2854 2475/2864/2855
f 2474/2869/2860 2475/2864/2855 2467/2870/2861
f 2467/2870/2861 2475/2864/2855 2466/2657/2648
f 2467/2870/2861 2466/2657/2648 2537/2655/2646
f 2590/2794/2785 2345/2643/2634 2344/2848/2839
f 2344/2848/2839 2345/2643/2634 2317/2641/2632
f 2590/2794/2785 2344/2848/2839 2589/2850/2841
f 2595/2778/2769 2350/2620/2611 2349/2841/2832
f 2349/2841/2832 2350/2620/2611 2312/2618/2609
f 2595/2778/2769 2349/2841/2832 2594/2843/2834
f 2434/2555/2546 2435/2554/2545 2367/2562/2553
f 2367/2562/2553 2435/2554/2545 2366/2553/2544
f 2433/2557/2548 2434/2555/2546 2368/2564/2555
f 2368/2564/2555 2434/2555/2546 2367/2562/2553
f 2432/2438/2430 2433/2557/2548 2369/2566/2557
f 2369/2566/2557 2433/2557/2548 2368/2564/2555
f 2369/2566/2557 2370/2440/2432 2432/2438/2430
f 2424/2462/2454 2377/2460/2452 2378/2602/2593
f 2378/2602/2593 2377/2460/2452 2493/2871/2862
f 2378/2602/2593 2493/2871/2862 2492/2600/2591
f 2492/2600/2591 2493/2871/2862 2449/2872/2863
f 2492/2600/2591 2449/2872/2863 2450/2598/2589
f 2450/2598/2589 2449/2872/2863 2520/2873/2864
f 2450/2598/2589 2520/2873/2864 2521/2596/2587
f 2521/2596/2587 2520/2873/2864 2556/2874/2865
f 2521/2596/2587 2556/2874/2865 2557/2594/2585
f 2557/2594/2585 2556/2874/2865 2183/2588/2579
f 2493/2871/2862 2377/2460/2452 2494/2458/2450
f 2422/2836/2827 2423/2603/2594 2379/2601/2592
f 2421/2837/2828 2422/2836/2827 2380/2875/2866
f 2380/2875/2866 2422/2836/2827 2379/2601/2592
f 2380/2875/2866 2379/2601/2592 2491/2599/2590
f 2420/2839/2830 2421/2837/2828 2381/2876/2867
f 2381/2876/2867 2421/2837/2828 2380/2875/2866
f 2381/2876/2867 2380/2875/2866 2490/2877/2868
f 2490/2877/2868 2380/2875/2866 2491/2599/2590
f 2490/2877/2868 2491/2599/2590 2451/2597/2588
f 2419/2617/2608 2420/2839/2830 2382/2878/2869
f 2382/2878/2869 2420/2839/2830 2381/2876/2867
f 2382/2878/2869 2381/2876/2867 2489/2879/2870
f 2489/2879/2870 2381/2876/2867 2490/2877/2868
f 2489/2879/2870 2490/2877/2868 2452/2880/2871
f 2452/2880/2871 2490/2877/2868 2451/2597/2588
f 2452/2880/2871 2451/2597/2588 2522/2595/2586
f 2419/2617/2608 2382/2878/2869 2383/2615/2606
f 2383/2615/2606 2382/2878/2869 2488/2881/2872
f 2383/2615/2606 2488/2881/2872 2487/2613/2604
f 2487/2613/2604 2488/2881/2872 2454/2882/2873
f 2487/2613/2604 2454/2882/2873 2455/2611/2602
f 2455/2611/2602 2454/2882/2873 2525/2883/2874
f 2455/2611/2602 2525/2883/2874 2526/2609/2600
f 2526/2609/2600 2525/2883/2874 2561/2884/2875
f 2526/2609/2600 2561/2884/2875 2562/2607/2598
f 2562/2607/2598 2561/2884/2875 2184/2591/2582
f 2488/2881/2872 2382/2878/2869 2489/2879/2870
f 2417/2845/2836 2418/2616/2607 2384/2614/2605
f 2416/2846/2837 2417/2845/2836 2385/2885/2876
f 2385/2885/2876 2417/2845/2836 2384/2614/2605
f 2385/2885/2876 2384/2614/2605 2486/2612/2603
f 2415/2783/2774 2416/2846/2837 2386/2886/2877
f 2386/2886/2877 2416/2846/2837 2385/2885/2876
f 2386/2886/2877 2385/2885/2876 2485/2887/2878
f 2485/2887/2878 2385/2885/2876 2486/2612/2603
f 2485/2887/2878 2486/2612/2603 2456/2610/2601
f 2415/2783/2774 2386/2886/2877 2387/2784/2775
f 2387/2784/2775 2386/2886/2877 2484/2888/2879
f 2387/2784/2775 2484/2888/2879 2483/2785/2776
f 2483/2785/2776 2484/2888/2879 2458/2889/2880
f 2483/2785/2776 2458/2889/2880 2459/2786/2777
f 2459/2786/2777 2458/2889/2880 2529/2890/2881
f 2459/2786/2777 2529/2890/2881 2530/2787/2778
f 2530/2787/2778 2529/2890/2881 2565/2891/2882
f 2530/2787/2778 2565/2891/2882 2566/2788/2779
f 2566/2788/2779 2565/2891/2882 2185/2604/2595
f 2484/2888/2879 2386/2886/2877 2485/2887/2878
f 2412/2852/2843 2413/2639/2630 2389/2637/2628
f 2411/2853/2844 2412/2852/2843 2390/2892/2883
f 2390/2892/2883 2412/2852/2843 2389/2637/2628
f 2390/2892/2883 2389/2637/2628 2481/2635/2626
f 2410/2799/2790 2411/2853/2844 2391/2893/2884
f 2391/2893/2884 2411/2853/2844 2390/2892/2883
f 2391/2893/2884 2390/2892/2883 2480/2894/2885
f 2480/2894/2885 2390/2892/2883 2481/2635/2626
f 2480/2894/2885 2481/2635/2626 2461/2633/2624
f 2410/2799/2790 2391/2893/2884 2392/2800/2791
f 2392/2800/2791 2391/2893/2884 2479/2895/2886
f 2392/2800/2791 2479/2895/2886 2478/2801/2792
f 2478/2801/2792 2479/2895/2886 2463/2896/2887
f 2478/2801/2792 2463/2896/2887 2464/2802/2793
f 2464/2802/2793 2463/2896/2887 2534/2897/2888
f 2464/2802/2793 2534/2897/2888 2535/2803/2794
f 2535/2803/2794 2534/2897/2888 2570/2898/2889
f 2535/2803/2794 2570/2898/2889 2571/2804/2795
f 2571/2804/2795 2570/2898/2889 2186/2627/2618
f 2479/2895/2886 2391/2893/2884 2480/2894/2885
f 2397/2868/2859 2398/2899/2890 2404/2867/2858
f 2404/2867/2858 2398/2899/2890 2403/2865/2856
f 2404/2867/2858 2403/2865/2856 2327/2861/2852
f 2403/2865/2856 2398/2899/2890 2399/2866/2857
f 2399/2866/2857 2398/2899/2890 2472/2900/2891
f 2399/2866/2857 2472/2900/2891 2471/2681/2672
f 2471/2681/2672 2472/2900/2891 2470/2679/2670
f 2398/2899/2890 2397/2868/2859 2473/2901/2892
f 2473/2901/2892 2397/2868/2859 2474/2869/2860
f 2473/2901/2892 2474/2869/2860 2468/2902/2893
f 2468/2902/2893 2474/2869/2860 2467/2870/2861
f 2468/2902/2893 2467/2870/2861 2538/2903/2894
f 2538/2903/2894 2467/2870/2861 2537/2655/2646
f 2538/2903/2894 2537/2655/2646 2573/2653/2644
f 2503/2563/2554 2504/2561/2552 2438/2904/2895
f 2438/2904/2895 2504/2561/2552 2437/2576/2567
f 2438/2904/2895 2437/2576/2567 2508/2581/2572
f 2502/2565/2556 2503/2563/2554 2439/2905/2896
f 2439/2905/2896 2503/2563/2554 2438/2904/2895
f 2439/2905/2896 2438/2904/2895 2509/2906/2897
f 2509/2906/2897 2438/2904/2895 2508/2581/2572
f 2509/2906/2897 2508/2581/2572 2544/2579/2570
f 2502/2565/2556 2439/2905/2896 2440/2587/2578
f 2440/2587/2578 2439/2905/2896 2510/2907/2898
f 2440/2587/2578 2510/2907/2898 2511/2585/2576
f 2511/2585/2576 2510/2907/2898 2546/2908/2899
f 2511/2585/2576 2546/2908/2899 2547/2583/2574
f 2547/2583/2574 2546/2908/2899 2181/2577/2568
f 2510/2907/2898 2439/2905/2896 2509/2906/2897
f 2500/2442/2434 2501/2567/2558 2441/2586/2577
f 2500/2442/2434 2441/2586/2577 2442/2444/2436
f 2442/2444/2436 2441/2586/2577 2512/2584/2575
f 2442/2444/2436 2512/2584/2575 2513/2446/2438
f 2513/2446/2438 2512/2584/2575 2548/2582/2573
f 2513/2446/2438 2548/2582/2573 2549/2448/2440
f 2493/2871/2862 2494/2458/2450 2448/2909/2900
f 2448/2909/2900 2494/2458/2450 2447/2456/2448
f 2448/2909/2900 2447/2456/2448 2518/2910/2901
f 2518/2910/2901 2447/2456/2448 2517/2454/2446
f 2518/2910/2901 2517/2454/2446 2553/2590/2581
f 2493/2871/2862 2448/2909/2900 2449/2872/2863
f 2449/2872/2863 2448/2909/2900 2519/2911/2902
f 2449/2872/2863 2519/2911/2902 2520/2873/2864
f 2520/2873/2864 2519/2911/2902 2555/2912/2903
f 2520/2873/2864 2555/2912/2903 2556/2874/2865
f 2556/2874/2865 2555/2912/2903 2183/2588/2579
f 2519/2911/2902 2448/2909/2900 2518/2910/2901
f 2488/2881/2872 2489/2879/2870 2453/2913/2904
f 2453/2913/2904 2489/2879/2870 2452/2880/2871
f 2453/2913/2904 2452/2880/2871 2523/2914/2905
f 2523/2914/2905 2452/2880/2871 2522/2595/2586
f 2523/2914/2905 2522/2595/2586 2558/2593/2584
f 2488/2881/2872 2453/2913/2904 2454/2882/2873
f 2454/2882/2873 2453/2913/2904 2524/2915/2906
f 2454/2882/2873 2524/2915/2906 2525/2883/2874
f 2525/2883/2874 2524/2915/2906 2560/2916/2907
f 2525/2883/2874 2560/2916/2907 2561/2884/2875
f 2561/2884/2875 2560/2916/2907 2184/2591/2582
f 2524/2915/2906 2453/2913/2904 2523/2914/2905
f 2484/2888/2879 2485/2887/2878 2457/2917/2908
f 2457/2917/2908 2485/2887/2878 2456/2610/2601
f 2457/2917/2908 2456/2610/2601 2527/2608/2599
f 2484/2888/2879 2457/2917/2908 2458/2889/2880
f 2458/2889/2880 2457/2917/2908 2528/2918/2909
f 2458/2889/2880 2528/2918/2909 2529/2890/2881
f 2529/2890/2881 2528/2918/2909 2564/2605/2596
f 2529/2890/2881 2564/2605/2596 2565/2891/2882
f 2565/2891/2882 2564/2605/2596 2185/2604/2595
f 2528/2918/2909 2457/2917/2908 2527/2608/2599
f 2479/2895/2886 2480/2894/2885 2462/2919/2910
f 2462/2919/2910 2480/2894/2885 2461/2633/2624
f 2462/2919/2910 2461/2633/2624 2532/2631/2622
f 2479/2895/2886 2462/2919/2910 2463/2896/2887
f 2463/2896/2887 2462/2919/2910 2533/2920/2911
f 2463/2896/2887 2533/2920/2911 2534/2897/2888
f 2534/2897/2888 2533/2920/2911 2569/2628/2619
f 2534/2897/2888 2569/2628/2619 2570/2898/2889
f 2570/2898/2889 2569/2628/2619 2186/2627/2618
f 2533/2920/2911 2462/2919/2910 2532/2631/2622
f 2468/2902/2893 2469/2921/2912 2473/2901/2892
f 2473/2901/2892 2469/2921/2912 2472/2900/2891
f 2473/2901/2892 2472/2900/2891 2398/2899/2890
f 2540/2677/2668 2470/2679/2670 2469/2921/2912
f 2469/2921/2912 2470/2679/2670 2472/2900/2891
f 2469/2921/2912 2468/2902/2893 2539/2922/2913
f 2539/2922/2913 2468/2902/2893 2538/2903/2894
f 2539/2922/2913 2538/2903/2894 2574/2652/2643
f 2574/2652/2643 2538/2903/2894 2573/2653/2644
f 2543/2580/2571 2507/2575/2566 2542/2574/2565
f 2544/2579/2570 2545/2578/2569 2509/2906/2897
f 2509/2906/2897 2545/2578/2569 2510/2907/2898
f 2553/2590/2581 2554/2589/2580 2518/2910/2901
f 2518/2910/2901 2554/2589/2580 2519/2911/2902
f 2558/2593/2584 2559/2592/2583 2523/2914/2905
f 2523/2914/2905 2559/2592/2583 2524/2915/2906
f 2564/2605/2596 2528/2918/2909 2563/2606/2597
f 2563/2606/2597 2528/2918/2909 2527/2608/2599
f 2569/2628/2619 2533/2920/2911 2568/2629/2620
f 2568/2629/2620 2533/2920/2911 2532/2631/2622
f 2575/2675/2666 2540/2677/2668 2539/2922/2913
f 2539/2922/2913 2540/2677/2668 2469/2921/2912
f 2575/2675/2666 2539/2922/2913 2574/2652/2643
f 2180/2573/2564 2543/2580/2571 2542/2574/2565
f 2181/2577/2568 2546/2908/2899 2545/2578/2569
f 2545/2578/2569 2546/2908/2899 2510/2907/2898
f 2183/2588/2579 2555/2912/2903 2554/2589/2580
f 2554/2589/2580 2555/2912/2903 2519/2911/2902
f 2184/2591/2582 2560/2916/2907 2559/2592/2583
f 2559/2592/2583 2560/2916/2907 2524/2915/2906
f 2189/2701/2692 2711/2710/2701 2576/2702/2693
f 2576/2702/2693 2711/2710/2701 2577/2698/2689
f 2711/2710/2701 2710/2699/2690 2577/2698/2689
f 2698/2793/2784 2590/2794/2785 2589/2850/2841
f 2698/2793/2784 2589/2850/2841 2699/2795/2786
f 2693/2777/2768 2595/2778/2769 2594/2843/2834
f 2693/2777/2768 2594/2843/2834 2694/2779/2770
f 2678/2718/2709 2612/2360/2352 2611/2358/2350
f 2674/2717/2708 2616/2368/2360 2615/2366/2358
f 2674/2717/2708 2615/2366/2358 2675/2481/2473
f 2670/2716/2707 2620/2376/2368 2619/2374/2366
f 2670/2716/2707 2619/2374/2366 2671/2490/2482
f 2666/2715/2706 2624/2384/2376 2623/2382/2374
f 2666/2715/2706 2623/2382/2374 2667/2499/2491
f 2661/2714/2705 2629/2394/2386 2628/2392/2384
f 2661/2714/2705 2628/2392/2384 2662/2511/2503
f 2657/2713/2704 2633/2402/2394 2632/2400/2392
f 2657/2713/2704 2632/2400/2392 2658/2520/2512
f 2653/2712/2703 2637/2410/2402 2636/2408/2400
f 2653/2712/2703 2636/2408/2400 2654/2529/2521
f 1574/2428/2420 2188/2703/2694 2191/2547/2539
f 2653/2712/2703 2654/2529/2521 2199/2530/2522
f 2657/2713/2704 2658/2520/2512 2203/2521/2513
f 2661/2714/2705 2662/2511/2503 2207/2512/2504
f 2666/2715/2706 2667/2499/2491 2212/2500/2492
f 2670/2716/2707 2671/2490/2482 2216/2491/2483
f 2674/2717/2708 2675/2481/2473 2220/2482/2474
f 2611/2358/2350 2187/2356/2348 2678/2718/2709
f 2678/2718/2709 2187/2356/2348 2224/2473/2465
f 2713/2923/2914 356/2924/2915 2712/2925/2916
f 2712/2926/2916 356/2927/2915 355/2928/2917
f 2712/2926/2916 355/2928/2917 2802/2929/2918
f 2802/2929/2918 355/2928/2917 354/2930/2919
f 2802/2929/2918 354/2930/2919 353/2931/2920
f 356/2924/2915 2713/2923/2914 357/2932/2921
f 357/2932/2921 2713/2923/2914 2714/2933/2922
f 357/2932/2921 2714/2933/2922 358/2934/2923
f 358/2934/2923 2714/2933/2922 2715/2935/2924
f 358/2934/2923 2715/2935/2924 359/2936/2925
f 359/2936/2925 2715/2935/2924 2716/2937/2926
f 359/2936/2925 2716/2937/2926 360/2938/2927
f 360/2938/2927 2716/2937/2926 2717/2939/2928
f 360/2938/2927 2717/2939/2928 361/2940/2929
f 361/2940/2929 2717/2939/2928 2718/2941/2930
f 361/2940/2929 2718/2941/2930 362/2942/2931
f 362/2942/2931 2718/2941/2930 2719/2943/2932
f 362/2942/2931 2719/2943/2932 363/2944/2933
f 363/2944/2933 2719/2943/2932 2720/2945/2934
f 363/2944/2933 2720/2945/2934 364/2946/2935
f 364/2946/2935 2720/2945/2934 2721/2947/2936
f 364/2946/2935 2721/2947/2936 365/2948/2937
f 365/2948/2937 2721/2947/2936 2722/2949/2938
f 365/2948/2937 2722/2949/2938 366/2950/2939
f 366/2950/2939 2722/2949/2938 2723/2951/2940
f 366/2950/2939 2723/2951/2940 367/2952/2941
f 367/2952/2941 2723/2951/2940 2724/2953/2942
f 367/2952/2941 2724/2953/2942 368/2954/2943
f 368/2954/2943 2724/2953/2942 2725/2955/2944
f 368/2954/2943 2725/2955/2944 2160/2956/2945
f 2160/2956/2945 2725/2955/2944 2726/2957/2946
f 2160/2956/2945 2726/2957/2946 2161/2958/2947
f 2161/2958/2947 2726/2957/2946 2727/2959/2948
f 2161/2958/2947 2727/2959/2948 2162/2960/2949
f 2162/2960/2949 2727/2959/2948 2728/2961/2950
f 2162/2960/2949 2728/2961/2950 2163/2962/2951
f 2163/2962/2951 2728/2961/2950 2729/2963/2952
f 2163/2962/2951 2729/2963/2952 2164/2964/2953
f 2164/2964/2953 2729/2963/2952 2730/2965/2954
f 2164/2964/2953 2730/2965/2954 2165/2966/2955
f 2165/2966/2955 2730/2965/2954 2731/2967/2956
f 2165/2966/2955 2731/2967/2956 2166/2968/2957
f 2166/2968/2957 2731/2967/2956 2732/2969/2958
f 2166/2968/2957 2732/2969/2958 2167/2970/2959
f 2167/2970/2959 2732/2969/2958 2733/2971/2960
f 2167/2970/2959 2733/2971/2960 2168/2972/2961
f 2168/2972/2961 2733/2971/2960 2734/2973/2962
f 2168/2972/2961 2734/2973/2962 2169/2974/2963
f 2169/2974/2963 2734/2973/2962 2735/2975/2964
f 2169/2974/2963 2735/2975/2964 2170/2976/2965
f 2170/2976/2965 2735/2975/2964 2736/2977/2966
f 2170/2976/2965 2736/2977/2966 2171/2978/2967
f 2171/2978/2967 2736/2977/2966 2737/2979/2968
f 2171/2978/2967 2737/2979/2968 2172/2980/2969
f 2172/2980/2969 2737/2979/2968 2738/2981/2970
f 2172/2980/2969 2738/2981/2970 2173/2982/2971
f 2173/2982/2971 2738/2981/2970 2739/2983/2972
f 2173/2982/2971 2739/2983/2972 2174/2984/2973
f 2174/2984/2973 2739/2983/2972 2740/2985/2974
f 2174/2984/2973 2740/2985/2974 2175/2986/2975
f 2175/2986/2975 2740/2985/2974 2741/2987/2976
f 2175/2986/2975 2741/2987/2976 2176/2988/2977
f 2176/2988/2977 2741/2987/2976 2742/2989/2978
f 2176/2988/2977 2742/2989/2978 2177/2990/2979
f 2177/2990/2979 2742/2989/2978 2743/2991/2980
f 2177/2990/2979 2743/2991/2980 2178/2992/2981
f 2178/2992/2981 2743/2991/2980 2744/2993/2982
f 2178/2992/2981 2744/2993/2982 2179/2994/2983
f 2179/2994/2983 2744/2993/2982 2745/2995/2984
f 2179/2994/2983 2745/2995/2984 1535/2996/2985
f 1535/2996/2985 2745/2995/2984 2746/2997/2986
f 1535/2996/2985 2746/2997/2986 1536/2998/2987
f 1536/2998/2987 2746/2997/2986 2747/2999/2988
f 1536/2998/2987 2747/2999/2988 1537/3000/2989
f 1537/3000/2989 2747/2999/2988 2748/3001/2990
f 1537/3000/2989 2748/3001/2990 1538/3002/2991
f 1538/3002/2991 2748/3001/2990 2749/3003/2992
f 1538/3002/2991 2749/3003/2992 1539/3004/2993
f 1539/3004/2993 2749/3003/2992 2750/3005/2994
f 1539/3004/2993 2750/3005/2994 1540/3006/2995
f 1540/3006/2995 2750/3005/2994 2751/3007/2996
f 1540/3006/2995 2751/3007/2996 1541/3008/2997
f 1541/3008/2997 2751/3007/2996 2752/3009/2998
f 1541/3008/2997 2752/3009/2998 1542/3010/2999
f 1542/3010/2999 2752/3009/2998 2753/3011/3000
f 1542/3010/2999 2753/3011/3000 1543/3012/3001
f 1543/3012/3001 2753/3011/3000 2754/3013/3002
f 1543/3012/3001 2754/3013/3002 1544/3014/3003
f 1544/3014/3003 2754/3013/3002 2755/3015/3004
f 1544/3014/3003 2755/3015/3004 1545/3016/3005
f 1545/3016/3005 2755/3015/3004 2756/3017/3006
f 1545/3016/3005 2756/3017/3006 1546/3018/3007
f 1546/3018/3007 2756/3017/3006 2757/3019/3008
f 1546/3018/3007 2757/3019/3008 1547/3020/3009
f 1547/3020/3009 2757/3019/3008 2758/3021/3010
f 1547/3020/3009 2758/3021/3010 1548/3022/3011
f 1548/3022/3011 2758/3021/3010 2759/3023/3012
f 1548/3022/3011 2759/3023/3012 1549/3024/3013
f 1549/3024/3013 2759/3023/3012 2760/3025/3014
f 1549/3024/3013 2760/3025/3014 1550/3026/3015
f 1550/3026/3015 2760/3025/3014 2761/3027/3016
f 1550/3026/3015 2761/3027/3016 1551/3028/3017
f 1551/3028/3017 2761/3027/3016 2762/3029/3018
f 1551/3028/3017 2762/3029/3018 1552/3030/3019
f 1552/3030/3019 2762/3029/3018 2763/3031/3020
f 1552/3030/3019 2763/3031/3020 1553/3032/3021
f 1553/3032/3021 2763/3031/3020 2764/3033/3022
f 1553/3032/3021 2764/3033/3022 1554/3034/3023
f 1554/3034/3023 2764/3033/3022 2765/3035/3024
f 1554/3034/3023 2765/3035/3024 1555/3036/3025
f 1555/3036/3025 2765/3035/3024 2766/3037/3026
f 1555/3036/3025 2766/3037/3026 1556/3038/3027
f 1556/3038/3027 2766/3037/3026 2767/3039/3028
f 1556/3038/3027 2767/3039/3028 1557/3040/3029
f 1557/3040/3029 2767/3039/3028 2768/3041/3030
f 1557/3040/3029 2768/3041/3030 1558/3042/3031
f 1558/3042/3031 2768/3041/3030 2769/3043/3032
f 1558/3042/3031 2769/3043/3032 1559/3044/3033
f 1559/3044/3033 2769/3043/3032 2770/3045/3034
f 1559/3044/3033 2770/3045/3034 976/3046/3035
f 976/3046/3035 2770/3045/3034 2771/3047/3036
f 976/3046/3035 2771/3047/3036 977/3048/3037
f 977/3048/3037 2771/3047/3036 2772/3049/3038
f 977/3048/3037 2772/3049/3038 978/3050/3039
f 978/3050/3039 2772/3049/3038 2773/3051/3040
f 978/3050/3039 2773/3051/3040 979/3052/3041
f 979/3052/3041 2773/3051/3040 2774/3053/3042
f 979/3052/3041 2774/3053/3042 980/3054/3043
f 980/3054/3043 2774/3053/3042 2775/3055/3044
f 980/3054/3043 2775/3055/3044 981/3056/3045
f 981/3056/3045 2775/3055/3044 2776/3057/3046
f 981/3056/3045 2776/3057/3046 982/3058/3047
f 982/3058/3047 2776/3057/3046 2777/3059/3048
f 982/3058/3047 2777/3059/3048 983/3060/3049
f 983/3060/3049 2777/3059/3048 2778/3061/3050
f 983/3060/3049 2778/3061/3050 984/3062/3051
f 984/3062/3051 2778/3061/3050 2779/3063/3052
f 984/3062/3051 2779/3063/3052 985/3064/3053
f 985/3064/3053 2779/3063/3052 2780/3065/3054
f 985/3064/3053 2780/3065/3054 986/3066/3055
f 986/3066/3055 2780/3065/3054 2781/3067/3056
f 986/3066/3055 2781/3067/3056 987/3068/3057
f 987/3068/3057 2781/3067/3056 2782/3069/3058
f 987/3068/3057 2782/3069/3058 988/3070/3059
f 988/3070/3059 2782/3069/3058 2783/3071/3060
f 988/3070/3059 2783/3071/3060 989/3072/3061
f 989/3072/3061 2783/3071/3060 2784/3073/3062
f 989/3072/3061 2784/3073/3062 990/3074/3063
f 990/3074/3063 2784/3073/3062 2785/3075/3064
f 990/3074/3063 2785/3075/3064 991/3076/3065
f 991/3076/3065 2785/3075/3064 2786/3077/3066
f 991/3076/3065 2786/3077/3066 992/3078/3067
f 992/3078/3067 2786/3077/3066 2787/3079/3068
f 992/3078/3067 2787/3079/3068 993/3080/3069
f 993/3080/3069 2787/3079/3068 2788/3081/3070
f 993/3080/3069 2788/3081/3070 994/3082/3071
f 994/3082/3071 2788/3081/3070 2789/3083/3072
f 994/3082/3071 2789/3083/3072 995/3084/3073
f 995/3084/3073 2789/3083/3072 2790/3085/3074
f 995/3084/3073 2790/3085/3074 996/3086/3075
f 996/3086/3075 2790/3085/3074 2791/3087/3076
f 996/3086/3075 2791/3087/3076 343/3088/3077
f 343/3088/3077 2791/3087/3076 2792/3089/3078
f 343/3088/3077 2792/3089/3078 344/3090/3079
f 344/3090/3079 2792/3089/3078 2793/3091/3080
f 344/3090/3079 2793/3091/3080 345/3092/3081
f 345/3092/3081 2793/3091/3080 2794/3093/3082
f 345/3092/3081 2794/3093/3082 346/3094/3083
f 346/3094/3083 2794/3093/3082 2795/3095/3084
f 346/3094/3083 2795/3095/3084 347/3096/3085
f 347/3096/3085 2795/3095/3084 2796/3097/3086
f 347/3096/3085 2796/3097/3086 348/3098/3087
f 348/3098/3087 2796/3097/3086 2797/3099/3088
f 348/3098/3087 2797/3099/3088 349/3100/3089
f 349/3100/3089 2797/3099/3088 2798/3101/3090
f 349/3100/3089 2798/3101/3090 350/3102/3091
f 350/3102/3091 2798/3101/3090 2799/3103/3092
f 350/3102/3091 2799/3103/3092 351/3104/3093
f 351/3104/3093 2799/3103/3092 2800/3105/3094
f 351/3104/3093 2800/3105/3094 352/3106/3095
f 352/3106/3095 2800/3105/3094 2801/3107/3096
f 352/3106/3095 2801/3107/3096 353/2931/2920
f 353/2931/2920 2801/3107/3096 2802/2929/2918
f 219/3108/3097 2758/3109/3098 138/3110/3099
f 138/3110/3099 2758/3109/3098 2757/3111/3100
f 138/3110/3099 2757/3111/3100 139/3112/3101
f 139/3112/3101 2757/3111/3100 2756/3113/3102
f 139/3112/3101 2756/3113/3102 140/3114/3103
f 140/3114/3103 2756/3113/3102 2755/3115/3104
f 140/3114/3103 2755/3115/3104 141/3116/3105
f 141/3116/3105 2755/3115/3104 2754/3117/3106
f 141/3116/3105 2754/3117/3106 142/3118/3107
f 142/3118/3107 2754/3117/3106 2753/3119/3108
f 142/3118/3107 2753/3119/3108 143/3120/3109
f 143/3120/3109 2753/3119/3108 2752/3121/3110
f 143/3120/3109 2752/3121/3110 2751/3122/3111
f 2758/3109/3098 219/3108/3097 2759/3123/3112
f 2759/3123/3112 219/3108/3097 218/3124/3113
f 2759/3123/3112 218/3124/3113 2760/3125/3114
f 2760/3125/3114 218/3124/3113 217/3126/3115
f 2760/3125/3114 217/3126/3115 2761/3127/3116
f 2761/3127/3116 217/3126/3115 216/3128/3117
f 2761/3127/3116 216/3128/3117 2762/3129/3118
f 2762/3129/3118 216/3128/3117 215/3130/3119
f 2762/3129/3118 215/3130/3119 2763/3131/3120
f 2763/3131/3120 215/3130/3119 2764/3132/3121
f 2764/3132/3121 215/3130/3119 214/3133/3122
f 2764/3132/3121 214/3133/3122 2765/3134/3123
f 2765/3134/3123 214/3133/3122 213/3135/3124
f 2765/3134/3123 213/3135/3124 2766/3136/3125
f 2766/3136/3125 213/3135/3124 212/3137/3126
f 2766/3136/3125 212/3137/3126 2767/3138/3127
f 2767/3138/3127 212/3137/3126 211/3139/3128
f 2767/3138/3127 211/3139/3128 2768/3140/3129
f 2768/3140/3129 211/3139/3128 210/3141/3130
f 2768/3140/3129 210/3141/3130 2769/3142/3131
f 2769/3142/3131 210/3141/3130 209/3143/3132
f 2769/3142/3131 209/3143/3132 2770/3144/3133
f 2770/3144/3133 209/3143/3132 208/3145/3134
f 2770/3144/3133 208/3145/3134 2771/3146/3135
f 2771/3146/3135 208/3145/3134 207/3147/3136
f 2771/3146/3135 207/3147/3136 2772/3148/3137
f 2772/3148/3137 207/3147/3136 206/3149/3138
f 2772/3148/3137 206/3149/3138 2773/3150/3139
f 2773/3150/3139 206/3149/3138 2774/3151/3140
f 2774/3151/3140 206/3149/3138 205/3152/3141
f 2774/3151/3140 205/3152/3141 2775/3153/3142
f 2775/3153/3142 205/3152/3141 204/3154/3143
f 2775/3153/3142 204/3154/3143 2776/3155/3144
f 2776/3155/3144 204/3154/3143 203/3156/3145
f 2776/3155/3144 203/3156/3145 2777/3157/3146
f 2777/3157/3146 203/3156/3145 202/3158/3147
f 2777/3157/3146 202/3158/3147 2778/3159/3148
f 2778/3159/3148 202/3158/3147 201/3160/3149
f 2778/3159/3148 201/3160/3149 2779/3161/3150
f 2779/3161/3150 201/3160/3149 200/3162/3151
f 2779/3161/3150 200/3162/3151 2780/3163/3152
f 2780/3163/3152 200/3162/3151 199/3164/3153
f 2780/3163/3152 199/3164/3153 2781/3165/3154
f 2781/3165/3154 199/3164/3153 198/3166/3155
f 2781/3165/3154 198/3166/3155 2782/3167/3156
f 2782/3167/3156 198/3166/3155 197/3168/3157
f 2782/3167/3156 197/3168/3157 2783/3169/3158
f 2783/3169/3158 197/3168/3157 2784/3170/3159
f 2784/3170/3159 197/3168/3157 196/3171/3160
f 2784/3170/3159 196/3171/3160 2785/3172/3161
f 2785/3172/3161 196/3171/3160 195/3173/3162
f 2785/3172/3161 195/3173/3162 2786/3174/3163
f 2786/3174/3163 195/3173/3162 194/3175/3164
f 2786/3174/3163 194/3175/3164 2787/3176/3165
f 2787/3176/3165 194/3175/3164 193/3177/3166
f 2787/3176/3165 193/3177/3166 2788/3178/3167
f 2788/3178/3167 193/3177/3166 192/3179/3168
f 2788/3178/3167 192/3179/3168 2789/3180/3169
f 2789/3180/3169 192/3179/3168 191/3181/3170
f 2789/3180/3169 191/3181/3170 2790/3182/3171
f 2790/3182/3171 191/3181/3170 190/3183/3172
f 2790/3182/3171 190/3183/3172 2791/3184/3173
f 2791/3184/3173 190/3183/3172 189/3185/3174
f 2791/3184/3173 189/3185/3174 2792/3186/3175
f 2792/3186/3175 189/3185/3174 188/3187/3176
f 2792/3186/3175 188/3187/3176 2793/3188/3177
f 2793/3188/3177 188/3187/3176 2794/3189/3178
f 2794/3189/3178 188/3187/3176 187/3190/3179
f 2794/3189/3178 187/3190/3179 2795/3191/3180
f 2795/3191/3180 187/3190/3179 186/3192/3181
f 2795/3191/3180 186/3192/3181 2796/3193/3182
f 2796/3193/3182 186/3192/3181 185/3194/3183
f 2796/3193/3182 185/3194/3183 2797/3195/3184
f 2797/3195/3184 185/3194/3183 184/3196/3185
f 2797/3195/3184 184/3196/3185 2798/3197/3186
f 2798/3197/3186 184/3196/3185 183/3198/3187
f 2798/3197/3186 183/3198/3187 2799/3199/3188
f 2799/3199/3188 183/3198/3187 182/3200/3189
f 2799/3199/3188 182/3200/3189 2800/3201/3190
f 2800/3201/3190 182/3200/3189 181/3202/3191
f 2800/3201/3190 181/3202/3191 2801/3203/3192
f 2801/3203/3192 181/3202/3191 180/3204/3193
f 2801/3203/3192 180/3204/3193 2802/3205/3194
f 2802/3205/3194 180/3204/3193 179/3206/3195
f 2802/3205/3194 179/3206/3195 2712/3207/3196
f 2712/3207/3196 179/3206/3195 2713/3208/3197
f 2713/3208/3197 179/3206/3195 178/3209/3198
f 2713/3208/3197 178/3209/3198 2714/3210/3199
f 2714/3210/3199 178/3209/3198 177/3211/3200
f 2714/3210/3199 177/3211/3200 2715/3212/3201
f 2715/3212/3201 177/3211/3200 176/3213/3202
f 2715/3212/3201 176/3213/3202 2716/3214/3203
f 2716/3214/3203 176/3213/3202 175/3215/3204
f 2716/3214/3203 175/3215/3204 2717/3216/3205
f 2717/3216/3205 175/3215/3204 174/3217/3206
f 2717/3216/3205 174/3217/3206 2718/3218/3207
f 2718/3218/3207 174/3217/3206 173/3219/3208
f 2718/3218/3207 173/3219/3208 2719/3220/3209
f 2719/3220/3209 173/3219/3208 172/3221/3210
f 2719/3220/3209 172/3221/3210 2720/3222/3211
f 2720/3222/3211 172/3221/3210 171/3223/3212
f 2720/3222/3211 171/3223/3212 2721/3224/3213
f 2721/3224/3213 171/3223/3212 170/3225/3214
f 2721/3224/3213 170/3225/3214 2722/3226/3215
f 2722/3226/3215 170/3225/3214 2723/3227/3216
f 2723/3227/3216 170/3225/3214 169/3228/3217
f 2723/3227/3216 169/3228/3217 2724/3229/3218
f 2724/3229/3218 169/3228/3217 168/3230/3219
f 2724/3229/3218 168/3230/3219 2725/3231/3220
f 2725/3231/3220 168/3230/3219 167/3232/3221
f 2725/3231/3220 167/3232/3221 2726/3233/3222
f 2726/3233/3222 167/3232/3221 166/3234/3223
f 2726/3233/3222 166/3234/3223 2727/3235/3224
f 2727/3235/3224 166/3234/3223 165/3236/3225
f 2727/3235/3224 165/3236/3225 2728/3237/3226
f 2728/3237/3226 165/3236/3225 164/3238/3227
f 2728/3237/3226 164/3238/3227 2729/3239/3228
f 2729/3239/3228 164/3238/3227 163/3240/3229
f 2729/3239/3228 163/3240/3229 2730/3241/3230
f 2730/3241/3230 163/3240/3229 162/3242/3231
f 2730/3241/3230 162/3242/3231 2731/3243/3232
f 2731/3243/3232 162/3242/3231 161/3244/3233
f 2731/3243/3232 161/3244/3233 2732/3245/3234
f 2732/3245/3234 161/3244/3233 2733/3246/3235
f 2733/3246/3235 161/3244/3233 160/3247/3236
f 2733/3246/3235 160/3247/3236 2734/3248/3237
f 2734/3248/3237 160/3247/3236 159/3249/3238
f 2734/3248/3237 159/3249/3238 2735/3250/3239
f 2735/3250/3239 159/3249/3238 158/3251/3240
f 2735/3250/3239 158/3251/3240 2736/3252/3241
f 2736/3252/3241 158/3251/3240 157/3253/3242
f 2736/3252/3241 157/3253/3242 2737/3254/3243
f 2737/3254/3243 157/3253/3242 156/3255/3244
f 2737/3254/3243 156/3255/3244 2738/3256/3245
f 2738/3256/3245 156/3255/3244 155/3257/3246
f 2738/3256/3245 155/3257/3246 2739/3258/3247
f 2739/3258/3247 155/3257/3246 154/3259/3248
f 2739/3258/3247 154/3259/3248 2740/3260/3249
f 2740/3260/3249 154/3259/3248 153/3261/3250
f 2740/3260/3249 153/3261/3250 2741/3262/3251
f 2741/3262/3251 153/3261/3250 152/3263/3252
f 2741/3262/3251 152/3263/3252 2742/3264/3253
f 2742/3264/3253 152/3263/3252 2743/3265/3254
f 2743/3265/3254 152/3263/3252 151/3266/3255
f 2743/3265/3254 151/3266/3255 2744/3267/3256
f 2744/3267/3256 151/3266/3255 150/3268/3257
f 2744/3267/3256 150/3268/3257 2745/3269/3258
f 2745/3269/3258 150/3268/3257 149/3270/3259
f 2745/3269/3258 149/3270/3259 2746/3271/3260
f 2746/3271/3260 149/3270/3259 148/3272/3261
f 2746/3271/3260 148/3272/3261 2747/3273/3262
f 2747/3273/3262 148/3272/3261 147/3274/3263
f 2747/3273/3262 147/3274/3263 2748/3275/3264
f 2748/3275/3264 147/3274/3263 146/3276/3265
f 2748/3275/3264 146/3276/3265 2749/3277/3266
f 2749/3277/3266 146/3276/3265 145/3278/3267
f 2749/3277/3266 145/3278/3267 2750/3279/3268
f 2750/3279/3268 145/3278/3267 144/3280/3269
f 2750/3279/3268 144/3280/3269 2751/3122/3111
f 2751/3122/3111 144/3280/3269 143/3120/3109
f 252/3281/3270 251/3282/3271 339/3283/3272
f 339/3283/3272 251/3282/3271 250/3284/3273
f 339/3283/3272 250/3284/3273 249/3285/3274
f 249/3285/3274 248/3286/3275 339/3283/3272
f 339/3283/3272 248/3286/3275 247/3287/3276
f 339/3283/3272 247/3287/3276 246/3288/3277
f 339/3283/3272 246/3288/3277 2804/3289/3278
f 2804/3289/3278 246/3288/3277 245/3290/3279
f 2804/3289/3278 245/3290/3279 244/3291/3280
f 244/3291/3280 243/3292/3281 2804/3289/3278
f 2804/3289/3278 243/3292/3281 242/3293/3282
f 2804/3289/3278 242/3293/3282 241/3294/3283
f 241/3294/3283 240/3295/3284 2804/3289/3278
f 2804/3289/3278 240/3295/3284 239/3296/3285
f 2804/3289/3278 239/3296/3285 238/3297/3286
f 238/3297/3286 237/3298/3287 2804/3289/3278
f 2804/3289/3278 237/3298/3287 236/3299/3288
f 2804/3289/3278 236/3299/3288 2803/3300/3289
f 2803/3300/3289 236/3299/3288 235/3301/3290
f 2803/3300/3289 235/3301/3290 234/3302/3291
f 234/3302/3291 233/3303/3292 2803/3300/3289
f 2803/3300/3289 233/3303/3292 232/3304/3293
f 2803/3300/3289 232/3304/3293 231/3305/3294
f 231/3305/3294 230/3306/3295 2803/3300/3289
f 2803/3300/3289 230/3306/3295 229/3307/3296
f 2803/3300/3289 229/3307/3296 228/3308/3297
f 228/3308/3297 227/3309/3298 2803/3300/3289
f 2803/3300/3289 227/3309/3298 342/3310/3299
f 342/3310/3299 227/3309/3298 226/3311/3300
f 342/3310/3299 226/3311/3300 225/3312/3301
f 225/3312/3301 224/3313/3302 342/3310/3299
f 342/3310/3299 224/3313/3302 223/3314/3303
f 342/3310/3299 223/3314/3303 222/3315/3304
f 222/3315/3304 221/3316/3305 342/3310/3299
f 342/3310/3299 221/3316/3305 220/3317/3306
f 2805/3318/3307 341/3319/3308 2806/3320/3309
f 2806/3320/3309 341/3319/3308 340/3321/3310
f 1002/3322/3311 2805/3323/3312 1560/3324/3313
f 1560/3324/3313 2805/3323/3312 1561/3325/3314
f 1561/3325/3314 2805/3323/3312 1562/3326/3315
f 1562/3326/3315 2805/3323/3312 1563/3327/3316
f 1563/3327/3316 2805/3323/3312 2806/3328/3317
f 1563/3327/3316 2806/3328/3317 1564/3329/3318
f 1564/3329/3318 2806/3328/3317 1565/3330/3319
f 1565/3330/3319 2806/3328/3317 1566/3331/3320
f 1566/3331/3320 2806/3328/3317 1567/3332/3321
f 383/3333/3322 382/3334/3323 2807/3335/3324
f 2807/3335/3324 382/3334/3323 381/3336/3325
f 2807/3335/3324 381/3336/3325 380/3337/3326
f 2807/3335/3324 380/3337/3326 2808/3338/3327
f 2808/3338/3327 380/3337/3326 379/3339/3328
f 2808/3338/3327 379/3339/3328 378/3340/3329
f 378/3340/3329 377/3341/3330 2808/3338/3327
f 2808/3338/3327 377/3341/3330 376/3342/3331
f 2803/3343/3332 2807/3344/3333 2804/3345/3334
f 2804/3345/3334 2807/3344/3333 2808/3346/3335
f 2803/3347/3336 342/3348/3337 2807/3349/3338
f 2807/3349/3338 342/3348/3337 383/3350/3339
f 383/3350/3339 342/3348/3337 997/3351/3340
f 997/3351/3340 342/3348/3337 998/3352/3341
f 998/3352/3341 342/3348/3337 999/3353/3342
f 999/3353/3342 342/3348/3337 1000/3354/3343
f 1000/3354/3343 342/3348/3337 1001/3355/3344
f 1001/3355/3344 342/3348/3337 1002/3356/3345
f 1002/3356/3345 342/3348/3337 2805/3357/3346
f 2805/3357/3346 342/3348/3337 341/3358/3347
f 2804/3359/3348 2808/3360/3349 339/3361/3350
f 339/3361/3350 2808/3360/3349 376/3362/3351
f 339/3361/3350 376/3362/3351 2186/3363/3352
f 2186/3363/3352 2185/3364/3353 339/3361/3350
f 339/3361/3350 2185/3364/3353 2184/3365/3354
f 339/3361/3350 2184/3365/3354 2183/3366/3355
f 2183/3366/3355 2182/3367/3356 339/3361/3350
f 339/3361/3350 2182/3367/3356 2181/3368/3357
f 339/3361/3350 2181/3368/3357 2180/3369/3358
f 2180/3369/3358 1567/3370/3359 339/3361/3350
f 339/3361/3350 1567/3370/3359 2806/3371/3360
f 339/3361/3350 2806/3371/3360 340/3372/3361
# 2808 vertices
# 3372 texture params
# 3361 normals
# 5616 facets

# 1 groups
