# WaveFront *.obj file (generated by Autodesk ATF)

mtllib tampa.mtl

g tampa

v -8.380000 -96.950000 3.250000
v -8.373185 -96.950000 3.198236
v -8.353205 -96.950000 3.150000
v -8.321421 -96.950000 3.108579
v -8.280000 -96.950000 3.076795
v -8.231764 -96.950000 3.056815
v -8.180000 -96.950000 3.050000
v -8.180000 -93.950000 3.050000
v -8.231764 -93.950000 3.056815
v -8.280000 -93.950000 3.076795
v -8.321421 -93.950000 3.108579
v -8.353205 -93.950000 3.150000
v -8.373185 -93.950000 3.198236
v -8.380000 -93.950000 3.250000
v -8.373185 -95.950000 3.198236
v -8.373185 -94.950000 3.198236
v -8.353205 -95.950000 3.150000
v -8.353205 -94.950000 3.150000
v -8.321421 -95.950000 3.108579
v -8.321421 -94.950000 3.108579
v -8.280000 -95.950000 3.076795
v -8.280000 -94.950000 3.076795
v -8.231764 -95.950000 3.056815
v -8.231764 -94.950000 3.056815
v 0.420000 -96.950000 3.050000
v 0.420000 -93.950000 3.050000
v 0.471764 -96.950000 3.056815
v 0.520000 -96.950000 3.076795
v 0.561421 -96.950000 3.108579
v 0.593205 -96.950000 3.150000
v 0.613185 -96.950000 3.198236
v 0.620000 -96.950000 3.250000
v 0.620000 -93.950000 3.250000
v 0.613185 -93.950000 3.198236
v 0.593205 -93.950000 3.150000
v 0.561421 -93.950000 3.108579
v 0.520000 -93.950000 3.076795
v 0.471764 -93.950000 3.056815
v 0.471764 -95.950000 3.056815
v 0.471764 -94.950000 3.056815
v 0.520000 -95.950000 3.076795
v 0.520000 -94.950000 3.076795
v 0.561421 -95.950000 3.108579
v 0.561421 -94.950000 3.108579
v 0.593205 -95.950000 3.150000
v 0.593205 -94.950000 3.150000
v 0.613185 -95.950000 3.198236
v 0.613185 -94.950000 3.198236
v 0.620000 -96.950000 13.850000
v 0.620000 -93.950000 13.850000
v -8.180000 -96.950000 14.050000
v -8.231764 -96.950000 14.043185
v -8.280000 -96.950000 14.023205
v -8.321421 -96.950000 13.991421
v -8.353205 -96.950000 13.950000
v -8.373185 -96.950000 13.901764
v -8.380000 -96.950000 13.850000
v -8.380000 -93.950000 13.850000
v -8.373185 -93.950000 13.901764
v -8.353205 -93.950000 13.950000
v -8.321421 -93.950000 13.991421
v -8.280000 -93.950000 14.023205
v -8.231764 -93.950000 14.043185
v -8.180000 -93.950000 14.050000
v -8.231764 -95.950000 14.043185
v -8.231764 -94.950000 14.043185
v -8.280000 -95.950000 14.023205
v -8.280000 -94.950000 14.023205
v -8.321421 -95.950000 13.991421
v -8.321421 -94.950000 13.991421
v -8.353205 -95.950000 13.950000
v -8.353205 -94.950000 13.950000
v -8.373185 -95.950000 13.901764
v -8.373185 -94.950000 13.901764
v 0.613185 -96.950000 13.901764
v 0.593205 -96.950000 13.950000
v 0.561421 -96.950000 13.991421
v 0.520000 -96.950000 14.023205
v 0.471764 -96.950000 14.043185
v 0.420000 -96.950000 14.050000
v 0.420000 -93.950000 14.050000
v 0.471764 -93.950000 14.043185
v 0.520000 -93.950000 14.023205
v 0.561421 -93.950000 13.991421
v 0.593205 -93.950000 13.950000
v 0.613185 -93.950000 13.901764
v 0.613185 -95.950000 13.901764
v 0.613185 -94.950000 13.901764
v 0.593205 -95.950000 13.950000
v 0.593205 -94.950000 13.950000
v 0.561421 -95.950000 13.991421
v 0.561421 -94.950000 13.991421
v 0.520000 -95.950000 14.023205
v 0.520000 -94.950000 14.023205
v 0.471764 -95.950000 14.043185
v 0.471764 -94.950000 14.043185
v 7.682932 -80.367068 22.000000
v 7.682932 89.632932 22.000000
v 7.682932 89.632932 25.000000
v 7.682932 -80.367068 25.000000
v 25.682932 -80.367068 22.000000
v 25.546201 -81.929902 22.000000
v 25.140165 -83.445250 22.000000
v 24.477160 -84.867068 22.000000
v 23.577332 -86.152157 22.000000
v 22.468020 -87.261468 22.000000
v 21.182932 -88.161297 22.000000
v 19.761113 -88.824302 22.000000
v 18.245765 -89.230338 22.000000
v 16.682932 -89.367068 22.000000
v 15.120098 -89.230338 22.000000
v 13.604750 -88.824302 22.000000
v 12.182932 -88.161297 22.000000
v 10.897843 -87.261468 22.000000
v 9.788532 -86.152157 22.000000
v 8.888703 -84.867068 22.000000
v 8.225698 -83.445250 22.000000
v 7.819662 -81.929902 22.000000
v 7.819662 -81.929902 25.000000
v 8.225698 -83.445250 25.000000
v 8.888703 -84.867068 25.000000
v 9.788532 -86.152157 25.000000
v 10.897843 -87.261468 25.000000
v 12.182932 -88.161297 25.000000
v 13.604750 -88.824302 25.000000
v 15.120098 -89.230338 25.000000
v 16.682932 -89.367068 25.000000
v 18.245765 -89.230338 25.000000
v 19.761113 -88.824302 25.000000
v 21.182932 -88.161297 25.000000
v 22.468020 -87.261468 25.000000
v 23.577332 -86.152157 25.000000
v 24.477160 -84.867068 25.000000
v 25.140165 -83.445250 25.000000
v 25.546201 -81.929902 25.000000
v 25.682932 -80.367068 25.000000
v 25.682932 89.632932 22.000000
v 25.682932 89.632932 25.000000
v 7.819662 91.195765 22.000000
v 8.225698 92.711113 22.000000
v 8.888703 94.132932 22.000000
v 9.788532 95.418020 22.000000
v 10.897843 96.527332 22.000000
v 12.182932 97.427160 22.000000
v 13.604750 98.090165 22.000000
v 15.120098 98.496201 22.000000
v 16.682932 98.632932 22.000000
v 18.245765 98.496201 22.000000
v 19.761113 98.090165 22.000000
v 21.182932 97.427160 22.000000
v 22.468020 96.527332 22.000000
v 23.577332 95.418020 22.000000
v 24.477160 94.132932 22.000000
v 25.140165 92.711113 22.000000
v 25.546201 91.195765 22.000000
v 25.546201 91.195765 25.000000
v 25.140165 92.711113 25.000000
v 24.477160 94.132932 25.000000
v 23.577332 95.418020 25.000000
v 22.468020 96.527332 25.000000
v 21.182932 97.427160 25.000000
v 19.761113 98.090165 25.000000
v 18.245765 98.496201 25.000000
v 16.682932 98.632932 25.000000
v 15.120098 98.496201 25.000000
v 13.604750 98.090165 25.000000
v 12.182932 97.427160 25.000000
v 10.897843 96.527332 25.000000
v 9.788532 95.418020 25.000000
v 8.888703 94.132932 25.000000
v 8.225698 92.711113 25.000000
v 7.819662 91.195765 25.000000
v -33.650000 -93.950000 22.000000
v -35.015632 -93.950000 21.865497
v -36.328784 -93.950000 21.467157
v -37.538992 -93.950000 20.820287
v -38.599747 -93.950000 19.949747
v -39.470287 -93.950000 18.888992
v -40.117157 -93.950000 17.678784
v -40.515497 -93.950000 16.365632
v -40.650000 -93.950000 15.000000
v -40.650000 100.350000 15.000000
v -40.515497 100.350000 16.365632
v -40.117157 100.350000 17.678784
v -39.470287 100.350000 18.888992
v -38.599747 100.350000 19.949747
v -37.538992 100.350000 20.820287
v -36.328784 100.350000 21.467157
v -35.015632 100.350000 21.865497
v -33.650000 100.350000 22.000000
v -35.015632 -66.192857 21.865497
v -35.015632 -38.435714 21.865497
v -35.015632 -10.678571 21.865497
v -35.015632 17.078571 21.865497
v -35.015632 44.835714 21.865497
v -35.015632 72.592857 21.865497
v -36.328784 -66.192857 21.467157
v -36.328784 -38.435714 21.467157
v -36.328784 -10.678571 21.467157
v -36.328784 17.078571 21.467157
v -36.328784 44.835714 21.467157
v -36.328784 72.592857 21.467157
v -37.538992 -66.192857 20.820287
v -37.538992 -38.435714 20.820287
v -37.538992 -10.678571 20.820287
v -37.538992 17.078571 20.820287
v -37.538992 44.835714 20.820287
v -37.538992 72.592857 20.820287
v -38.599747 -66.192857 19.949747
v -38.599747 -38.435714 19.949747
v -38.599747 -10.678571 19.949747
v -38.599747 17.078571 19.949747
v -38.599747 44.835714 19.949747
v -38.599747 72.592857 19.949747
v -39.470287 -66.192857 18.888992
v -39.470287 -38.435714 18.888992
v -39.470287 -10.678571 18.888992
v -39.470287 17.078571 18.888992
v -39.470287 44.835714 18.888992
v -39.470287 72.592857 18.888992
v -40.117157 -66.192857 17.678784
v -40.117157 -38.435714 17.678784
v -40.117157 -10.678571 17.678784
v -40.117157 17.078571 17.678784
v -40.117157 44.835714 17.678784
v -40.117157 72.592857 17.678784
v -40.515497 -66.192857 16.365632
v -40.515497 -38.435714 16.365632
v -40.515497 -10.678571 16.365632
v -40.515497 17.078571 16.365632
v -40.515497 44.835714 16.365632
v -40.515497 72.592857 16.365632
v -40.650000 100.350000 0.000000
v 73.650000 100.350000 0.000000
v 73.650000 100.350000 15.000000
v 73.559413 100.350000 17.303253
v 73.427369 100.350000 18.367265
v 73.220772 100.350000 19.320106
v 73.092532 100.350000 19.723738
v 72.959550 100.350000 20.052630
v 72.693757 100.350000 20.524980
v 72.419562 100.350000 20.844595
v 72.051291 100.350000 21.124910
v 71.568176 100.350000 21.367512
v 71.002375 100.350000 21.561746
v 69.688140 100.350000 21.827055
v 68.205284 100.350000 21.962148
v 66.650000 100.350000 22.000000
v 66.650000 -93.950000 22.000000
v 73.650000 -93.950000 15.000000
v 73.612148 -93.950000 16.555284
v 73.477055 -93.950000 18.038140
v 73.211746 -93.950000 19.352375
v 73.017512 -93.950000 19.918176
v 72.774910 -93.950000 20.401291
v 72.494595 -93.950000 20.769562
v 72.174980 -93.950000 21.043757
v 71.702630 -93.950000 21.309550
v 71.373738 -93.950000 21.442532
v 70.970106 -93.950000 21.570772
v 70.017265 -93.950000 21.777369
v 68.953253 -93.950000 21.909413
v 73.636716 -81.806250 16.033468
v 73.636716 -57.518750 16.033468
v 73.636716 3.200000 16.033468
v 67.992998 -63.590625 21.976789
v 67.992998 -21.087500 21.976789
v 67.992998 51.775000 21.976789
v 73.636716 76.062500 16.033468
v 73.598623 76.062500 16.929649
v 73.538359 76.062500 17.699865
v 73.458564 76.062500 18.355435
v 73.361876 76.062500 18.907683
v 73.250933 76.062500 19.367929
v 72.996841 76.062500 20.057701
v 72.729583 76.062500 20.499296
v 72.457612 76.062500 20.807612
v 72.252869 76.062500 20.997057
v 71.926574 76.062500 21.229189
v 71.470627 76.062500 21.450380
v 70.835320 76.062500 21.649043
v 69.970944 76.062500 21.813592
v 69.100062 76.062500 21.911288
v 67.992998 76.062500 21.976789
v 67.992998 -87.878125 21.976789
v 69.100062 -87.878125 21.911288
v 69.970944 -87.878125 21.813592
v 70.835320 -87.878125 21.649043
v 71.470627 -87.878125 21.450380
v 71.926574 -87.878125 21.229189
v 72.252869 -87.878125 20.997057
v 72.457612 -87.878125 20.807612
v 72.729583 -87.878125 20.499296
v 72.996841 -87.878125 20.057701
v 73.250933 -87.878125 19.367929
v 73.361876 -87.878125 18.907683
v 73.458564 -87.878125 18.355435
v 73.538359 -87.878125 17.699865
v 73.598623 -87.878125 16.929649
v 73.636716 -87.878125 16.033468
v 73.636716 51.775000 16.033468
v 73.598623 51.775000 16.929649
v 73.538359 51.775000 17.699865
v 73.458564 51.775000 18.355435
v 73.361876 51.775000 18.907683
v 73.250933 51.775000 19.367929
v 72.996841 51.775000 20.057701
v 72.729583 51.775000 20.499296
v 72.457612 51.775000 20.807612
v 72.252869 51.775000 20.997057
v 71.926574 51.775000 21.229189
v 71.470627 51.775000 21.450380
v 70.835320 51.775000 21.649043
v 69.970944 51.775000 21.813592
v 69.100062 51.775000 21.911288
v 67.992998 3.200000 21.976789
v 73.636716 27.487500 16.033468
v 73.598623 27.487500 16.929649
v 73.538359 27.487500 17.699865
v 73.458564 27.487500 18.355435
v 73.361876 27.487500 18.907683
v 73.250933 27.487500 19.367929
v 72.996841 27.487500 20.057701
v 72.729583 27.487500 20.499296
v 72.457612 27.487500 20.807612
v 72.252869 27.487500 20.997057
v 71.926574 27.487500 21.229189
v 71.470627 27.487500 21.450380
v 70.835320 27.487500 21.649043
v 69.970944 27.487500 21.813592
v 69.100062 27.487500 21.911288
v 67.992998 27.487500 21.976789
v 73.598623 3.200000 16.929649
v 73.538359 3.200000 17.699865
v 73.458564 3.200000 18.355435
v 73.361876 3.200000 18.907683
v 73.250933 3.200000 19.367929
v 72.996841 3.200000 20.057701
v 72.729583 3.200000 20.499296
v 72.457612 3.200000 20.807612
v 72.252869 3.200000 20.997057
v 71.926574 3.200000 21.229189
v 71.470627 3.200000 21.450380
v 70.835320 3.200000 21.649043
v 69.970944 3.200000 21.813592
v 69.100062 3.200000 21.911288
v 67.992998 -45.375000 21.976789
v 73.636716 -21.087500 16.033468
v 73.598623 -21.087500 16.929649
v 73.538359 -21.087500 17.699865
v 73.458564 -21.087500 18.355435
v 73.361876 -21.087500 18.907683
v 73.250933 -21.087500 19.367929
v 72.996841 -21.087500 20.057701
v 72.729583 -21.087500 20.499296
v 72.457612 -21.087500 20.807612
v 72.252869 -21.087500 20.997057
v 71.926574 -21.087500 21.229189
v 71.470627 -21.087500 21.450380
v 70.835320 -21.087500 21.649043
v 69.970944 -21.087500 21.813592
v 69.100062 -21.087500 21.911288
v 73.636716 -33.231250 16.033468
v 73.598623 -33.231250 16.929649
v 73.538359 -33.231250 17.699865
v 73.458564 -33.231250 18.355435
v 73.361876 -33.231250 18.907683
v 73.250933 -33.231250 19.367929
v 72.996841 -33.231250 20.057701
v 72.729583 -33.231250 20.499296
v 72.457612 -33.231250 20.807612
v 72.252869 -33.231250 20.997057
v 71.926574 -33.231250 21.229189
v 71.470627 -33.231250 21.450380
v 70.835320 -33.231250 21.649043
v 69.970944 -33.231250 21.813592
v 69.100062 -33.231250 21.911288
v 67.992998 -75.734375 21.976789
v 67.992998 -33.231250 21.976789
v 73.636716 -45.375000 16.033468
v 73.598623 -45.375000 16.929649
v 73.538359 -45.375000 17.699865
v 73.458564 -45.375000 18.355435
v 73.361876 -45.375000 18.907683
v 73.250933 -45.375000 19.367929
v 72.996841 -45.375000 20.057701
v 72.729583 -45.375000 20.499296
v 72.457612 -45.375000 20.807612
v 72.252869 -45.375000 20.997057
v 71.926574 -45.375000 21.229189
v 71.470627 -45.375000 21.450380
v 70.835320 -45.375000 21.649043
v 69.970944 -45.375000 21.813592
v 69.100062 -45.375000 21.911288
v 73.598623 -57.518750 16.929649
v 73.538359 -57.518750 17.699865
v 73.458564 -57.518750 18.355435
v 73.361876 -57.518750 18.907683
v 73.250933 -57.518750 19.367929
v 72.996841 -57.518750 20.057701
v 72.729583 -57.518750 20.499296
v 72.457612 -57.518750 20.807612
v 72.252869 -57.518750 20.997057
v 71.926574 -57.518750 21.229189
v 71.470627 -57.518750 21.450380
v 70.835320 -57.518750 21.649043
v 69.970944 -57.518750 21.813592
v 69.100062 -57.518750 21.911288
v 67.992998 -57.518750 21.976789
v 73.636716 -63.590625 16.033468
v 73.598623 -63.590625 16.929649
v 73.538359 -63.590625 17.699865
v 73.458564 -63.590625 18.355435
v 73.361876 -63.590625 18.907683
v 73.250933 -63.590625 19.367929
v 72.996841 -63.590625 20.057701
v 72.729583 -63.590625 20.499296
v 72.457612 -63.590625 20.807612
v 72.252869 -63.590625 20.997057
v 71.926574 -63.590625 21.229189
v 71.470627 -63.590625 21.450380
v 70.835320 -63.590625 21.649043
v 69.970944 -63.590625 21.813592
v 69.100062 -63.590625 21.911288
v 73.636716 -69.662500 16.033468
v 73.598623 -69.662500 16.929649
v 73.538359 -69.662500 17.699865
v 73.458564 -69.662500 18.355435
v 73.361876 -69.662500 18.907683
v 73.250933 -69.662500 19.367929
v 72.996841 -69.662500 20.057701
v 72.729583 -69.662500 20.499296
v 72.457612 -69.662500 20.807612
v 72.252869 -69.662500 20.997057
v 71.926574 -69.662500 21.229189
v 71.470627 -69.662500 21.450380
v 70.835320 -69.662500 21.649043
v 69.970944 -69.662500 21.813592
v 69.100062 -69.662500 21.911288
v 67.992998 -69.662500 21.976789
v 73.636716 -75.734375 16.033468
v 73.598623 -75.734375 16.929649
v 73.538359 -75.734375 17.699865
v 73.458564 -75.734375 18.355435
v 73.361876 -75.734375 18.907683
v 73.250933 -75.734375 19.367929
v 72.996841 -75.734375 20.057701
v 72.729583 -75.734375 20.499296
v 72.457612 -75.734375 20.807612
v 72.252869 -75.734375 20.997057
v 71.926574 -75.734375 21.229189
v 71.470627 -75.734375 21.450380
v 70.835320 -75.734375 21.649043
v 69.970944 -75.734375 21.813592
v 69.100062 -75.734375 21.911288
v 73.598623 -81.806250 16.929649
v 73.538359 -81.806250 17.699865
v 73.458564 -81.806250 18.355435
v 73.361876 -81.806250 18.907683
v 73.250933 -81.806250 19.367929
v 72.996841 -81.806250 20.057701
v 72.729583 -81.806250 20.499296
v 72.457612 -81.806250 20.807612
v 72.252869 -81.806250 20.997057
v 71.926574 -81.806250 21.229189
v 71.470627 -81.806250 21.450380
v 70.835320 -81.806250 21.649043
v 69.970944 -81.806250 21.813592
v 69.100062 -81.806250 21.911288
v 67.992998 -81.806250 21.976789
v 73.650000 -93.950000 0.000000
v -40.650000 -93.950000 0.000000
v -43.650000 -96.950000 15.000000
v -43.526883 -96.950000 16.564345
v -43.160565 -96.950000 18.090170
v -42.560065 -96.950000 19.539905
v -41.740170 -96.950000 20.877853
v -40.721068 -96.950000 22.071068
v -39.527853 -96.950000 23.090170
v -38.189905 -96.950000 23.910065
v -36.740170 -96.950000 24.510565
v -35.214345 -96.950000 24.876883
v -33.650000 -96.950000 25.000000
v -33.650000 103.350000 25.000000
v -35.214345 103.350000 24.876883
v -36.740170 103.350000 24.510565
v -38.189905 103.350000 23.910065
v -39.527853 103.350000 23.090170
v -40.721068 103.350000 22.071068
v -41.740170 103.350000 20.877853
v -42.560065 103.350000 19.539905
v -43.160565 103.350000 18.090170
v -43.526883 103.350000 16.564345
v -43.650000 103.350000 15.000000
v -43.498078 -63.566667 16.736482
v -43.498078 -30.183333 16.736482
v -43.498078 3.200000 16.736482
v -43.498078 36.583333 16.736482
v -43.498078 69.966667 16.736482
v -43.046926 -63.566667 18.420201
v -43.046926 -30.183333 18.420201
v -43.046926 3.200000 18.420201
v -43.046926 36.583333 18.420201
v -43.046926 69.966667 18.420201
v -42.310254 -63.566667 20.000000
v -42.310254 -30.183333 20.000000
v -42.310254 3.200000 20.000000
v -42.310254 36.583333 20.000000
v -42.310254 69.966667 20.000000
v -41.310444 -63.566667 21.427876
v -41.310444 -30.183333 21.427876
v -41.310444 3.200000 21.427876
v -41.310444 36.583333 21.427876
v -41.310444 69.966667 21.427876
v -40.077876 -63.566667 22.660444
v -40.077876 -30.183333 22.660444
v -40.077876 3.200000 22.660444
v -40.077876 36.583333 22.660444
v -40.077876 69.966667 22.660444
v -38.650000 -63.566667 23.660254
v -38.650000 -30.183333 23.660254
v -38.650000 3.200000 23.660254
v -38.650000 36.583333 23.660254
v -38.650000 69.966667 23.660254
v -37.070201 -63.566667 24.396926
v -37.070201 -30.183333 24.396926
v -37.070201 3.200000 24.396926
v -37.070201 36.583333 24.396926
v -37.070201 69.966667 24.396926
v -35.386482 -63.566667 24.848078
v -35.386482 -30.183333 24.848078
v -35.386482 3.200000 24.848078
v -35.386482 36.583333 24.848078
v -35.386482 69.966667 24.848078
v 66.650000 103.350000 25.000000
v 67.976683 103.350000 24.975825
v 69.223172 103.350000 24.897670
v 70.383517 103.350000 24.757087
v 71.448769 103.350000 24.546285
v 72.391340 103.350000 24.264534
v 73.213678 103.350000 23.910104
v 73.929003 103.350000 23.477627
v 74.555786 103.350000 22.951905
v 75.096198 103.350000 22.322693
v 75.550144 103.350000 21.583082
v 75.920307 103.350000 20.725175
v 76.209805 103.350000 19.742960
v 76.418157 103.350000 18.662561
v 76.553966 103.350000 17.502803
v 76.650000 103.350000 15.000000
v 76.650000 103.350000 0.000000
v -43.650000 103.350000 0.000000
v 66.650000 -96.950000 25.000000
v 66.650000 3.200000 25.000000
v 69.152803 -96.950000 24.903966
v 70.312561 -96.950000 24.768157
v 71.392960 -96.950000 24.559805
v 72.375175 -96.950000 24.270307
v 73.233082 -96.950000 23.900144
v 73.972693 -96.950000 23.446198
v 74.601905 -96.950000 22.905786
v 75.127627 -96.950000 22.279003
v 75.560104 -96.950000 21.563678
v 75.914534 -96.950000 20.741340
v 76.196285 -96.950000 19.798769
v 76.407087 -96.950000 18.733517
v 76.547670 -96.950000 17.573172
v 76.625825 -96.950000 16.326683
v 76.650000 -96.950000 15.000000
v 76.650000 3.200000 15.000000
v 67.567946 -84.431250 24.988687
v 67.567946 -46.875000 24.988687
v 76.614923 -78.171875 16.572855
v 76.614923 -46.875000 16.572855
v 67.567946 53.275000 24.988687
v 76.614923 53.275000 16.572855
v 67.567946 78.312500 24.988687
v 68.401299 78.312500 24.955837
v 69.854327 78.312500 24.830579
v 71.074099 78.312500 24.631308
v 72.107199 78.312500 24.361169
v 72.896547 78.312500 24.061637
v 73.662821 78.312500 23.655506
v 74.318817 78.312500 23.171211
v 74.879100 78.312500 22.600885
v 75.354376 78.312500 21.933435
v 75.752183 78.312500 21.153807
v 76.077278 78.312500 20.241851
v 76.331773 78.312500 19.170583
v 76.514990 78.312500 17.903538
v 76.614923 78.312500 16.572855
v 67.567946 -21.837500 24.988687
v 68.401299 -21.837500 24.955837
v 69.854327 -21.837500 24.830579
v 71.074099 -21.837500 24.631308
v 72.107199 -21.837500 24.361169
v 72.896547 -21.837500 24.061637
v 73.662821 -21.837500 23.655506
v 74.318817 -21.837500 23.171211
v 74.879100 -21.837500 22.600885
v 75.354376 -21.837500 21.933435
v 75.752183 -21.837500 21.153807
v 76.077278 -21.837500 20.241851
v 76.331773 -21.837500 19.170583
v 76.514990 -21.837500 17.903538
v 76.614923 -21.837500 16.572855
v 76.614923 3.200000 16.572855
v 76.514990 3.200000 17.903538
v 76.331773 3.200000 19.170583
v 76.077278 3.200000 20.241851
v 75.752183 3.200000 21.153807
v 75.354376 3.200000 21.933435
v 74.879100 3.200000 22.600885
v 74.318817 3.200000 23.171211
v 73.662821 3.200000 23.655506
v 72.896547 3.200000 24.061637
v 72.107199 3.200000 24.361169
v 71.074099 3.200000 24.631308
v 69.854327 3.200000 24.830579
v 68.401299 3.200000 24.955837
v 67.567946 3.200000 24.988687
v 76.614923 -90.690625 16.572855
v 76.514990 -90.690625 17.903538
v 76.331773 -90.690625 19.170583
v 76.077278 -90.690625 20.241851
v 75.752183 -90.690625 21.153807
v 75.354376 -90.690625 21.933435
v 74.879100 -90.690625 22.600885
v 74.318817 -90.690625 23.171211
v 73.662821 -90.690625 23.655506
v 72.896547 -90.690625 24.061637
v 72.107199 -90.690625 24.361169
v 71.074099 -90.690625 24.631308
v 69.854327 -90.690625 24.830579
v 68.401299 -90.690625 24.955837
v 67.567946 -90.690625 24.988687
v 76.614923 28.237500 16.572855
v 76.514990 28.237500 17.903538
v 76.331773 28.237500 19.170583
v 76.077278 28.237500 20.241851
v 75.752183 28.237500 21.153807
v 75.354376 28.237500 21.933435
v 74.879100 28.237500 22.600885
v 74.318817 28.237500 23.171211
v 73.662821 28.237500 23.655506
v 72.896547 28.237500 24.061637
v 72.107199 28.237500 24.361169
v 71.074099 28.237500 24.631308
v 69.854327 28.237500 24.830579
v 68.401299 28.237500 24.955837
v 67.567946 28.237500 24.988687
v 68.401299 53.275000 24.955837
v 69.854327 53.275000 24.830579
v 71.074099 53.275000 24.631308
v 72.107199 53.275000 24.361169
v 72.896547 53.275000 24.061637
v 73.662821 53.275000 23.655506
v 74.318817 53.275000 23.171211
v 74.879100 53.275000 22.600885
v 75.354376 53.275000 21.933435
v 75.752183 53.275000 21.153807
v 76.077278 53.275000 20.241851
v 76.331773 53.275000 19.170583
v 76.514990 53.275000 17.903538
v 68.401299 -46.875000 24.955837
v 69.854327 -46.875000 24.830579
v 71.074099 -46.875000 24.631308
v 72.107199 -46.875000 24.361169
v 72.896547 -46.875000 24.061637
v 73.662821 -46.875000 23.655506
v 74.318817 -46.875000 23.171211
v 74.879100 -46.875000 22.600885
v 75.354376 -46.875000 21.933435
v 75.752183 -46.875000 21.153807
v 76.077278 -46.875000 20.241851
v 76.331773 -46.875000 19.170583
v 76.514990 -46.875000 17.903538
v 76.614923 -59.393750 16.572855
v 67.567946 -59.393750 24.988687
v 68.401299 -59.393750 24.955837
v 69.854327 -59.393750 24.830579
v 71.074099 -59.393750 24.631308
v 72.107199 -59.393750 24.361169
v 72.896547 -59.393750 24.061637
v 73.662821 -59.393750 23.655506
v 74.318817 -59.393750 23.171211
v 74.879100 -59.393750 22.600885
v 75.354376 -59.393750 21.933435
v 75.752183 -59.393750 21.153807
v 76.077278 -59.393750 20.241851
v 76.331773 -59.393750 19.170583
v 76.514990 -59.393750 17.903538
v 67.567946 -71.912500 24.988687
v 68.401299 -71.912500 24.955837
v 69.854327 -71.912500 24.830579
v 71.074099 -71.912500 24.631308
v 72.107199 -71.912500 24.361169
v 72.896547 -71.912500 24.061637
v 73.662821 -71.912500 23.655506
v 74.318817 -71.912500 23.171211
v 74.879100 -71.912500 22.600885
v 75.354376 -71.912500 21.933435
v 75.752183 -71.912500 21.153807
v 76.077278 -71.912500 20.241851
v 76.331773 -71.912500 19.170583
v 76.514990 -71.912500 17.903538
v 76.614923 -71.912500 16.572855
v 67.567946 -78.171875 24.988687
v 68.401299 -78.171875 24.955837
v 69.854327 -78.171875 24.830579
v 71.074099 -78.171875 24.631308
v 72.107199 -78.171875 24.361169
v 72.896547 -78.171875 24.061637
v 73.662821 -78.171875 23.655506
v 74.318817 -78.171875 23.171211
v 74.879100 -78.171875 22.600885
v 75.354376 -78.171875 21.933435
v 75.752183 -78.171875 21.153807
v 76.077278 -78.171875 20.241851
v 76.331773 -78.171875 19.170583
v 76.514990 -78.171875 17.903538
v 68.401299 -84.431250 24.955837
v 69.854327 -84.431250 24.830579
v 71.074099 -84.431250 24.631308
v 72.107199 -84.431250 24.361169
v 72.896547 -84.431250 24.061637
v 73.662821 -84.431250 23.655506
v 74.318817 -84.431250 23.171211
v 74.879100 -84.431250 22.600885
v 75.354376 -84.431250 21.933435
v 75.752183 -84.431250 21.153807
v 76.077278 -84.431250 20.241851
v 76.331773 -84.431250 19.170583
v 76.514990 -84.431250 17.903538
v 76.614923 -84.431250 16.572855
v -43.650000 -96.950000 0.000000
v 76.650000 -96.950000 0.000000
vt 5.105000 0.010472 0.000000
vt 5.205000 0.010472 0.000000
vt 5.105000 0.015708 0.000000
vt 5.305000 0.010472 0.000000
vt 5.405000 0.015708 0.000000
vt 5.405000 0.010472 0.000000
vt 5.405000 0.005236 0.000000
vt 5.305000 0.005236 0.000000
vt 5.405000 -0.000000 0.000000
vt 5.305000 -0.000000 0.000000
vt 5.405000 -0.005236 0.000000
vt 5.305000 -0.005236 0.000000
vt 5.405000 -0.010472 0.000000
vt 5.305000 -0.010472 0.000000
vt 5.405000 -0.015708 0.000000
vt 5.205000 -0.010472 0.000000
vt 5.105000 -0.015708 0.000000
vt 5.105000 -0.010472 0.000000
vt 5.105000 -0.005236 0.000000
vt 5.205000 -0.005236 0.000000
vt 5.105000 -0.000000 0.000000
vt 5.205000 -0.000000 0.000000
vt 5.105000 0.005236 0.000000
vt 5.205000 0.005236 0.000000
vt -0.880000 5.105000 0.000000
vt -0.020000 5.105000 0.000000
vt -0.880000 5.405000 0.000000
vt -0.020000 5.405000 0.000000
vt 5.105000 0.010472 0.000000
vt 5.205000 0.010472 0.000000
vt 5.105000 0.015708 0.000000
vt 5.305000 0.010472 0.000000
vt 5.405000 0.015708 0.000000
vt 5.405000 0.010472 0.000000
vt 5.405000 0.005236 0.000000
vt 5.305000 0.005236 0.000000
vt 5.405000 0.000000 0.000000
vt 5.305000 0.000000 0.000000
vt 5.405000 -0.005236 0.000000
vt 5.305000 -0.005236 0.000000
vt 5.405000 -0.010472 0.000000
vt 5.305000 -0.010472 0.000000
vt 5.405000 -0.015708 0.000000
vt 5.205000 -0.010472 0.000000
vt 5.105000 -0.015708 0.000000
vt 5.105000 -0.010472 0.000000
vt 5.105000 -0.005236 0.000000
vt 5.205000 -0.005236 0.000000
vt 5.105000 0.000000 0.000000
vt 5.205000 0.000000 0.000000
vt 5.105000 0.005236 0.000000
vt 5.205000 0.005236 0.000000
vt -1.080000 5.105000 0.000000
vt -0.020000 5.105000 0.000000
vt -1.080000 5.405000 0.000000
vt -0.020000 5.405000 0.000000
vt 5.105000 0.010472 0.000000
vt 5.205000 0.010472 0.000000
vt 5.105000 0.015708 0.000000
vt 5.305000 0.010472 0.000000
vt 5.405000 0.015708 0.000000
vt 5.405000 0.010472 0.000000
vt 5.405000 0.005236 0.000000
vt 5.305000 0.005236 0.000000
vt 5.405000 0.000000 0.000000
vt 5.305000 0.000000 0.000000
vt 5.405000 -0.005236 0.000000
vt 5.305000 -0.005236 0.000000
vt 5.405000 -0.010472 0.000000
vt 5.305000 -0.010472 0.000000
vt 5.405000 -0.015708 0.000000
vt 5.205000 -0.010472 0.000000
vt 5.105000 -0.015708 0.000000
vt 5.105000 -0.010472 0.000000
vt 5.105000 -0.005236 0.000000
vt 5.205000 -0.005236 0.000000
vt 5.105000 0.000000 0.000000
vt 5.205000 0.000000 0.000000
vt 5.105000 0.005236 0.000000
vt 5.205000 0.005236 0.000000
vt -0.020000 5.405000 0.000000
vt -1.080000 5.405000 0.000000
vt -0.020000 5.105000 0.000000
vt -1.080000 5.105000 0.000000
vt 5.105000 0.010472 0.000000
vt 5.205000 0.010472 0.000000
vt 5.105000 0.015708 0.000000
vt 5.305000 0.010472 0.000000
vt 5.405000 0.015708 0.000000
vt 5.405000 0.010472 0.000000
vt 5.405000 0.005236 0.000000
vt 5.305000 0.005236 0.000000
vt 5.405000 -0.000000 0.000000
vt 5.305000 -0.000000 0.000000
vt 5.405000 -0.005236 0.000000
vt 5.305000 -0.005236 0.000000
vt 5.405000 -0.010472 0.000000
vt 5.305000 -0.010472 0.000000
vt 5.405000 -0.015708 0.000000
vt 5.205000 -0.010472 0.000000
vt 5.105000 -0.015708 0.000000
vt 5.105000 -0.010472 0.000000
vt 5.105000 -0.005236 0.000000
vt 5.205000 -0.005236 0.000000
vt 5.105000 -0.000000 0.000000
vt 5.205000 -0.000000 0.000000
vt 5.105000 0.005236 0.000000
vt 5.205000 0.005236 0.000000
vt -0.020000 5.405000 0.000000
vt -0.880000 5.405000 0.000000
vt -0.020000 5.105000 0.000000
vt -0.880000 5.105000 0.000000
vt -0.000000 3.800000 0.000000
vt -17.000000 3.800000 0.000000
vt -0.000000 3.500000 0.000000
vt -17.000000 3.500000 0.000000
vt 3.500000 -2.120575 0.000000
vt 3.800000 -2.120575 0.000000
vt 3.500000 -1.963495 0.000000
vt 3.800000 -1.963495 0.000000
vt 3.500000 -1.806416 0.000000
vt 3.800000 -1.806416 0.000000
vt 3.500000 -1.649336 0.000000
vt 3.800000 -1.649336 0.000000
vt 3.500000 -1.492257 0.000000
vt 3.800000 -1.492257 0.000000
vt 3.500000 -1.335177 0.000000
vt 3.800000 -1.335177 0.000000
vt 3.500000 -1.178097 0.000000
vt 3.800000 -1.178097 0.000000
vt 3.500000 -1.021018 0.000000
vt 3.800000 -1.021018 0.000000
vt 3.500000 -0.863938 0.000000
vt 3.800000 -0.863938 0.000000
vt 3.500000 -0.706858 0.000000
vt 3.800000 -0.706858 0.000000
vt 3.500000 -0.549779 0.000000
vt 3.800000 -0.549779 0.000000
vt 3.500000 -0.392699 0.000000
vt 3.800000 -0.392699 0.000000
vt 3.500000 -0.235619 0.000000
vt 3.800000 -0.235619 0.000000
vt 3.500000 -0.078540 0.000000
vt 3.800000 -0.078540 0.000000
vt 3.500000 0.078540 0.000000
vt 3.800000 0.078540 0.000000
vt 3.500000 0.235619 0.000000
vt 3.800000 0.235619 0.000000
vt 3.500000 0.392699 0.000000
vt 3.800000 0.392699 0.000000
vt 3.500000 0.549779 0.000000
vt 3.800000 0.549779 0.000000
vt 3.500000 0.706858 0.000000
vt 3.800000 0.706858 0.000000
vt -0.000000 3.800000 0.000000
vt -17.000000 3.800000 0.000000
vt -0.000000 3.500000 0.000000
vt -17.000000 3.500000 0.000000
vt 3.500000 -2.120575 0.000000
vt 3.800000 -2.120575 0.000000
vt 3.500000 -1.963495 0.000000
vt 3.800000 -1.963495 0.000000
vt 3.500000 -1.806416 0.000000
vt 3.800000 -1.806416 0.000000
vt 3.500000 -1.649336 0.000000
vt 3.800000 -1.649336 0.000000
vt 3.500000 -1.492257 0.000000
vt 3.800000 -1.492257 0.000000
vt 3.500000 -1.335177 0.000000
vt 3.800000 -1.335177 0.000000
vt 3.500000 -1.178097 0.000000
vt 3.800000 -1.178097 0.000000
vt 3.500000 -1.021018 0.000000
vt 3.800000 -1.021018 0.000000
vt 3.500000 -0.863938 0.000000
vt 3.800000 -0.863938 0.000000
vt 3.500000 -0.706858 0.000000
vt 3.800000 -0.706858 0.000000
vt 3.500000 -0.549779 0.000000
vt 3.800000 -0.549779 0.000000
vt 3.500000 -0.392699 0.000000
vt 3.800000 -0.392699 0.000000
vt 3.500000 -0.235619 0.000000
vt 3.800000 -0.235619 0.000000
vt 3.500000 -0.078540 0.000000
vt 3.800000 -0.078540 0.000000
vt 3.500000 0.078540 0.000000
vt 3.800000 0.078540 0.000000
vt 3.500000 0.235619 0.000000
vt 3.800000 0.235619 0.000000
vt 3.500000 0.392699 0.000000
vt 3.800000 0.392699 0.000000
vt 3.500000 0.549779 0.000000
vt 3.800000 0.549779 0.000000
vt 3.500000 0.706858 0.000000
vt 3.800000 0.706858 0.000000
vt 14.722500 -0.412334 0.000000
vt 11.946786 -0.412334 0.000000
vt 14.722500 -0.549779 0.000000
vt 9.171071 -0.412334 0.000000
vt 6.395357 -0.412334 0.000000
vt 6.395357 -0.274889 0.000000
vt 3.619643 -0.274889 0.000000
vt 3.619643 -0.137445 0.000000
vt 0.843929 -0.137445 0.000000
vt 0.843929 0.000000 0.000000
vt -1.931786 0.000000 0.000000
vt -1.931786 0.137445 0.000000
vt -4.707500 0.137445 0.000000
vt -4.707500 0.274889 0.000000
vt -1.931786 0.274889 0.000000
vt -4.707500 0.412334 0.000000
vt -1.931786 0.412334 0.000000
vt -4.707500 0.549779 0.000000
vt 0.843929 0.412334 0.000000
vt 3.619643 0.412334 0.000000
vt 3.619643 0.274889 0.000000
vt 6.395357 0.274889 0.000000
vt 6.395357 0.137445 0.000000
vt 9.171071 0.137445 0.000000
vt 9.171071 0.000000 0.000000
vt 11.946786 0.000000 0.000000
vt 11.946786 -0.137445 0.000000
vt 14.722500 -0.137445 0.000000
vt 14.722500 -0.274889 0.000000
vt 11.946786 -0.274889 0.000000
vt 14.722500 0.000000 0.000000
vt 11.946786 0.137445 0.000000
vt 9.171071 0.274889 0.000000
vt 6.395357 0.412334 0.000000
vt 14.722500 0.137445 0.000000
vt 11.946786 0.274889 0.000000
vt 9.171071 0.412334 0.000000
vt 14.722500 0.549779 0.000000
vt 14.722500 0.274889 0.000000
vt 11.946786 0.412334 0.000000
vt 14.722500 0.412334 0.000000
vt -4.707500 0.000000 0.000000
vt -1.931786 -0.137445 0.000000
vt 0.843929 -0.274889 0.000000
vt 3.619643 -0.412334 0.000000
vt -4.707500 -0.137445 0.000000
vt -1.931786 -0.274889 0.000000
vt 0.843929 -0.412334 0.000000
vt -4.707500 -0.549779 0.000000
vt -4.707500 -0.274889 0.000000
vt -1.931786 -0.412334 0.000000
vt -4.707500 -0.412334 0.000000
vt 9.171071 -0.274889 0.000000
vt 9.171071 -0.137445 0.000000
vt 6.395357 -0.137445 0.000000
vt 3.619643 0.000000 0.000000
vt 0.843929 0.137445 0.000000
vt 6.395357 0.000000 0.000000
vt 3.619643 0.137445 0.000000
vt 0.843929 0.274889 0.000000
vt -11.166563 2.186550 0.000000
vt -11.297878 2.146716 0.000000
vt -11.030000 2.200000 0.000000
vt -11.418899 2.082029 0.000000
vt -11.524975 1.994975 0.000000
vt -11.612029 1.888899 0.000000
vt -11.676716 1.767878 0.000000
vt -0.309059 1.730325 0.000000
vt -11.716550 1.636563 0.000000
vt -0.300000 1.500000 0.000000
vt -11.730000 1.500000 0.000000
vt -0.300000 0.000000 0.000000
vt -11.730000 0.000000 0.000000
vt -1.000000 2.200000 0.000000
vt -0.322263 1.836726 0.000000
vt -0.342923 1.932011 0.000000
vt -0.355747 1.972374 0.000000
vt -0.369045 2.005263 0.000000
vt -0.395624 2.052498 0.000000
vt -0.423044 2.084460 0.000000
vt -0.459871 2.112491 0.000000
vt -0.508182 2.136751 0.000000
vt -0.564762 2.156175 0.000000
vt -0.844472 2.196215 0.000000
vt -0.696186 2.182706 0.000000
vt -0.918293 8.643293 0.000000
vt -5.015000 9.715000 0.000000
vt -0.918293 -8.356707 0.000000
vt -5.015000 -9.715000 0.000000
vt -0.904620 -8.512990 0.000000
vt -0.864017 -8.664525 0.000000
vt -0.797716 -8.806707 0.000000
vt -0.707733 -8.935216 0.000000
vt -0.596802 -9.046147 0.000000
vt -0.468293 -9.136130 0.000000
vt -0.326111 -9.202430 0.000000
vt -0.174577 -9.243034 0.000000
vt -0.018293 -9.256707 0.000000
vt 5.015000 -9.715000 0.000000
vt 0.137990 -9.243034 0.000000
vt 0.289525 -9.202430 0.000000
vt 0.431707 -9.136130 0.000000
vt 0.560216 -9.046147 0.000000
vt 0.671147 -8.935216 0.000000
vt 0.761130 -8.806707 0.000000
vt 0.827430 -8.664525 0.000000
vt 0.868034 -8.512990 0.000000
vt 0.881707 -8.356707 0.000000
vt 5.015000 9.715000 0.000000
vt 0.881707 8.643293 0.000000
vt 0.868034 8.799577 0.000000
vt 0.827430 8.951111 0.000000
vt 0.761130 9.093293 0.000000
vt 0.671147 9.221802 0.000000
vt 0.560216 9.332733 0.000000
vt 0.431707 9.422716 0.000000
vt 0.289525 9.489017 0.000000
vt 0.137990 9.529620 0.000000
vt -0.018293 9.543293 0.000000
vt -0.174577 9.529620 0.000000
vt -0.326111 9.489017 0.000000
vt -0.468293 9.422716 0.000000
vt -0.596802 9.332733 0.000000
vt -0.707733 9.221802 0.000000
vt -0.797716 9.093293 0.000000
vt -0.864017 8.951111 0.000000
vt -0.904620 8.799577 0.000000
vt -0.030991 19.730000 0.000000
vt -0.026327 17.301250 0.000000
vt -0.000000 19.730000 0.000000
vt -0.026327 14.872500 0.000000
vt -0.026327 12.443750 0.000000
vt -0.052655 14.872500 0.000000
vt -0.052655 12.443750 0.000000
vt -0.078105 14.872500 0.000000
vt -0.078105 12.443750 0.000000
vt -0.110541 14.872500 0.000000
vt -0.110541 12.443750 0.000000
vt -0.142977 14.872500 0.000000
vt -0.142977 12.443750 0.000000
vt -0.175414 14.872500 0.000000
vt -0.175414 12.443750 0.000000
vt -0.207850 14.872500 0.000000
vt -0.207850 12.443750 0.000000
vt -0.234315 14.872500 0.000000
vt -0.234315 12.443750 0.000000
vt -0.272238 14.872500 0.000000
vt -0.272238 12.443750 0.000000
vt -0.310161 14.872500 0.000000
vt -0.310161 12.443750 0.000000
vt -0.349778 14.872500 0.000000
vt -0.349778 12.443750 0.000000
vt -0.369586 14.872500 0.000000
vt -0.369586 12.443750 0.000000
vt -0.389395 14.872500 0.000000
vt -0.389395 12.443750 0.000000
vt -0.409204 14.872500 0.000000
vt -0.409204 12.443750 0.000000
vt -0.429012 14.872500 0.000000
vt -0.429012 12.443750 0.000000
vt -0.448821 14.872500 0.000000
vt -0.448821 12.443750 0.000000
vt -0.468629 19.730000 0.000000
vt -0.448821 10.015000 0.000000
vt -0.468629 0.300000 0.000000
vt -0.448821 7.586250 0.000000
vt -0.448821 6.371875 0.000000
vt -0.429012 6.371875 0.000000
vt -0.429012 5.157500 0.000000
vt -0.409204 5.157500 0.000000
vt -0.409204 3.943125 0.000000
vt -0.389395 3.943125 0.000000
vt -0.389395 3.335937 0.000000
vt -0.369586 3.335937 0.000000
vt -0.369586 2.728750 0.000000
vt -0.349778 2.728750 0.000000
vt -0.349778 2.121562 0.000000
vt -0.310161 2.121562 0.000000
vt -0.310161 1.514375 0.000000
vt -0.272238 1.514375 0.000000
vt -0.272238 0.907187 0.000000
vt -0.234315 0.907187 0.000000
vt -0.239573 0.300000 0.000000
vt -0.207850 0.907187 0.000000
vt -0.199970 0.300000 0.000000
vt -0.175414 0.907187 0.000000
vt -0.159225 0.300000 0.000000
vt -0.142977 0.907187 0.000000
vt -0.138126 0.300000 0.000000
vt -0.117122 0.300000 0.000000
vt -0.052655 17.301250 0.000000
vt -0.069323 19.730000 0.000000
vt -0.078105 17.301250 0.000000
vt -0.118649 19.730000 0.000000
vt -0.110541 17.301250 0.000000
vt -0.142977 17.301250 0.000000
vt -0.150063 19.730000 0.000000
vt -0.175414 17.301250 0.000000
vt -0.187717 19.730000 0.000000
vt -0.207850 17.301250 0.000000
vt -0.229056 19.730000 0.000000
vt -0.234315 17.301250 0.000000
vt -0.268659 19.730000 0.000000
vt -0.272238 17.301250 0.000000
vt -0.309404 19.730000 0.000000
vt -0.310161 17.301250 0.000000
vt -0.330503 19.730000 0.000000
vt -0.349778 17.301250 0.000000
vt -0.351507 19.730000 0.000000
vt -0.369586 17.301250 0.000000
vt -0.388864 19.730000 0.000000
vt -0.389395 17.301250 0.000000
vt -0.409204 17.301250 0.000000
vt -0.419762 19.730000 0.000000
vt -0.429012 17.301250 0.000000
vt -0.448821 17.301250 0.000000
vt -0.437638 0.300000 0.000000
vt -0.448821 0.907187 0.000000
vt -0.448821 1.514375 0.000000
vt -0.448821 2.121562 0.000000
vt -0.429012 1.514375 0.000000
vt -0.429012 2.121562 0.000000
vt -0.409204 1.514375 0.000000
vt -0.409204 2.121562 0.000000
vt -0.389395 1.514375 0.000000
vt -0.389395 2.121562 0.000000
vt -0.369586 1.514375 0.000000
vt -0.369586 2.121562 0.000000
vt -0.349778 1.514375 0.000000
vt -0.399307 0.300000 0.000000
vt -0.409204 0.907187 0.000000
vt -0.429012 0.907187 0.000000
vt -0.349980 0.300000 0.000000
vt -0.369586 0.907187 0.000000
vt -0.389395 0.907187 0.000000
vt -0.349778 0.907187 0.000000
vt -0.318566 0.300000 0.000000
vt -0.310161 0.907187 0.000000
vt -0.280913 0.300000 0.000000
vt -0.110541 0.907187 0.000000
vt -0.079766 0.300000 0.000000
vt -0.078105 0.907187 0.000000
vt -0.048867 0.300000 0.000000
vt -0.052655 0.907187 0.000000
vt -0.026327 0.907187 0.000000
vt -0.052655 1.514375 0.000000
vt -0.026327 1.514375 0.000000
vt -0.052655 2.121562 0.000000
vt -0.026327 2.121562 0.000000
vt -0.052655 2.728750 0.000000
vt -0.026327 2.728750 0.000000
vt -0.052655 3.335937 0.000000
vt -0.026327 3.335937 0.000000
vt -0.052655 3.943125 0.000000
vt -0.026327 3.943125 0.000000
vt -0.052655 5.157500 0.000000
vt -0.026327 5.157500 0.000000
vt -0.052655 6.371875 0.000000
vt -0.026327 6.371875 0.000000
vt -0.052655 7.586250 0.000000
vt -0.026327 7.586250 0.000000
vt -0.052655 10.015000 0.000000
vt -0.026327 10.015000 0.000000
vt -0.000000 0.300000 0.000000
vt -0.448821 2.728750 0.000000
vt -0.448821 3.335937 0.000000
vt -0.429012 2.728750 0.000000
vt -0.429012 3.335937 0.000000
vt -0.409204 2.728750 0.000000
vt -0.409204 3.335937 0.000000
vt -0.389395 2.728750 0.000000
vt -0.448821 3.943125 0.000000
vt -0.429012 3.943125 0.000000
vt -0.078105 1.514375 0.000000
vt -0.078105 2.121562 0.000000
vt -0.078105 2.728750 0.000000
vt -0.078105 3.335937 0.000000
vt -0.078105 3.943125 0.000000
vt -0.078105 5.157500 0.000000
vt -0.078105 6.371875 0.000000
vt -0.078105 7.586250 0.000000
vt -0.078105 10.015000 0.000000
vt -0.110541 1.514375 0.000000
vt -0.110541 2.121562 0.000000
vt -0.110541 2.728750 0.000000
vt -0.110541 3.335937 0.000000
vt -0.110541 3.943125 0.000000
vt -0.110541 5.157500 0.000000
vt -0.110541 6.371875 0.000000
vt -0.110541 7.586250 0.000000
vt -0.110541 10.015000 0.000000
vt -0.142977 1.514375 0.000000
vt -0.142977 2.121562 0.000000
vt -0.142977 2.728750 0.000000
vt -0.142977 3.335937 0.000000
vt -0.142977 3.943125 0.000000
vt -0.142977 5.157500 0.000000
vt -0.142977 6.371875 0.000000
vt -0.142977 7.586250 0.000000
vt -0.142977 10.015000 0.000000
vt -0.175414 1.514375 0.000000
vt -0.175414 2.121562 0.000000
vt -0.175414 2.728750 0.000000
vt -0.175414 3.335937 0.000000
vt -0.175414 3.943125 0.000000
vt -0.175414 5.157500 0.000000
vt -0.175414 6.371875 0.000000
vt -0.175414 7.586250 0.000000
vt -0.175414 10.015000 0.000000
vt -0.207850 1.514375 0.000000
vt -0.207850 2.121562 0.000000
vt -0.207850 2.728750 0.000000
vt -0.207850 3.335937 0.000000
vt -0.207850 3.943125 0.000000
vt -0.207850 5.157500 0.000000
vt -0.207850 6.371875 0.000000
vt -0.207850 7.586250 0.000000
vt -0.207850 10.015000 0.000000
vt -0.234315 1.514375 0.000000
vt -0.234315 2.121562 0.000000
vt -0.234315 2.728750 0.000000
vt -0.234315 3.335937 0.000000
vt -0.234315 3.943125 0.000000
vt -0.234315 5.157500 0.000000
vt -0.234315 6.371875 0.000000
vt -0.234315 7.586250 0.000000
vt -0.234315 10.015000 0.000000
vt -0.429012 10.015000 0.000000
vt -0.429012 7.586250 0.000000
vt -0.409204 10.015000 0.000000
vt -0.409204 7.586250 0.000000
vt -0.409204 6.371875 0.000000
vt -0.389395 10.015000 0.000000
vt -0.389395 7.586250 0.000000
vt -0.389395 6.371875 0.000000
vt -0.389395 5.157500 0.000000
vt -0.369586 10.015000 0.000000
vt -0.369586 7.586250 0.000000
vt -0.369586 6.371875 0.000000
vt -0.369586 5.157500 0.000000
vt -0.369586 3.943125 0.000000
vt -0.349778 10.015000 0.000000
vt -0.349778 7.586250 0.000000
vt -0.349778 6.371875 0.000000
vt -0.349778 5.157500 0.000000
vt -0.349778 3.943125 0.000000
vt -0.349778 3.335937 0.000000
vt -0.310161 10.015000 0.000000
vt -0.310161 7.586250 0.000000
vt -0.310161 6.371875 0.000000
vt -0.310161 5.157500 0.000000
vt -0.310161 3.943125 0.000000
vt -0.310161 3.335937 0.000000
vt -0.310161 2.728750 0.000000
vt -0.272238 10.015000 0.000000
vt -0.272238 7.586250 0.000000
vt -0.272238 6.371875 0.000000
vt -0.272238 5.157500 0.000000
vt -0.272238 3.943125 0.000000
vt -0.272238 3.335937 0.000000
vt -0.272238 2.728750 0.000000
vt -0.272238 2.121562 0.000000
vt -0.448821 5.157500 0.000000
vt -3.527681 1.390176 0.000000
vt -3.527000 1.385000 0.000000
vt -0.300000 1.500000 0.000000
vt -3.527000 0.325000 0.000000
vt -0.300000 0.000000 0.000000
vt -3.527681 0.319824 0.000000
vt -3.529679 0.315000 0.000000
vt -3.532858 0.310858 0.000000
vt -3.537000 0.307679 0.000000
vt -3.541824 0.305681 0.000000
vt -3.547000 0.305000 0.000000
vt -4.407000 0.305000 0.000000
vt -11.730000 0.000000 0.000000
vt -4.412176 0.305681 0.000000
vt -4.417000 0.307679 0.000000
vt -4.421142 0.310858 0.000000
vt -4.424321 0.315000 0.000000
vt -4.426319 0.319824 0.000000
vt -4.427000 0.325000 0.000000
vt -11.730000 1.500000 0.000000
vt -4.427000 1.385000 0.000000
vt -4.426319 1.390176 0.000000
vt -4.424321 1.395000 0.000000
vt -4.421142 1.399142 0.000000
vt -11.726215 1.655528 0.000000
vt -4.417000 1.402321 0.000000
vt -4.412176 1.404319 0.000000
vt -4.407000 1.405000 0.000000
vt -11.030000 2.200000 0.000000
vt -11.712706 1.803814 0.000000
vt -1.000000 2.200000 0.000000
vt -3.547000 1.405000 0.000000
vt -0.505025 1.994975 0.000000
vt -0.417971 1.888899 0.000000
vt -0.353284 1.767878 0.000000
vt -3.541824 1.404319 0.000000
vt -0.313450 1.636563 0.000000
vt -3.537000 1.402321 0.000000
vt -3.532858 1.399142 0.000000
vt -3.529679 1.395000 0.000000
vt -0.611101 2.082029 0.000000
vt -0.732122 2.146716 0.000000
vt -0.863437 2.186550 0.000000
vt -11.260325 2.190941 0.000000
vt -11.366726 2.177737 0.000000
vt -11.462011 2.157077 0.000000
vt -11.502374 2.144253 0.000000
vt -11.535263 2.130955 0.000000
vt -11.582498 2.104376 0.000000
vt -11.614460 2.076956 0.000000
vt -11.642491 2.040129 0.000000
vt -11.666751 1.991818 0.000000
vt -11.686175 1.935238 0.000000
vt -0.300000 1.500000 0.000000
vt -19.730000 1.500000 0.000000
vt -0.300000 0.000000 0.000000
vt -19.730000 0.000000 0.000000
vt -0.300000 1.500000 0.000000
vt -19.730000 1.500000 0.000000
vt -0.300000 0.000000 0.000000
vt -19.730000 0.000000 0.000000
vt -15.022500 0.628319 0.000000
vt -11.684167 0.610865 0.000000
vt -15.022500 0.785398 0.000000
vt -8.345833 0.610865 0.000000
vt -5.007500 0.610865 0.000000
vt -5.007500 0.436332 0.000000
vt -1.669167 0.436332 0.000000
vt -1.669167 0.261799 0.000000
vt 1.669167 0.261799 0.000000
vt 1.669167 0.087266 0.000000
vt 5.007500 0.157080 0.000000
vt 5.007500 0.000000 0.000000
vt 1.669167 -0.087266 0.000000
vt 5.007500 -0.157080 0.000000
vt 1.669167 -0.261799 0.000000
vt 5.007500 -0.314159 0.000000
vt 1.669167 -0.436332 0.000000
vt 5.007500 -0.471239 0.000000
vt 1.669167 -0.610865 0.000000
vt 5.007500 -0.628319 0.000000
vt 5.007500 -0.785398 0.000000
vt -1.669167 -0.610865 0.000000
vt -5.007500 -0.610865 0.000000
vt -5.007500 -0.436332 0.000000
vt -8.345833 -0.436332 0.000000
vt -8.345833 -0.261799 0.000000
vt -11.684167 -0.261799 0.000000
vt -11.684167 -0.087266 0.000000
vt -15.022500 -0.157080 0.000000
vt -15.022500 0.000000 0.000000
vt -11.684167 0.087266 0.000000
vt -15.022500 0.157080 0.000000
vt -11.684167 0.261799 0.000000
vt -15.022500 0.314159 0.000000
vt -11.684167 0.436332 0.000000
vt -15.022500 0.471239 0.000000
vt -15.022500 -0.314159 0.000000
vt -11.684167 -0.436332 0.000000
vt -8.345833 -0.610865 0.000000
vt -15.022500 -0.471239 0.000000
vt -11.684167 -0.610865 0.000000
vt -15.022500 -0.628319 0.000000
vt -15.022500 -0.785398 0.000000
vt 5.007500 0.314159 0.000000
vt 1.669167 0.436332 0.000000
vt -1.669167 0.610865 0.000000
vt 5.007500 0.471239 0.000000
vt 1.669167 0.610865 0.000000
vt 5.007500 0.628319 0.000000
vt 5.007500 0.785398 0.000000
vt -8.345833 0.436332 0.000000
vt -8.345833 0.261799 0.000000
vt -8.345833 0.087266 0.000000
vt -8.345833 -0.087266 0.000000
vt -5.007500 0.261799 0.000000
vt -1.669167 0.087266 0.000000
vt -5.007500 0.087266 0.000000
vt -5.007500 -0.087266 0.000000
vt -5.007500 -0.261799 0.000000
vt -1.669167 -0.087266 0.000000
vt -1.669167 -0.261799 0.000000
vt -1.669167 -0.436332 0.000000
vt 12.030000 0.000000 0.000000
vt 12.030000 1.500000 0.000000
vt 0.000000 1.500000 0.000000
vt 12.017688 1.656434 0.000000
vt 0.009603 1.750280 0.000000
vt 11.981057 1.809017 0.000000
vt 11.921007 1.953990 0.000000
vt 11.839017 2.087785 0.000000
vt 11.030000 2.500000 0.000000
vt 0.023184 1.866256 0.000000
vt 11.737107 2.207107 0.000000
vt 11.617785 2.309017 0.000000
vt 11.483990 2.391007 0.000000
vt 11.339017 2.451057 0.000000
vt 11.186434 2.487688 0.000000
vt 1.000000 2.500000 0.000000
vt 0.044020 1.974296 0.000000
vt 0.072969 2.072518 0.000000
vt 0.109986 2.158308 0.000000
vt 0.155380 2.232269 0.000000
vt 0.209421 2.295190 0.000000
vt 0.272100 2.347763 0.000000
vt 0.343632 2.391010 0.000000
vt 0.425866 2.426453 0.000000
vt 0.867332 2.497583 0.000000
vt 0.520123 2.454629 0.000000
vt 0.626648 2.475709 0.000000
vt 0.742683 2.489767 0.000000
vt 0.000000 0.000000 0.000000
vt 0.918293 -8.356707 0.000000
vt 5.015000 0.000000 0.000000
vt 0.918293 8.643293 0.000000
vt 5.015000 10.015000 0.000000
vt 0.904620 8.799577 0.000000
vt 0.864017 8.951111 0.000000
vt 0.797716 9.093293 0.000000
vt 0.707733 9.221802 0.000000
vt 0.596802 9.332733 0.000000
vt 0.468293 9.422716 0.000000
vt 0.326111 9.489017 0.000000
vt 0.174577 9.529620 0.000000
vt 0.018293 9.543293 0.000000
vt -5.015000 10.015000 0.000000
vt -0.137990 9.529620 0.000000
vt -0.289525 9.489017 0.000000
vt -0.431707 9.422716 0.000000
vt -0.560216 9.332733 0.000000
vt -0.671147 9.221802 0.000000
vt -0.761130 9.093293 0.000000
vt -0.827430 8.951111 0.000000
vt -0.868034 8.799577 0.000000
vt -0.881707 8.643293 0.000000
vt -0.881707 -8.356707 0.000000
vt -5.015000 -10.015000 0.000000
vt -0.868034 -8.512990 0.000000
vt -0.827430 -8.664525 0.000000
vt -0.761130 -8.806707 0.000000
vt -0.671147 -8.935216 0.000000
vt -0.560216 -9.046147 0.000000
vt -0.431707 -9.136130 0.000000
vt -0.289525 -9.202430 0.000000
vt -0.137990 -9.243034 0.000000
vt 0.018293 -9.256707 0.000000
vt 5.015000 -10.015000 0.000000
vt 0.174577 -9.243034 0.000000
vt 0.326111 -9.202430 0.000000
vt 0.468293 -9.136130 0.000000
vt 0.596802 -9.046147 0.000000
vt 0.707733 -8.935216 0.000000
vt 0.797716 -8.806707 0.000000
vt 0.864017 -8.664525 0.000000
vt 0.904620 -8.512990 0.000000
vt 1.052180 20.030000 0.000000
vt 1.100568 17.526250 0.000000
vt 1.171573 20.030000 0.000000
vt 1.100568 15.022500 0.000000
vt 1.171573 10.015000 0.000000
vt 1.100568 12.518750 0.000000
vt 1.100568 10.015000 0.000000
vt 1.029564 12.518750 0.000000
vt 1.029564 10.015000 0.000000
vt 0.949684 12.518750 0.000000
vt 0.949684 10.015000 0.000000
vt 0.869804 12.518750 0.000000
vt 0.869804 10.015000 0.000000
vt 0.789924 12.518750 0.000000
vt 0.789924 10.015000 0.000000
vt 0.710044 12.518750 0.000000
vt 0.710044 10.015000 0.000000
vt 0.630164 12.518750 0.000000
vt 0.630164 10.015000 0.000000
vt 0.550284 12.518750 0.000000
vt 0.550284 10.015000 0.000000
vt 0.470404 12.518750 0.000000
vt 0.470404 10.015000 0.000000
vt 0.390524 12.518750 0.000000
vt 0.390524 10.015000 0.000000
vt 0.319520 12.518750 0.000000
vt 0.319520 10.015000 0.000000
vt 0.239640 12.518750 0.000000
vt 0.239640 10.015000 0.000000
vt 0.159760 12.518750 0.000000
vt 0.159760 10.015000 0.000000
vt 0.079880 12.518750 0.000000
vt 0.079880 10.015000 0.000000
vt 0.039940 12.518750 0.000000
vt 0.039940 10.015000 0.000000
vt 0.000000 10.015000 0.000000
vt 0.039940 7.511250 0.000000
vt 0.039940 5.007500 0.000000
vt 0.079880 5.007500 0.000000
vt 0.079880 3.755625 0.000000
vt 0.159760 3.755625 0.000000
vt 0.159760 2.503750 0.000000
vt 0.239640 2.503750 0.000000
vt 0.239640 1.877812 0.000000
vt 0.319520 1.877812 0.000000
vt 0.319520 1.251875 0.000000
vt 0.390524 1.251875 0.000000
vt 0.390524 0.625937 0.000000
vt 0.470404 0.625937 0.000000
vt 0.424088 -0.000000 0.000000
vt 0.506592 0.000000 0.000000
vt 1.029564 17.526250 0.000000
vt 0.983379 20.030000 0.000000
vt 0.949684 17.526250 0.000000
vt 0.908637 20.030000 0.000000
vt 0.869804 17.526250 0.000000
vt 0.829048 20.030000 0.000000
vt 0.789924 17.526250 0.000000
vt 0.747485 20.030000 0.000000
vt 0.710044 17.526250 0.000000
vt 0.664981 20.030000 0.000000
vt 0.630164 17.526250 0.000000
vt 0.582525 20.030000 0.000000
vt 0.550284 17.526250 0.000000
vt 0.501333 20.030000 0.000000
vt 0.470404 17.526250 0.000000
vt 0.422092 20.030000 0.000000
vt 0.390524 17.526250 0.000000
vt 0.343946 20.030000 0.000000
vt 0.319520 17.526250 0.000000
vt 0.267131 20.030000 0.000000
vt 0.239640 17.526250 0.000000
vt 0.192759 20.030000 0.000000
vt 0.159760 17.526250 0.000000
vt 0.123283 20.030000 0.000000
vt 0.079880 17.526250 0.000000
vt 0.059056 20.030000 0.000000
vt 0.039940 17.526250 0.000000
vt 0.000000 20.030000 0.000000
vt 0.039940 15.022500 0.000000
vt 0.000000 -0.000000 0.000000
vt 0.039940 3.755625 0.000000
vt 0.079880 2.503750 0.000000
vt 0.159760 1.877812 0.000000
vt 0.239640 1.251875 0.000000
vt 0.319520 0.625937 0.000000
vt 0.342525 0.000000 0.000000
vt 0.119393 -0.000000 0.000000
vt 0.039940 0.625937 0.000000
vt 0.039940 1.251875 0.000000
vt 0.039940 1.877812 0.000000
vt 0.079880 1.251875 0.000000
vt 0.079880 1.877812 0.000000
vt 0.159760 1.251875 0.000000
vt 0.188194 -0.000000 0.000000
vt 0.159760 0.625937 0.000000
vt 0.079880 0.625937 0.000000
vt 0.239640 0.625937 0.000000
vt 0.262936 0.000000 0.000000
vt 0.550284 0.625937 0.000000
vt 0.589048 0.000000 0.000000
vt 0.630164 0.625937 0.000000
vt 0.670240 -0.000000 0.000000
vt 0.710044 0.625937 0.000000
vt 0.749481 -0.000000 0.000000
vt 0.789924 0.625937 0.000000
vt 0.827627 -0.000000 0.000000
vt 0.869804 0.625937 0.000000
vt 0.904442 -0.000000 0.000000
vt 0.949684 0.625937 0.000000
vt 0.978814 -0.000000 0.000000
vt 1.029564 0.625937 0.000000
vt 1.048290 0.000000 0.000000
vt 1.100568 0.625937 0.000000
vt 1.112517 -0.000000 0.000000
vt 1.171573 0.000000 0.000000
vt 1.100568 5.007500 0.000000
vt 1.100568 3.755625 0.000000
vt 1.100568 2.503750 0.000000
vt 1.029564 3.755625 0.000000
vt 1.029564 2.503750 0.000000
vt 0.949684 3.755625 0.000000
vt 0.949684 2.503750 0.000000
vt 0.869804 3.755625 0.000000
vt 0.869804 2.503750 0.000000
vt 0.789924 3.755625 0.000000
vt 0.789924 2.503750 0.000000
vt 0.710044 3.755625 0.000000
vt 0.710044 2.503750 0.000000
vt 0.630164 3.755625 0.000000
vt 0.630164 2.503750 0.000000
vt 0.550284 3.755625 0.000000
vt 0.550284 2.503750 0.000000
vt 0.470404 3.755625 0.000000
vt 0.470404 2.503750 0.000000
vt 0.390524 3.755625 0.000000
vt 0.390524 2.503750 0.000000
vt 0.319520 3.755625 0.000000
vt 0.319520 2.503750 0.000000
vt 0.239640 3.755625 0.000000
vt 0.039940 2.503750 0.000000
vt 1.100568 1.877812 0.000000
vt 1.029564 1.877812 0.000000
vt 0.949684 1.877812 0.000000
vt 0.869804 1.877812 0.000000
vt 0.789924 1.877812 0.000000
vt 0.710044 1.877812 0.000000
vt 0.630164 1.877812 0.000000
vt 0.550284 1.877812 0.000000
vt 0.470404 1.877812 0.000000
vt 0.390524 1.877812 0.000000
vt 1.100568 7.511250 0.000000
vt 0.079880 15.022500 0.000000
vt 0.159760 15.022500 0.000000
vt 0.239640 15.022500 0.000000
vt 0.319520 15.022500 0.000000
vt 0.390524 15.022500 0.000000
vt 0.470404 15.022500 0.000000
vt 0.550284 15.022500 0.000000
vt 0.630164 15.022500 0.000000
vt 0.710044 15.022500 0.000000
vt 0.789924 15.022500 0.000000
vt 0.869804 15.022500 0.000000
vt 0.949684 15.022500 0.000000
vt 1.029564 15.022500 0.000000
vt 0.079880 7.511250 0.000000
vt 0.159760 7.511250 0.000000
vt 0.159760 5.007500 0.000000
vt 0.239640 7.511250 0.000000
vt 0.239640 5.007500 0.000000
vt 0.319520 7.511250 0.000000
vt 0.319520 5.007500 0.000000
vt 0.390524 7.511250 0.000000
vt 0.390524 5.007500 0.000000
vt 0.470404 7.511250 0.000000
vt 0.470404 5.007500 0.000000
vt 0.550284 7.511250 0.000000
vt 0.550284 5.007500 0.000000
vt 0.630164 7.511250 0.000000
vt 0.630164 5.007500 0.000000
vt 0.710044 7.511250 0.000000
vt 0.710044 5.007500 0.000000
vt 0.789924 7.511250 0.000000
vt 0.789924 5.007500 0.000000
vt 0.869804 7.511250 0.000000
vt 0.869804 5.007500 0.000000
vt 0.949684 7.511250 0.000000
vt 0.949684 5.007500 0.000000
vt 1.029564 7.511250 0.000000
vt 1.029564 5.007500 0.000000
vt 1.029564 1.251875 0.000000
vt 1.100568 1.251875 0.000000
vt 0.949684 1.251875 0.000000
vt 0.869804 1.251875 0.000000
vt 0.789924 1.251875 0.000000
vt 0.710044 1.251875 0.000000
vt 0.630164 1.251875 0.000000
vt 0.550284 1.251875 0.000000
vt 0.470404 1.251875 0.000000
vt 3.527000 1.385000 0.000000
vt 0.000000 1.500000 0.000000
vt 3.527000 0.325000 0.000000
vt 0.000000 0.000000 0.000000
vt 3.527681 0.319824 0.000000
vt 3.529679 0.315000 0.000000
vt 3.532858 0.310858 0.000000
vt 3.537000 0.307679 0.000000
vt 3.541824 0.305681 0.000000
vt 3.547000 0.305000 0.000000
vt 4.407000 0.305000 0.000000
vt 12.030000 0.000000 0.000000
vt 4.412176 0.305681 0.000000
vt 4.417000 0.307679 0.000000
vt 4.421142 0.310858 0.000000
vt 4.424321 0.315000 0.000000
vt 4.426319 0.319824 0.000000
vt 4.427000 0.325000 0.000000
vt 12.030000 1.500000 0.000000
vt 4.427000 1.385000 0.000000
vt 4.426319 1.390176 0.000000
vt 4.424321 1.395000 0.000000
vt 4.421142 1.399142 0.000000
vt 12.027583 1.632668 0.000000
vt 4.417000 1.402321 0.000000
vt 12.019767 1.757317 0.000000
vt 4.412176 1.404319 0.000000
vt 12.005709 1.873352 0.000000
vt 11.984629 1.979877 0.000000
vt 3.527681 1.390176 0.000000
vt 3.529679 1.395000 0.000000
vt 3.532858 1.399142 0.000000
vt 3.537000 1.402321 0.000000
vt 0.012312 1.656434 0.000000
vt 3.541824 1.404319 0.000000
vt 0.048943 1.809017 0.000000
vt 3.547000 1.405000 0.000000
vt 0.108993 1.953990 0.000000
vt 0.190983 2.087785 0.000000
vt 0.292893 2.207107 0.000000
vt 1.000000 2.500000 0.000000
vt 0.412215 2.309017 0.000000
vt 0.546010 2.391007 0.000000
vt 0.690983 2.451057 0.000000
vt 0.843566 2.487688 0.000000
vt 4.407000 1.405000 0.000000
vt 11.030000 2.500000 0.000000
vt 11.956453 2.074134 0.000000
vt 11.921010 2.156368 0.000000
vt 11.877763 2.227900 0.000000
vt 11.825190 2.290579 0.000000
vt 11.762269 2.344620 0.000000
vt 11.688308 2.390014 0.000000
vt 11.602518 2.427031 0.000000
vt 11.504296 2.455980 0.000000
vt 11.396256 2.476816 0.000000
vt 11.280280 2.490397 0.000000
vt 20.030000 1.500000 0.000000
vt 0.000000 1.500000 0.000000
vt 20.030000 0.000000 0.000000
vt 0.000000 0.000000 0.000000
vt 20.030000 1.500000 0.000000
vt 10.015000 1.500000 0.000000
vt 20.030000 0.000000 0.000000
vt 0.000000 0.000000 0.000000
vt 0.000000 1.500000 0.000000
vt 5.715000 9.715000 0.000000
vt 5.715000 -9.715000 0.000000
vt 6.015000 -10.015000 0.000000
vt -5.715000 -9.715000 0.000000
vt -6.015000 -10.015000 0.000000
vt -5.715000 9.715000 0.000000
vt -6.015000 10.015000 0.000000
vt 6.015000 10.015000 0.000000
vn 0.096593 -0.000000 0.025882
vn 0.096593 -0.000000 0.025882
vn 0.100000 -0.000000 0.000000
vn 0.096593 -0.000000 0.025882
vn 0.100000 -0.000000 0.000000
vn 0.096593 -0.000000 0.025882
vn 0.086603 -0.000000 0.050000
vn 0.086603 -0.000000 0.050000
vn 0.070711 -0.000000 0.070711
vn 0.070711 -0.000000 0.070711
vn 0.050000 -0.000000 0.086603
vn 0.050000 -0.000000 0.086603
vn 0.025882 -0.000000 0.096593
vn 0.025882 -0.000000 0.096593
vn 0.000000 -0.000000 0.100000
vn 0.025882 -0.000000 0.096593
vn 0.000000 -0.000000 0.100000
vn 0.025882 -0.000000 0.096593
vn 0.050000 -0.000000 0.086603
vn 0.050000 -0.000000 0.086603
vn 0.070711 -0.000000 0.070711
vn 0.070711 -0.000000 0.070711
vn 0.086603 -0.000000 0.050000
vn 0.086603 -0.000000 0.050000
vn 0.000000 -0.000000 0.100000
vn 0.000000 -0.000000 0.100000
vn -0.025882 0.000000 0.096593
vn -0.025882 0.000000 0.096593
vn -0.025882 0.000000 0.096593
vn -0.025882 0.000000 0.096593
vn -0.050000 0.000000 0.086603
vn -0.050000 0.000000 0.086603
vn -0.070711 0.000000 0.070711
vn -0.070711 0.000000 0.070711
vn -0.086603 0.000000 0.050000
vn -0.086603 0.000000 0.050000
vn -0.096593 0.000000 0.025882
vn -0.096593 0.000000 0.025882
vn -0.100000 0.000000 -0.000000
vn -0.096593 0.000000 0.025882
vn -0.100000 0.000000 -0.000000
vn -0.096593 0.000000 0.025882
vn -0.086603 0.000000 0.050000
vn -0.086603 0.000000 0.050000
vn -0.070711 0.000000 0.070711
vn -0.070711 0.000000 0.070711
vn -0.050000 0.000000 0.086603
vn -0.050000 0.000000 0.086603
vn -0.100000 0.000000 0.000000
vn -0.100000 0.000000 0.000000
vn 0.025882 0.000000 -0.096593
vn 0.025882 0.000000 -0.096593
vn 0.000000 0.000000 -0.100000
vn 0.025882 0.000000 -0.096593
vn 0.000000 0.000000 -0.100000
vn 0.025882 0.000000 -0.096593
vn 0.050000 0.000000 -0.086603
vn 0.050000 0.000000 -0.086603
vn 0.070711 0.000000 -0.070711
vn 0.070711 0.000000 -0.070711
vn 0.086603 0.000000 -0.050000
vn 0.086603 0.000000 -0.050000
vn 0.096593 0.000000 -0.025882
vn 0.096593 0.000000 -0.025882
vn 0.100000 -0.000000 0.000000
vn 0.096593 0.000000 -0.025882
vn 0.100000 -0.000000 0.000000
vn 0.096593 0.000000 -0.025882
vn 0.086603 0.000000 -0.050000
vn 0.086603 0.000000 -0.050000
vn 0.070711 0.000000 -0.070711
vn 0.070711 0.000000 -0.070711
vn 0.050000 0.000000 -0.086603
vn 0.050000 0.000000 -0.086603
vn -0.096593 0.000000 -0.025882
vn -0.096593 0.000000 -0.025882
vn -0.096593 0.000000 -0.025882
vn -0.096593 0.000000 -0.025882
vn -0.086603 0.000000 -0.050000
vn -0.086603 0.000000 -0.050000
vn -0.070711 0.000000 -0.070711
vn -0.070711 0.000000 -0.070711
vn -0.050000 0.000000 -0.086603
vn -0.050000 0.000000 -0.086603
vn -0.025882 0.000000 -0.096593
vn -0.025882 0.000000 -0.096593
vn 0.000000 0.000000 -0.100000
vn -0.025882 0.000000 -0.096593
vn 0.000000 0.000000 -0.100000
vn -0.025882 0.000000 -0.096593
vn -0.050000 0.000000 -0.086603
vn -0.050000 0.000000 -0.086603
vn -0.070711 0.000000 -0.070711
vn -0.070711 0.000000 -0.070711
vn -0.086603 0.000000 -0.050000
vn -0.086603 0.000000 -0.050000
vn 0.100000 0.000000 0.000000
vn 0.100000 0.000000 0.000000
vn 0.100000 0.000000 0.000000
vn 0.100000 0.000000 0.000000
vn -0.100000 0.000000 0.000000
vn -0.100000 0.000000 0.000000
vn -0.098481 0.017365 0.000000
vn -0.098481 0.017365 0.000000
vn -0.093969 0.034202 0.000000
vn -0.093969 0.034202 0.000000
vn -0.086603 0.050000 0.000000
vn -0.086603 0.050000 0.000000
vn -0.076604 0.064279 0.000000
vn -0.076604 0.064279 0.000000
vn -0.064279 0.076604 0.000000
vn -0.064279 0.076604 0.000000
vn -0.050000 0.086603 0.000000
vn -0.050000 0.086603 0.000000
vn -0.034202 0.093969 0.000000
vn -0.034202 0.093969 0.000000
vn -0.017365 0.098481 0.000000
vn -0.017365 0.098481 0.000000
vn 0.000000 0.100000 0.000000
vn 0.000000 0.100000 0.000000
vn 0.017365 0.098481 0.000000
vn 0.017365 0.098481 0.000000
vn 0.034202 0.093969 0.000000
vn 0.034202 0.093969 0.000000
vn 0.050000 0.086603 0.000000
vn 0.050000 0.086603 0.000000
vn 0.064279 0.076604 0.000000
vn 0.064279 0.076604 0.000000
vn 0.076604 0.064279 0.000000
vn 0.076604 0.064279 0.000000
vn 0.086603 0.050000 0.000000
vn 0.086603 0.050000 0.000000
vn 0.093969 0.034202 0.000000
vn 0.093969 0.034202 0.000000
vn 0.098481 0.017365 0.000000
vn 0.098481 0.017365 0.000000
vn -0.100000 0.000000 0.000000
vn -0.100000 0.000000 0.000000
vn 0.098481 -0.017365 0.000000
vn 0.098481 -0.017365 0.000000
vn 0.093969 -0.034202 0.000000
vn 0.093969 -0.034202 0.000000
vn 0.086603 -0.050000 0.000000
vn 0.086603 -0.050000 0.000000
vn 0.076604 -0.064279 0.000000
vn 0.076604 -0.064279 0.000000
vn 0.064279 -0.076604 0.000000
vn 0.064279 -0.076604 0.000000
vn 0.050000 -0.086603 0.000000
vn 0.050000 -0.086603 0.000000
vn 0.034202 -0.093969 0.000000
vn 0.034202 -0.093969 0.000000
vn 0.017365 -0.098481 0.000000
vn 0.017365 -0.098481 0.000000
vn -0.000000 -0.100000 0.000000
vn -0.000000 -0.100000 0.000000
vn -0.017365 -0.098481 0.000000
vn -0.017365 -0.098481 0.000000
vn -0.034202 -0.093969 0.000000
vn -0.034202 -0.093969 0.000000
vn -0.050000 -0.086603 0.000000
vn -0.050000 -0.086603 0.000000
vn -0.064279 -0.076604 0.000000
vn -0.064279 -0.076604 0.000000
vn -0.076604 -0.064279 0.000000
vn -0.076604 -0.064279 0.000000
vn -0.086603 -0.050000 0.000000
vn -0.086603 -0.050000 0.000000
vn -0.093969 -0.034202 0.000000
vn -0.093969 -0.034202 0.000000
vn -0.098481 -0.017365 0.000000
vn -0.098481 -0.017365 0.000000
vn 0.019509 -0.000000 -0.098079
vn 0.019509 -0.000000 -0.098079
vn 0.000000 -0.000000 -0.100000
vn 0.019509 -0.000000 -0.098079
vn 0.019509 -0.000000 -0.098079
vn 0.038268 -0.000000 -0.092388
vn 0.038268 -0.000000 -0.092388
vn 0.055557 -0.000000 -0.083147
vn 0.055557 -0.000000 -0.083147
vn 0.070711 -0.000000 -0.070711
vn 0.070711 -0.000000 -0.070711
vn 0.083147 -0.000000 -0.055557
vn 0.083147 -0.000000 -0.055557
vn 0.092388 -0.000000 -0.038268
vn 0.092388 -0.000000 -0.038268
vn 0.098079 -0.000000 -0.019509
vn 0.098079 -0.000000 -0.019509
vn 0.100000 -0.000000 0.000000
vn 0.098079 -0.000000 -0.019509
vn 0.098079 -0.000000 -0.019509
vn 0.092388 -0.000000 -0.038268
vn 0.092388 -0.000000 -0.038268
vn 0.083147 -0.000000 -0.055557
vn 0.083147 -0.000000 -0.055557
vn 0.070711 -0.000000 -0.070711
vn 0.070711 -0.000000 -0.070711
vn 0.055557 -0.000000 -0.083147
vn 0.055557 -0.000000 -0.083147
vn 0.038268 -0.000000 -0.092388
vn 0.038268 -0.000000 -0.092388
vn 0.070711 -0.000000 -0.070711
vn 0.083147 -0.000000 -0.055557
vn 0.092388 -0.000000 -0.038268
vn 0.098079 -0.000000 -0.019509
vn 0.083147 -0.000000 -0.055557
vn 0.092388 -0.000000 -0.038268
vn 0.098079 -0.000000 -0.019509
vn 0.100000 -0.000000 -0.000000
vn 0.092388 -0.000000 -0.038268
vn 0.098079 -0.000000 -0.019509
vn 0.098079 -0.000000 -0.019509
vn 0.070711 -0.000000 -0.070711
vn 0.055557 -0.000000 -0.083147
vn 0.038268 -0.000000 -0.092388
vn 0.019509 -0.000000 -0.098079
vn 0.055557 -0.000000 -0.083147
vn 0.038268 -0.000000 -0.092388
vn 0.019509 -0.000000 -0.098079
vn 0.000000 -0.000000 -0.100000
vn 0.038268 -0.000000 -0.092388
vn 0.019509 -0.000000 -0.098079
vn 0.019509 -0.000000 -0.098079
vn 0.038268 -0.000000 -0.092388
vn 0.055557 -0.000000 -0.083147
vn 0.055557 -0.000000 -0.083147
vn 0.070711 -0.000000 -0.070711
vn 0.083147 -0.000000 -0.055557
vn 0.070711 -0.000000 -0.070711
vn 0.083147 -0.000000 -0.055557
vn 0.092388 -0.000000 -0.038268
vn 0.000000 -0.100000 0.000000
vn 0.000000 -0.100000 0.000000
vn 0.000000 -0.100000 0.000000
vn 0.000000 -0.100000 0.000000
vn 0.000000 -0.100000 0.000000
vn 0.000000 -0.100000 0.000000
vn 0.000000 -0.100000 0.000000
vn 0.000000 -0.100000 0.000000
vn 0.000000 -0.100000 0.000000
vn 0.000000 -0.100000 0.000000
vn 0.000000 -0.100000 0.000000
vn 0.000000 -0.100000 0.000000
vn 0.000000 -0.100000 0.000000
vn 0.000000 -0.100000 0.000000
vn 0.000000 -0.100000 0.000000
vn 0.000000 -0.100000 0.000000
vn 0.000000 -0.100000 0.000000
vn 0.000000 -0.100000 0.000000
vn 0.000000 -0.100000 0.000000
vn 0.000000 -0.100000 0.000000
vn 0.000000 -0.100000 0.000000
vn 0.000000 -0.100000 0.000000
vn 0.000000 -0.100000 0.000000
vn 0.000000 -0.100000 0.000000
vn 0.000000 -0.100000 0.000000
vn 0.000000 0.000000 -0.100000
vn 0.000000 0.000000 -0.100000
vn 0.000000 0.000000 -0.100000
vn 0.000000 0.000000 -0.100000
vn 0.000000 0.000000 -0.100000
vn 0.000000 0.000000 -0.100000
vn 0.000000 0.000000 -0.100000
vn 0.000000 0.000000 -0.100000
vn 0.000000 0.000000 -0.100000
vn 0.000000 0.000000 -0.100000
vn 0.000000 0.000000 -0.100000
vn 0.000000 0.000000 -0.100000
vn 0.000000 0.000000 -0.100000
vn 0.000000 0.000000 -0.100000
vn 0.000000 0.000000 -0.100000
vn 0.000000 0.000000 -0.100000
vn 0.000000 0.000000 -0.100000
vn 0.000000 0.000000 -0.100000
vn 0.000000 0.000000 -0.100000
vn 0.000000 0.000000 -0.100000
vn 0.000000 0.000000 -0.100000
vn 0.000000 0.000000 -0.100000
vn 0.000000 0.000000 -0.100000
vn 0.000000 0.000000 -0.100000
vn 0.000000 0.000000 -0.100000
vn 0.000000 0.000000 -0.100000
vn 0.000000 0.000000 -0.100000
vn 0.000000 0.000000 -0.100000
vn 0.000000 0.000000 -0.100000
vn 0.000000 0.000000 -0.100000
vn 0.000000 0.000000 -0.100000
vn 0.000000 0.000000 -0.100000
vn 0.000000 0.000000 -0.100000
vn 0.000000 0.000000 -0.100000
vn 0.000000 0.000000 -0.100000
vn 0.000000 0.000000 -0.100000
vn 0.000000 0.000000 -0.100000
vn 0.000000 0.000000 -0.100000
vn 0.000000 0.000000 -0.100000
vn 0.000000 0.000000 -0.100000
vn -0.004472 0.000000 -0.099900
vn -0.003716 0.000000 -0.099931
vn -0.003716 0.000000 -0.099931
vn -0.003716 0.000000 -0.099931
vn -0.008445 0.000000 -0.099643
vn -0.008445 0.000000 -0.099643
vn -0.014280 0.000000 -0.098975
vn -0.014280 0.000000 -0.098975
vn -0.024025 0.000000 -0.097071
vn -0.024025 0.000000 -0.097071
vn -0.036679 0.000000 -0.093030
vn -0.036679 0.000000 -0.093030
vn -0.051266 0.000000 -0.085859
vn -0.051266 0.000000 -0.085859
vn -0.064350 0.000000 -0.076545
vn -0.064350 0.000000 -0.076545
vn -0.070711 0.000000 -0.070711
vn -0.070711 0.000000 -0.070711
vn -0.079850 0.000000 -0.060200
vn -0.079850 0.000000 -0.060200
vn -0.090016 0.000000 -0.043555
vn -0.090016 0.000000 -0.043555
vn -0.096288 0.000000 -0.026994
vn -0.096288 0.000000 -0.026994
vn -0.097930 0.000000 -0.020243
vn -0.097930 0.000000 -0.020243
vn -0.098932 0.000000 -0.014573
vn -0.098932 0.000000 -0.014573
vn -0.099512 0.000000 -0.009863
vn -0.099512 0.000000 -0.009863
vn -0.099822 0.000000 -0.005958
vn -0.099822 0.000000 -0.005958
vn -0.099963 0.000000 -0.002712
vn -0.099963 0.000000 -0.002712
vn -0.100000 0.000000 -0.000000
vn -0.099963 0.000000 -0.002712
vn -0.100000 0.000000 0.000000
vn -0.099963 0.000000 -0.002712
vn -0.099963 0.000000 -0.002712
vn -0.099822 0.000000 -0.005958
vn -0.099822 0.000000 -0.005958
vn -0.099512 0.000000 -0.009863
vn -0.099512 0.000000 -0.009863
vn -0.098932 0.000000 -0.014573
vn -0.098932 0.000000 -0.014573
vn -0.097930 0.000000 -0.020243
vn -0.097930 0.000000 -0.020243
vn -0.096288 0.000000 -0.026994
vn -0.096288 0.000000 -0.026994
vn -0.090016 0.000000 -0.043555
vn -0.090016 0.000000 -0.043555
vn -0.079850 0.000000 -0.060200
vn -0.079850 0.000000 -0.060200
vn -0.070711 0.000000 -0.070711
vn -0.071546 0.000000 -0.069865
vn -0.064350 0.000000 -0.076545
vn -0.061568 0.000000 -0.078800
vn -0.051266 0.000000 -0.085859
vn -0.043899 0.000000 -0.089849
vn -0.036679 0.000000 -0.093030
vn -0.034615 0.000000 -0.093818
vn -0.026360 0.000000 -0.096463
vn -0.008445 0.000000 -0.099643
vn -0.012106 0.000000 -0.099265
vn -0.014280 0.000000 -0.098975
vn -0.026919 0.000000 -0.096309
vn -0.024025 0.000000 -0.097071
vn -0.036679 0.000000 -0.093030
vn -0.039779 0.000000 -0.091748
vn -0.051266 0.000000 -0.085859
vn -0.056663 0.000000 -0.082397
vn -0.064350 0.000000 -0.076545
vn -0.069865 0.000000 -0.071546
vn -0.070711 0.000000 -0.070711
vn -0.078800 0.000000 -0.061568
vn -0.079850 0.000000 -0.060200
vn -0.089849 0.000000 -0.043899
vn -0.090016 0.000000 -0.043555
vn -0.093818 0.000000 -0.034615
vn -0.096288 0.000000 -0.026994
vn -0.096463 0.000000 -0.026360
vn -0.097930 0.000000 -0.020243
vn -0.098912 0.000000 -0.014712
vn -0.098932 0.000000 -0.014573
vn -0.099512 0.000000 -0.009863
vn -0.099704 0.000000 -0.007691
vn -0.099822 0.000000 -0.005958
vn -0.099963 0.000000 -0.002712
vn -0.099900 0.000000 -0.004472
vn -0.099963 0.000000 -0.002712
vn -0.099963 0.000000 -0.002712
vn -0.099963 0.000000 -0.002712
vn -0.099822 0.000000 -0.005958
vn -0.099822 0.000000 -0.005958
vn -0.099512 0.000000 -0.009863
vn -0.099512 0.000000 -0.009863
vn -0.098932 0.000000 -0.014573
vn -0.098932 0.000000 -0.014573
vn -0.097930 0.000000 -0.020243
vn -0.097930 0.000000 -0.020243
vn -0.096288 0.000000 -0.026994
vn -0.099265 0.000000 -0.012106
vn -0.099512 0.000000 -0.009863
vn -0.099822 0.000000 -0.005958
vn -0.096309 0.000000 -0.026919
vn -0.097930 0.000000 -0.020243
vn -0.098932 0.000000 -0.014573
vn -0.096288 0.000000 -0.026994
vn -0.091748 0.000000 -0.039779
vn -0.090016 0.000000 -0.043555
vn -0.082397 0.000000 -0.056663
vn -0.024025 0.000000 -0.097071
vn -0.014712 0.000000 -0.098912
vn -0.014280 0.000000 -0.098975
vn -0.007691 0.000000 -0.099704
vn -0.008445 0.000000 -0.099643
vn -0.003716 0.000000 -0.099931
vn -0.008445 0.000000 -0.099643
vn -0.003716 0.000000 -0.099931
vn -0.008445 0.000000 -0.099643
vn -0.003716 0.000000 -0.099931
vn -0.008445 0.000000 -0.099643
vn -0.003716 0.000000 -0.099931
vn -0.008445 0.000000 -0.099643
vn -0.003716 0.000000 -0.099931
vn -0.008445 0.000000 -0.099643
vn -0.003716 0.000000 -0.099931
vn -0.008445 0.000000 -0.099643
vn -0.003716 0.000000 -0.099931
vn -0.008445 0.000000 -0.099643
vn -0.003716 0.000000 -0.099931
vn -0.008445 0.000000 -0.099643
vn -0.003716 0.000000 -0.099931
vn -0.008445 0.000000 -0.099643
vn -0.003716 0.000000 -0.099931
vn -0.099963 0.000000 -0.002712
vn -0.099963 0.000000 -0.002712
vn -0.099822 0.000000 -0.005958
vn -0.099822 0.000000 -0.005958
vn -0.099512 0.000000 -0.009863
vn -0.099512 0.000000 -0.009863
vn -0.098932 0.000000 -0.014573
vn -0.099963 0.000000 -0.002712
vn -0.099822 0.000000 -0.005958
vn -0.014280 0.000000 -0.098975
vn -0.014280 0.000000 -0.098975
vn -0.014280 0.000000 -0.098975
vn -0.014280 0.000000 -0.098975
vn -0.014280 0.000000 -0.098975
vn -0.014280 0.000000 -0.098975
vn -0.014280 0.000000 -0.098975
vn -0.014280 0.000000 -0.098975
vn -0.014280 0.000000 -0.098975
vn -0.024025 0.000000 -0.097071
vn -0.024025 0.000000 -0.097071
vn -0.024025 0.000000 -0.097071
vn -0.024025 0.000000 -0.097071
vn -0.024025 0.000000 -0.097071
vn -0.024025 0.000000 -0.097071
vn -0.024025 0.000000 -0.097071
vn -0.024025 0.000000 -0.097071
vn -0.024025 0.000000 -0.097071
vn -0.036679 0.000000 -0.093030
vn -0.036679 0.000000 -0.093030
vn -0.036679 0.000000 -0.093030
vn -0.036679 0.000000 -0.093030
vn -0.036679 0.000000 -0.093030
vn -0.036679 0.000000 -0.093030
vn -0.036679 0.000000 -0.093030
vn -0.036679 0.000000 -0.093030
vn -0.036679 0.000000 -0.093030
vn -0.051266 0.000000 -0.085859
vn -0.051266 0.000000 -0.085859
vn -0.051266 0.000000 -0.085859
vn -0.051266 0.000000 -0.085859
vn -0.051266 0.000000 -0.085859
vn -0.051266 0.000000 -0.085859
vn -0.051266 0.000000 -0.085859
vn -0.051266 0.000000 -0.085859
vn -0.051266 0.000000 -0.085859
vn -0.064350 0.000000 -0.076545
vn -0.064350 0.000000 -0.076545
vn -0.064350 0.000000 -0.076545
vn -0.064350 0.000000 -0.076545
vn -0.064350 0.000000 -0.076545
vn -0.064350 0.000000 -0.076545
vn -0.064350 0.000000 -0.076545
vn -0.064350 0.000000 -0.076545
vn -0.064350 0.000000 -0.076545
vn -0.070711 0.000000 -0.070711
vn -0.070711 0.000000 -0.070711
vn -0.070711 0.000000 -0.070711
vn -0.070711 0.000000 -0.070711
vn -0.070711 0.000000 -0.070711
vn -0.070711 0.000000 -0.070711
vn -0.070711 0.000000 -0.070711
vn -0.070711 0.000000 -0.070711
vn -0.070711 0.000000 -0.070711
vn -0.099822 0.000000 -0.005958
vn -0.099822 0.000000 -0.005958
vn -0.099512 0.000000 -0.009863
vn -0.099512 0.000000 -0.009863
vn -0.099512 0.000000 -0.009863
vn -0.098932 0.000000 -0.014573
vn -0.098932 0.000000 -0.014573
vn -0.098932 0.000000 -0.014573
vn -0.098932 0.000000 -0.014573
vn -0.097930 0.000000 -0.020243
vn -0.097930 0.000000 -0.020243
vn -0.097930 0.000000 -0.020243
vn -0.097930 0.000000 -0.020243
vn -0.097930 0.000000 -0.020243
vn -0.096288 0.000000 -0.026994
vn -0.096288 0.000000 -0.026994
vn -0.096288 0.000000 -0.026994
vn -0.096288 0.000000 -0.026994
vn -0.096288 0.000000 -0.026994
vn -0.096288 0.000000 -0.026994
vn -0.090016 0.000000 -0.043555
vn -0.090016 0.000000 -0.043555
vn -0.090016 0.000000 -0.043555
vn -0.090016 0.000000 -0.043555
vn -0.090016 0.000000 -0.043555
vn -0.090016 0.000000 -0.043555
vn -0.090016 0.000000 -0.043555
vn -0.079850 0.000000 -0.060200
vn -0.079850 0.000000 -0.060200
vn -0.079850 0.000000 -0.060200
vn -0.079850 0.000000 -0.060200
vn -0.079850 0.000000 -0.060200
vn -0.079850 0.000000 -0.060200
vn -0.079850 0.000000 -0.060200
vn -0.079850 0.000000 -0.060200
vn -0.099963 0.000000 -0.002712
vn -0.000000 0.100000 -0.000000
vn -0.000000 0.100000 -0.000000
vn -0.000000 0.100000 -0.000000
vn -0.000000 0.100000 -0.000000
vn -0.000000 0.100000 -0.000000
vn -0.000000 0.100000 -0.000000
vn -0.000000 0.100000 -0.000000
vn -0.000000 0.100000 -0.000000
vn -0.000000 0.100000 -0.000000
vn -0.000000 0.100000 -0.000000
vn -0.000000 0.100000 -0.000000
vn -0.000000 0.100000 -0.000000
vn -0.000000 0.100000 -0.000000
vn -0.000000 0.100000 -0.000000
vn -0.000000 0.100000 -0.000000
vn -0.000000 0.100000 -0.000000
vn -0.000000 0.100000 -0.000000
vn -0.000000 0.100000 -0.000000
vn -0.000000 0.100000 -0.000000
vn -0.000000 0.100000 -0.000000
vn -0.000000 0.100000 -0.000000
vn -0.000000 0.100000 -0.000000
vn -0.000000 0.100000 -0.000000
vn -0.000000 0.100000 -0.000000
vn -0.000000 0.100000 -0.000000
vn -0.000000 0.100000 -0.000000
vn -0.000000 0.100000 -0.000000
vn -0.000000 0.100000 -0.000000
vn -0.000000 0.100000 -0.000000
vn -0.000000 0.100000 -0.000000
vn -0.000000 0.100000 -0.000000
vn -0.000000 0.100000 -0.000000
vn -0.000000 0.100000 -0.000000
vn -0.000000 0.100000 -0.000000
vn -0.000000 0.100000 -0.000000
vn -0.000000 0.100000 -0.000000
vn -0.000000 0.100000 -0.000000
vn -0.000000 0.100000 -0.000000
vn -0.000000 0.100000 -0.000000
vn -0.000000 0.100000 -0.000000
vn -0.000000 0.100000 -0.000000
vn -0.000000 0.100000 -0.000000
vn -0.000000 0.100000 -0.000000
vn -0.000000 0.100000 -0.000000
vn -0.000000 0.100000 -0.000000
vn -0.000000 0.100000 -0.000000
vn -0.000000 0.100000 -0.000000
vn -0.000000 0.100000 -0.000000
vn -0.000000 0.100000 -0.000000
vn -0.000000 0.100000 -0.000000
vn -0.000000 0.100000 -0.000000
vn -0.000000 0.100000 -0.000000
vn -0.000000 0.100000 -0.000000
vn 0.100000 -0.000000 0.000000
vn 0.100000 -0.000000 0.000000
vn -0.100000 0.000000 -0.000000
vn -0.100000 0.000000 -0.000000
vn -0.098769 0.000000 0.015643
vn -0.098481 0.000000 0.017365
vn -0.100000 0.000000 0.000000
vn -0.098481 0.000000 0.017365
vn -0.098481 0.000000 0.017365
vn -0.093969 0.000000 0.034202
vn -0.093969 0.000000 0.034202
vn -0.086603 0.000000 0.050000
vn -0.086603 0.000000 0.050000
vn -0.076604 0.000000 0.064279
vn -0.080902 0.000000 0.058779
vn -0.070711 0.000000 0.070711
vn -0.064279 0.000000 0.076604
vn -0.058779 0.000000 0.080902
vn -0.050000 0.000000 0.086603
vn -0.045399 0.000000 0.089101
vn -0.034202 0.000000 0.093969
vn -0.030902 0.000000 0.095106
vn -0.017365 0.000000 0.098481
vn -0.015643 0.000000 0.098769
vn -0.000000 0.000000 0.100000
vn -0.017365 0.000000 0.098481
vn -0.017365 0.000000 0.098481
vn -0.034202 0.000000 0.093969
vn -0.034202 0.000000 0.093969
vn -0.050000 0.000000 0.086603
vn -0.050000 0.000000 0.086603
vn -0.064279 0.000000 0.076604
vn -0.058779 0.000000 0.080902
vn -0.070711 0.000000 0.070711
vn -0.076604 0.000000 0.064279
vn -0.080902 0.000000 0.058779
vn -0.086603 0.000000 0.050000
vn -0.089101 0.000000 0.045399
vn -0.093969 0.000000 0.034202
vn -0.095106 0.000000 0.030902
vn -0.045399 0.000000 0.089101
vn -0.034202 0.000000 0.093969
vn -0.017365 0.000000 0.098481
vn -0.030902 0.000000 0.095106
vn -0.017365 0.000000 0.098481
vn -0.015643 0.000000 0.098769
vn -0.000000 0.000000 0.100000
vn -0.089101 0.000000 0.045399
vn -0.093969 0.000000 0.034202
vn -0.098481 0.000000 0.017365
vn -0.095106 0.000000 0.030902
vn -0.098481 0.000000 0.017365
vn -0.098769 0.000000 0.015643
vn -0.100000 0.000000 -0.000000
vn -0.093969 0.000000 0.034202
vn -0.086603 0.000000 0.050000
vn -0.076604 0.000000 0.064279
vn -0.064279 0.000000 0.076604
vn -0.086603 0.000000 0.050000
vn -0.076604 0.000000 0.064279
vn -0.076604 0.000000 0.064279
vn -0.064279 0.000000 0.076604
vn -0.050000 0.000000 0.086603
vn -0.064279 0.000000 0.076604
vn -0.050000 0.000000 0.086603
vn -0.034202 0.000000 0.093969
vn -0.000000 0.100000 0.000000
vn -0.000000 0.100000 0.000000
vn -0.000000 0.100000 0.000000
vn -0.000000 0.100000 0.000000
vn -0.000000 0.100000 0.000000
vn -0.000000 0.100000 0.000000
vn -0.000000 0.100000 0.000000
vn -0.000000 0.100000 0.000000
vn -0.000000 0.100000 0.000000
vn -0.000000 0.100000 0.000000
vn -0.000000 0.100000 0.000000
vn -0.000000 0.100000 0.000000
vn -0.000000 0.100000 0.000000
vn -0.000000 0.100000 0.000000
vn -0.000000 0.100000 0.000000
vn -0.000000 0.100000 0.000000
vn -0.000000 0.100000 0.000000
vn -0.000000 0.100000 0.000000
vn -0.000000 0.100000 0.000000
vn -0.000000 0.100000 0.000000
vn -0.000000 0.100000 0.000000
vn -0.000000 0.100000 0.000000
vn -0.000000 0.100000 0.000000
vn -0.000000 0.100000 0.000000
vn -0.000000 0.100000 0.000000
vn -0.000000 0.100000 0.000000
vn -0.000000 0.100000 0.000000
vn -0.000000 0.100000 0.000000
vn -0.000000 0.100000 0.000000
vn 0.000000 0.000000 0.100000
vn 0.000000 0.000000 0.100000
vn 0.000000 0.000000 0.100000
vn 0.000000 0.000000 0.100000
vn 0.000000 0.000000 0.100000
vn 0.000000 0.000000 0.100000
vn 0.000000 0.000000 0.100000
vn 0.000000 0.000000 0.100000
vn 0.000000 0.000000 0.100000
vn 0.000000 0.000000 0.100000
vn 0.000000 0.000000 0.100000
vn 0.000000 0.000000 0.100000
vn 0.000000 0.000000 0.100000
vn 0.000000 0.000000 0.100000
vn 0.000000 0.000000 0.100000
vn 0.000000 0.000000 0.100000
vn 0.000000 0.000000 0.100000
vn 0.000000 0.000000 0.100000
vn 0.000000 0.000000 0.100000
vn 0.000000 0.000000 0.100000
vn 0.000000 0.000000 0.100000
vn 0.000000 0.000000 0.100000
vn 0.000000 0.000000 0.100000
vn 0.000000 0.000000 0.100000
vn 0.000000 0.000000 0.100000
vn 0.000000 0.000000 0.100000
vn 0.000000 0.000000 0.100000
vn 0.000000 0.000000 0.100000
vn 0.000000 0.000000 0.100000
vn 0.000000 0.000000 0.100000
vn 0.000000 0.000000 0.100000
vn 0.000000 0.000000 0.100000
vn 0.000000 0.000000 0.100000
vn 0.000000 0.000000 0.100000
vn 0.000000 0.000000 0.100000
vn 0.000000 0.000000 0.100000
vn 0.000000 0.000000 0.100000
vn 0.000000 0.000000 0.100000
vn 0.000000 0.000000 0.100000
vn 0.000000 0.000000 0.100000
vn 0.000000 0.000000 0.100000
vn 0.099631 -0.000000 0.008588
vn 0.099887 -0.000000 0.004756
vn 0.100000 -0.000000 0.000000
vn 0.099887 -0.000000 0.004756
vn 0.100000 -0.000000 0.000000
vn 0.099887 -0.000000 0.004756
vn 0.099887 -0.000000 0.004756
vn 0.099441 -0.000000 0.010561
vn 0.099441 -0.000000 0.010561
vn 0.098267 -0.000000 0.018537
vn 0.098267 -0.000000 0.018537
vn 0.095949 -0.000000 0.028175
vn 0.095949 -0.000000 0.028175
vn 0.091913 -0.000000 0.039397
vn 0.091913 -0.000000 0.039397
vn 0.085585 -0.000000 0.051723
vn 0.085585 -0.000000 0.051723
vn 0.076680 -0.000000 0.064189
vn 0.076680 -0.000000 0.064189
vn 0.065528 -0.000000 0.075538
vn 0.065528 -0.000000 0.075538
vn 0.053123 -0.000000 0.084723
vn 0.053123 -0.000000 0.084723
vn 0.040725 -0.000000 0.091332
vn 0.040725 -0.000000 0.091332
vn 0.030542 -0.000000 0.095222
vn 0.030542 -0.000000 0.095222
vn 0.020533 -0.000000 0.097869
vn 0.020533 -0.000000 0.097869
vn 0.012194 -0.000000 0.099254
vn 0.012194 -0.000000 0.099254
vn 0.005420 -0.000000 0.099853
vn 0.005420 -0.000000 0.099853
vn 0.002556 -0.000000 0.099967
vn 0.002556 -0.000000 0.099967
vn 0.002556 0.000000 0.099967
vn 0.002556 -0.000000 0.099967
vn 0.005420 -0.000000 0.099853
vn 0.005420 -0.000000 0.099853
vn 0.012194 -0.000000 0.099254
vn 0.012194 -0.000000 0.099254
vn 0.020533 -0.000000 0.097869
vn 0.020533 -0.000000 0.097869
vn 0.030542 -0.000000 0.095222
vn 0.030542 -0.000000 0.095222
vn 0.040725 -0.000000 0.091332
vn 0.040725 -0.000000 0.091332
vn 0.053123 -0.000000 0.084723
vn 0.045858 -0.000000 0.088865
vn 0.058817 -0.000000 0.080874
vn 0.099441 -0.000000 0.010561
vn 0.098872 -0.000000 0.014974
vn 0.098267 -0.000000 0.018537
vn 0.097253 -0.000000 0.023280
vn 0.095949 -0.000000 0.028175
vn 0.094143 -0.000000 0.033722
vn 0.091913 -0.000000 0.039397
vn 0.088865 -0.000000 0.045858
vn 0.085585 -0.000000 0.051723
vn 0.080874 -0.000000 0.058817
vn 0.076680 -0.000000 0.064189
vn 0.070248 -0.000000 0.071170
vn 0.065528 -0.000000 0.075538
vn 0.057994 -0.000000 0.081466
vn 0.053123 -0.000000 0.084723
vn 0.045549 -0.000000 0.089024
vn 0.040725 -0.000000 0.091332
vn 0.033922 -0.000000 0.094071
vn 0.030542 -0.000000 0.095222
vn 0.023790 -0.000000 0.097129
vn 0.020533 -0.000000 0.097869
vn 0.015440 -0.000000 0.098801
vn 0.012194 -0.000000 0.099254
vn 0.008919 -0.000000 0.099602
vn 0.005420 -0.000000 0.099853
vn 0.003886 -0.000000 0.099924
vn 0.002556 -0.000000 0.099967
vn 0.002556 -0.000000 0.099967
vn 0.002556 -0.000000 0.099967
vn 0.005420 -0.000000 0.099853
vn 0.012194 -0.000000 0.099254
vn 0.020533 -0.000000 0.097869
vn 0.030542 -0.000000 0.095222
vn 0.033722 -0.000000 0.094143
vn 0.008588 -0.000000 0.099631
vn 0.002556 -0.000000 0.099967
vn 0.002556 -0.000000 0.099967
vn 0.002556 -0.000000 0.099967
vn 0.005420 -0.000000 0.099853
vn 0.005420 -0.000000 0.099853
vn 0.012194 -0.000000 0.099254
vn 0.014974 -0.000000 0.098872
vn 0.012194 -0.000000 0.099254
vn 0.005420 -0.000000 0.099853
vn 0.020533 -0.000000 0.097869
vn 0.023280 -0.000000 0.097253
vn 0.065528 -0.000000 0.075538
vn 0.071170 -0.000000 0.070248
vn 0.076680 -0.000000 0.064189
vn 0.081466 -0.000000 0.057994
vn 0.085585 -0.000000 0.051723
vn 0.089024 -0.000000 0.045549
vn 0.091913 -0.000000 0.039397
vn 0.094071 -0.000000 0.033922
vn 0.095949 -0.000000 0.028175
vn 0.097129 -0.000000 0.023790
vn 0.098267 -0.000000 0.018537
vn 0.098801 -0.000000 0.015440
vn 0.099441 0.000000 0.010561
vn 0.099602 -0.000000 0.008919
vn 0.099887 0.000000 0.004756
vn 0.099924 -0.000000 0.003886
vn 0.100000 -0.000000 0.000000
vn 0.099887 0.000000 0.004756
vn 0.099887 0.000000 0.004756
vn 0.099887 0.000000 0.004756
vn 0.099441 0.000000 0.010561
vn 0.099441 0.000000 0.010561
vn 0.098267 -0.000000 0.018537
vn 0.098267 -0.000000 0.018537
vn 0.095949 -0.000000 0.028175
vn 0.095949 -0.000000 0.028175
vn 0.091913 -0.000000 0.039397
vn 0.091913 -0.000000 0.039397
vn 0.085585 -0.000000 0.051723
vn 0.085585 -0.000000 0.051723
vn 0.076680 -0.000000 0.064189
vn 0.076680 -0.000000 0.064189
vn 0.065528 -0.000000 0.075538
vn 0.065528 -0.000000 0.075538
vn 0.053123 -0.000000 0.084723
vn 0.053123 -0.000000 0.084723
vn 0.040725 -0.000000 0.091332
vn 0.040725 -0.000000 0.091332
vn 0.030542 -0.000000 0.095222
vn 0.030542 -0.000000 0.095222
vn 0.020533 -0.000000 0.097869
vn 0.002556 -0.000000 0.099967
vn 0.099887 0.000000 0.004756
vn 0.099441 0.000000 0.010561
vn 0.098267 -0.000000 0.018537
vn 0.095949 -0.000000 0.028175
vn 0.091913 -0.000000 0.039397
vn 0.085585 -0.000000 0.051723
vn 0.076680 -0.000000 0.064189
vn 0.065528 -0.000000 0.075538
vn 0.053123 -0.000000 0.084723
vn 0.040725 -0.000000 0.091332
vn 0.099887 -0.000000 0.004756
vn 0.005420 -0.000000 0.099853
vn 0.012194 -0.000000 0.099254
vn 0.020533 -0.000000 0.097869
vn 0.030542 -0.000000 0.095222
vn 0.040725 -0.000000 0.091332
vn 0.053123 -0.000000 0.084723
vn 0.065528 -0.000000 0.075538
vn 0.076680 -0.000000 0.064189
vn 0.085585 -0.000000 0.051723
vn 0.091913 -0.000000 0.039397
vn 0.095949 -0.000000 0.028175
vn 0.098267 -0.000000 0.018537
vn 0.099441 -0.000000 0.010561
vn 0.005420 0.000000 0.099853
vn 0.012194 0.000000 0.099254
vn 0.012194 -0.000000 0.099254
vn 0.020533 0.000000 0.097869
vn 0.020533 -0.000000 0.097869
vn 0.030542 0.000000 0.095222
vn 0.030542 -0.000000 0.095222
vn 0.040725 0.000000 0.091332
vn 0.040725 -0.000000 0.091332
vn 0.053123 0.000000 0.084723
vn 0.053123 -0.000000 0.084723
vn 0.065528 0.000000 0.075538
vn 0.065528 -0.000000 0.075538
vn 0.076680 0.000000 0.064189
vn 0.076680 -0.000000 0.064189
vn 0.085585 0.000000 0.051723
vn 0.085585 -0.000000 0.051723
vn 0.091913 0.000000 0.039397
vn 0.091913 -0.000000 0.039397
vn 0.095949 0.000000 0.028175
vn 0.095949 -0.000000 0.028175
vn 0.098267 0.000000 0.018537
vn 0.098267 -0.000000 0.018537
vn 0.099441 -0.000000 0.010561
vn 0.099441 0.000000 0.010561
vn 0.099441 0.000000 0.010561
vn 0.099887 0.000000 0.004756
vn 0.098267 -0.000000 0.018537
vn 0.095949 -0.000000 0.028175
vn 0.091913 -0.000000 0.039397
vn 0.085585 -0.000000 0.051723
vn 0.076680 -0.000000 0.064189
vn 0.065528 -0.000000 0.075538
vn 0.053123 -0.000000 0.084723
vn 0.000000 -0.100000 0.000000
vn 0.000000 -0.100000 0.000000
vn 0.000000 -0.100000 0.000000
vn 0.000000 -0.100000 0.000000
vn 0.000000 -0.100000 0.000000
vn 0.000000 -0.100000 0.000000
vn 0.000000 -0.100000 0.000000
vn 0.000000 -0.100000 0.000000
vn 0.000000 -0.100000 0.000000
vn 0.000000 -0.100000 0.000000
vn 0.000000 -0.100000 0.000000
vn 0.000000 -0.100000 0.000000
vn 0.000000 -0.100000 0.000000
vn 0.000000 -0.100000 0.000000
vn 0.000000 -0.100000 0.000000
vn 0.000000 -0.100000 0.000000
vn 0.000000 -0.100000 0.000000
vn 0.000000 -0.100000 0.000000
vn 0.000000 -0.100000 0.000000
vn 0.000000 -0.100000 0.000000
vn 0.000000 -0.100000 0.000000
vn 0.000000 -0.100000 0.000000
vn 0.000000 -0.100000 0.000000
vn 0.000000 -0.100000 0.000000
vn 0.000000 -0.100000 0.000000
vn 0.000000 -0.100000 0.000000
vn 0.000000 -0.100000 0.000000
vn 0.000000 -0.100000 0.000000
vn 0.000000 -0.100000 0.000000
vn 0.000000 -0.100000 0.000000
vn 0.000000 -0.100000 0.000000
vn 0.000000 -0.100000 0.000000
vn 0.000000 -0.100000 0.000000
vn 0.000000 -0.100000 0.000000
vn 0.000000 -0.100000 0.000000
vn 0.000000 -0.100000 0.000000
vn 0.000000 -0.100000 0.000000
vn 0.000000 -0.100000 0.000000
vn 0.000000 -0.100000 0.000000
vn 0.000000 -0.100000 0.000000
vn 0.000000 -0.100000 0.000000
vn 0.000000 -0.100000 0.000000
vn 0.000000 -0.100000 0.000000
vn 0.000000 -0.100000 0.000000
vn 0.000000 -0.100000 0.000000
vn 0.000000 -0.100000 0.000000
vn 0.000000 -0.100000 0.000000
vn 0.000000 -0.100000 0.000000
vn 0.000000 -0.100000 0.000000
vn 0.000000 -0.100000 0.000000
vn 0.000000 -0.100000 0.000000
vn 0.000000 -0.100000 0.000000
vn 0.000000 -0.100000 0.000000
vn 0.000000 -0.100000 0.000000
vn 0.000000 -0.100000 0.000000
vn 0.000000 -0.100000 0.000000
vn 0.000000 -0.100000 0.000000
vn -0.100000 0.000000 0.000000
vn -0.100000 0.000000 0.000000
vn 0.100000 -0.000000 0.000000
vn 0.100000 -0.000000 0.000000
vn 0.000000 0.000000 -0.100000
vn 0.000000 0.000000 -0.100000
vn 0.000000 0.000000 -0.100000
vn 0.000000 0.000000 -0.100000
vn 0.000000 0.000000 -0.100000
vn 0.000000 0.000000 -0.100000
vn 0.000000 0.000000 -0.100000
vn 0.000000 0.000000 -0.100000
usemtl Aço_-_Acetinado
f 2/1/1 15/2/2 1/3/3
f 1/3/3 15/2/2 16/4/4
f 1/3/3 16/4/4 14/5/5
f 14/5/5 16/4/4 13/6/6
f 13/6/6 16/4/4 12/7/7
f 12/7/7 16/4/4 18/8/8
f 12/7/7 18/8/8 11/9/9
f 11/9/9 18/8/8 20/10/10
f 11/9/9 20/10/10 10/11/11
f 10/11/11 20/10/10 22/12/12
f 10/11/11 22/12/12 9/13/13
f 9/13/13 22/12/12 24/14/14
f 9/13/13 24/14/14 8/15/15
f 8/15/15 24/14/14 23/16/16
f 8/15/15 23/16/16 7/17/17
f 7/17/17 23/16/16 6/18/18
f 6/18/18 23/16/16 5/19/19
f 5/19/19 23/16/16 21/20/20
f 5/19/19 21/20/20 4/21/21
f 4/21/21 21/20/20 19/22/22
f 4/21/21 19/22/22 3/23/23
f 3/23/23 19/22/22 17/24/24
f 3/23/23 17/24/24 2/1/1
f 2/1/1 17/24/24 15/2/2
f 18/8/8 16/4/4 15/2/2
f 18/8/8 15/2/2 17/24/24
f 20/10/10 18/8/8 17/24/24
f 20/10/10 17/24/24 19/22/22
f 22/12/12 20/10/10 19/22/22
f 22/12/12 19/22/22 21/20/20
f 24/14/14 22/12/12 21/20/20
f 24/14/14 21/20/20 23/16/16
f 7/25/17 25/26/25 8/27/15
f 8/27/15 25/26/25 26/28/26
f 27/29/27 39/30/28 25/31/25
f 25/31/25 39/30/28 40/32/29
f 25/31/25 40/32/29 26/33/26
f 26/33/26 40/32/29 38/34/30
f 38/34/30 40/32/29 37/35/31
f 37/35/31 40/32/29 42/36/32
f 37/35/31 42/36/32 36/37/33
f 36/37/33 42/36/32 44/38/34
f 36/37/33 44/38/34 35/39/35
f 35/39/35 44/38/34 46/40/36
f 35/39/35 46/40/36 34/41/37
f 34/41/37 46/40/36 48/42/38
f 34/41/37 48/42/38 33/43/39
f 33/43/39 48/42/38 47/44/40
f 33/43/39 47/44/40 32/45/41
f 32/45/41 47/44/40 31/46/42
f 31/46/42 47/44/40 30/47/43
f 30/47/43 47/44/40 45/48/44
f 30/47/43 45/48/44 29/49/45
f 29/49/45 45/48/44 43/50/46
f 29/49/45 43/50/46 28/51/47
f 28/51/47 43/50/46 41/52/48
f 28/51/47 41/52/48 27/29/27
f 27/29/27 41/52/48 39/30/28
f 42/36/32 40/32/29 39/30/28
f 42/36/32 39/30/28 41/52/48
f 44/38/34 42/36/32 41/52/48
f 44/38/34 41/52/48 43/50/46
f 46/40/36 44/38/34 43/50/46
f 46/40/36 43/50/46 45/48/44
f 48/42/38 46/40/36 45/48/44
f 48/42/38 45/48/44 47/44/40
f 32/53/41 49/54/49 33/55/39
f 33/55/39 49/54/49 50/56/50
f 52/57/51 65/58/52 51/59/53
f 51/59/53 65/58/52 66/60/54
f 51/59/53 66/60/54 64/61/55
f 64/61/55 66/60/54 63/62/56
f 63/62/56 66/60/54 62/63/57
f 62/63/57 66/60/54 68/64/58
f 62/63/57 68/64/58 61/65/59
f 61/65/59 68/64/58 70/66/60
f 61/65/59 70/66/60 60/67/61
f 60/67/61 70/66/60 72/68/62
f 60/67/61 72/68/62 59/69/63
f 59/69/63 72/68/62 74/70/64
f 59/69/63 74/70/64 58/71/65
f 58/71/65 74/70/64 73/72/66
f 58/71/65 73/72/66 57/73/67
f 57/73/67 73/72/66 56/74/68
f 56/74/68 73/72/66 55/75/69
f 55/75/69 73/72/66 71/76/70
f 55/75/69 71/76/70 54/77/71
f 54/77/71 71/76/70 69/78/72
f 54/77/71 69/78/72 53/79/73
f 53/79/73 69/78/72 67/80/74
f 53/79/73 67/80/74 52/57/51
f 52/57/51 67/80/74 65/58/52
f 68/64/58 66/60/54 65/58/52
f 68/64/58 65/58/52 67/80/74
f 70/66/60 68/64/58 67/80/74
f 70/66/60 67/80/74 69/78/72
f 72/68/62 70/66/60 69/78/72
f 72/68/62 69/78/72 71/76/70
f 74/70/64 72/68/62 71/76/70
f 74/70/64 71/76/70 73/72/66
f 14/81/5 58/82/65 1/83/3
f 1/83/3 58/82/65 57/84/67
f 75/85/75 87/86/76 49/87/49
f 49/87/49 87/86/76 88/88/77
f 49/87/49 88/88/77 50/89/50
f 50/89/50 88/88/77 86/90/78
f 86/90/78 88/88/77 85/91/79
f 85/91/79 88/88/77 90/92/80
f 85/91/79 90/92/80 84/93/81
f 84/93/81 90/92/80 92/94/82
f 84/93/81 92/94/82 83/95/83
f 83/95/83 92/94/82 94/96/84
f 83/95/83 94/96/84 82/97/85
f 82/97/85 94/96/84 96/98/86
f 82/97/85 96/98/86 81/99/87
f 81/99/87 96/98/86 95/100/88
f 81/99/87 95/100/88 80/101/89
f 80/101/89 95/100/88 79/102/90
f 79/102/90 95/100/88 78/103/91
f 78/103/91 95/100/88 93/104/92
f 78/103/91 93/104/92 77/105/93
f 77/105/93 93/104/92 91/106/94
f 77/105/93 91/106/94 76/107/95
f 76/107/95 91/106/94 89/108/96
f 76/107/95 89/108/96 75/85/75
f 75/85/75 89/108/96 87/86/76
f 90/92/80 88/88/77 87/86/76
f 90/92/80 87/86/76 89/108/96
f 92/94/82 90/92/80 89/108/96
f 92/94/82 89/108/96 91/106/94
f 94/96/84 92/94/82 91/106/94
f 94/96/84 91/106/94 93/104/92
f 96/98/86 94/96/84 93/104/92
f 96/98/86 93/104/92 95/100/88
f 64/109/55 81/110/87 51/111/53
f 51/111/53 81/110/87 80/112/89
f 97/113/97 98/114/98 100/115/99
f 100/115/99 98/114/98 99/116/100
f 136/117/101 101/118/102 135/119/103
f 135/119/103 101/118/102 102/120/104
f 135/119/103 102/120/104 134/121/105
f 134/121/105 102/120/104 103/122/106
f 134/121/105 103/122/106 133/123/107
f 133/123/107 103/122/106 104/124/108
f 133/123/107 104/124/108 132/125/109
f 132/125/109 104/124/108 105/126/110
f 132/125/109 105/126/110 131/127/111
f 131/127/111 105/126/110 106/128/112
f 131/127/111 106/128/112 130/129/113
f 130/129/113 106/128/112 107/130/114
f 130/129/113 107/130/114 129/131/115
f 129/131/115 107/130/114 108/132/116
f 129/131/115 108/132/116 128/133/117
f 128/133/117 108/132/116 109/134/118
f 128/133/117 109/134/118 127/135/119
f 127/135/119 109/134/118 110/136/120
f 127/135/119 110/136/120 126/137/121
f 126/137/121 110/136/120 111/138/122
f 126/137/121 111/138/122 125/139/123
f 125/139/123 111/138/122 112/140/124
f 125/139/123 112/140/124 124/141/125
f 124/141/125 112/140/124 113/142/126
f 124/141/125 113/142/126 123/143/127
f 123/143/127 113/142/126 114/144/128
f 123/143/127 114/144/128 122/145/129
f 122/145/129 114/144/128 115/146/130
f 122/145/129 115/146/130 121/147/131
f 121/147/131 115/146/130 116/148/132
f 121/147/131 116/148/132 120/149/133
f 120/149/133 116/148/132 117/150/134
f 120/149/133 117/150/134 119/151/135
f 119/151/135 117/150/134 118/152/136
f 119/151/135 118/152/136 100/153/99
f 100/153/99 118/152/136 97/154/97
f 137/155/137 101/156/102 138/157/138
f 138/157/138 101/156/102 136/158/101
f 99/159/100 98/160/98 172/161/139
f 172/161/139 98/160/98 139/162/140
f 172/161/139 139/162/140 171/163/141
f 171/163/141 139/162/140 140/164/142
f 171/163/141 140/164/142 170/165/143
f 170/165/143 140/164/142 141/166/144
f 170/165/143 141/166/144 169/167/145
f 169/167/145 141/166/144 142/168/146
f 169/167/145 142/168/146 168/169/147
f 168/169/147 142/168/146 143/170/148
f 168/169/147 143/170/148 167/171/149
f 167/171/149 143/170/148 144/172/150
f 167/171/149 144/172/150 166/173/151
f 166/173/151 144/172/150 145/174/152
f 166/173/151 145/174/152 165/175/153
f 165/175/153 145/174/152 146/176/154
f 165/175/153 146/176/154 164/177/155
f 164/177/155 146/176/154 147/178/156
f 164/177/155 147/178/156 163/179/157
f 163/179/157 147/178/156 148/180/158
f 163/179/157 148/180/158 162/181/159
f 162/181/159 148/180/158 149/182/160
f 162/181/159 149/182/160 161/183/161
f 161/183/161 149/182/160 150/184/162
f 161/183/161 150/184/162 160/185/163
f 160/185/163 150/184/162 151/186/164
f 160/185/163 151/186/164 159/187/165
f 159/187/165 151/186/164 152/188/166
f 159/187/165 152/188/166 158/189/167
f 158/189/167 152/188/166 153/190/168
f 158/189/167 153/190/168 157/191/169
f 157/191/169 153/190/168 154/192/170
f 157/191/169 154/192/170 156/193/171
f 156/193/171 154/192/170 155/194/172
f 156/193/171 155/194/172 138/195/138
f 138/195/138 155/194/172 137/196/137
f 174/197/173 191/198/174 173/199/175
f 173/199/175 191/198/174 192/200/176
f 173/199/175 192/200/176 193/201/177
f 193/201/177 192/200/176 199/202/178
f 193/201/177 199/202/178 200/203/179
f 200/203/179 199/202/178 206/204/180
f 200/203/179 206/204/180 207/205/181
f 207/205/181 206/204/180 213/206/182
f 207/205/181 213/206/182 214/207/183
f 214/207/183 213/206/182 220/208/184
f 214/207/183 220/208/184 185/209/185
f 185/209/185 220/208/184 184/210/186
f 184/210/186 220/208/184 226/211/187
f 184/210/186 226/211/187 183/212/188
f 183/212/188 226/211/187 232/213/189
f 183/212/188 232/213/189 182/214/190
f 182/214/190 232/213/189 231/215/191
f 182/214/190 231/215/191 230/216/192
f 230/216/192 231/215/191 224/217/193
f 230/216/192 224/217/193 223/218/194
f 223/218/194 224/217/193 217/219/195
f 223/218/194 217/219/195 216/220/196
f 216/220/196 217/219/195 210/221/197
f 216/220/196 210/221/197 209/222/198
f 209/222/198 210/221/197 203/223/199
f 209/222/198 203/223/199 176/224/200
f 176/224/200 203/223/199 175/225/201
f 175/225/201 203/223/199 197/226/202
f 175/225/201 197/226/202 174/197/173
f 174/197/173 197/226/202 191/198/174
f 176/224/200 177/227/203 209/222/198
f 209/222/198 177/227/203 215/228/204
f 209/222/198 215/228/204 216/220/196
f 216/220/196 215/228/204 222/229/205
f 216/220/196 222/229/205 223/218/194
f 223/218/194 222/229/205 229/230/206
f 223/218/194 229/230/206 230/216/192
f 230/216/192 229/230/206 182/214/190
f 177/227/203 178/231/207 215/228/204
f 215/228/204 178/231/207 221/232/208
f 215/228/204 221/232/208 222/229/205
f 222/229/205 221/232/208 228/233/209
f 222/229/205 228/233/209 229/230/206
f 229/230/206 228/233/209 181/234/210
f 229/230/206 181/234/210 182/214/190
f 178/231/207 179/235/211 221/232/208
f 221/232/208 179/235/211 227/236/212
f 221/232/208 227/236/212 228/233/209
f 228/233/209 227/236/212 181/234/210
f 179/235/211 180/237/213 227/236/212
f 227/236/212 180/237/213 181/234/210
f 185/209/185 186/238/214 214/207/183
f 214/207/183 186/238/214 208/239/215
f 214/207/183 208/239/215 207/205/181
f 207/205/181 208/239/215 201/240/216
f 207/205/181 201/240/216 200/203/179
f 200/203/179 201/240/216 194/241/217
f 200/203/179 194/241/217 193/201/177
f 193/201/177 194/241/217 173/199/175
f 186/238/214 187/242/218 208/239/215
f 208/239/215 187/242/218 202/243/219
f 208/239/215 202/243/219 201/240/216
f 201/240/216 202/243/219 195/244/220
f 201/240/216 195/244/220 194/241/217
f 194/241/217 195/244/220 190/245/221
f 194/241/217 190/245/221 173/199/175
f 187/242/218 188/246/222 202/243/219
f 202/243/219 188/246/222 196/247/223
f 202/243/219 196/247/223 195/244/220
f 195/244/220 196/247/223 190/245/221
f 188/246/222 189/248/224 196/247/223
f 196/247/223 189/248/224 190/245/221
f 192/200/176 191/198/174 198/249/225
f 198/249/225 191/198/174 197/226/202
f 198/249/225 197/226/202 204/250/226
f 204/250/226 197/226/202 203/223/199
f 204/250/226 203/223/199 210/221/197
f 192/200/176 198/249/225 199/202/178
f 199/202/178 198/249/225 205/251/227
f 199/202/178 205/251/227 206/204/180
f 206/204/180 205/251/227 212/252/228
f 206/204/180 212/252/228 213/206/182
f 213/206/182 212/252/228 219/253/229
f 213/206/182 219/253/229 220/208/184
f 220/208/184 219/253/229 226/211/187
f 205/251/227 198/249/225 204/250/226
f 205/251/227 204/250/226 211/254/230
f 211/254/230 204/250/226 210/221/197
f 211/254/230 210/221/197 217/219/195
f 205/251/227 211/254/230 212/252/228
f 212/252/228 211/254/230 218/255/231
f 212/252/228 218/255/231 219/253/229
f 219/253/229 218/255/231 225/256/232
f 219/253/229 225/256/232 226/211/187
f 226/211/187 225/256/232 232/213/189
f 218/255/231 211/254/230 217/219/195
f 225/256/232 218/255/231 224/217/193
f 224/217/193 218/255/231 217/219/195
f 232/213/189 225/256/232 231/215/191
f 231/215/191 225/256/232 224/217/193
f 189/257/233 188/258/234 190/259/235
f 190/259/235 188/258/234 187/260/236
f 190/259/235 187/260/236 186/261/237
f 186/261/237 185/262/238 190/259/235
f 190/259/235 185/262/238 184/263/239
f 190/259/235 184/263/239 236/264/240
f 236/264/240 184/263/239 183/265/241
f 236/264/240 183/265/241 235/266/242
f 235/266/242 183/265/241 182/267/243
f 235/266/242 182/267/243 234/268/244
f 234/268/244 182/267/243 233/269/245
f 190/259/235 236/264/240 248/270/246
f 248/270/246 236/264/240 237/271/247
f 248/270/246 237/271/247 238/272/248
f 238/272/248 239/273/249 248/270/246
f 248/270/246 239/273/249 240/274/250
f 248/270/246 240/274/250 241/275/251
f 241/275/251 242/276/252 248/270/246
f 248/270/246 242/276/252 243/277/253
f 248/270/246 243/277/253 244/278/254
f 244/278/254 245/279/255 248/270/246
f 248/270/246 245/279/255 247/280/256
f 247/280/256 245/279/255 246/281/257
f 137/282/258 248/283/259 101/284/260
f 101/284/260 248/283/259 249/285/261
f 101/284/260 249/285/261 102/286/262
f 102/286/262 249/285/261 103/287/263
f 103/287/263 249/285/261 104/288/264
f 104/288/264 249/285/261 105/289/265
f 105/289/265 249/285/261 106/290/266
f 106/290/266 249/285/261 107/291/267
f 107/291/267 249/285/261 108/292/268
f 108/292/268 249/285/261 109/293/269
f 109/293/269 249/285/261 110/294/270
f 110/294/270 249/285/261 173/295/175
f 110/294/270 173/295/175 111/296/271
f 111/296/271 173/295/175 112/297/272
f 112/297/272 173/295/175 113/298/273
f 113/298/273 173/295/175 114/299/274
f 114/299/274 173/295/175 115/300/275
f 115/300/275 173/295/175 116/301/276
f 116/301/276 173/295/175 117/302/277
f 117/302/277 173/295/175 118/303/278
f 118/303/278 173/295/175 97/304/279
f 97/304/279 173/295/175 190/305/221
f 97/304/279 190/305/221 98/306/280
f 98/306/280 190/305/221 139/307/281
f 139/307/281 190/305/221 140/308/282
f 140/308/282 190/305/221 141/309/283
f 141/309/283 190/305/221 142/310/284
f 142/310/284 190/305/221 143/311/285
f 143/311/285 190/305/221 144/312/286
f 144/312/286 190/305/221 145/313/287
f 145/313/287 190/305/221 146/314/288
f 146/314/288 190/305/221 147/315/289
f 147/315/289 190/305/221 248/283/259
f 147/315/289 248/283/259 148/316/290
f 148/316/290 248/283/259 149/317/291
f 149/317/291 248/283/259 150/318/292
f 150/318/292 248/283/259 151/319/293
f 151/319/293 248/283/259 152/320/294
f 152/320/294 248/283/259 153/321/295
f 153/321/295 248/283/259 154/322/296
f 154/322/296 248/283/259 155/323/297
f 155/323/297 248/283/259 137/282/258
f 247/324/298 284/325/299 248/326/259
f 248/326/259 284/325/299 268/327/300
f 248/326/259 268/327/300 332/328/301
f 332/328/301 268/327/300 315/329/302
f 332/328/301 315/329/302 331/330/303
f 331/330/303 315/329/302 314/331/304
f 331/330/303 314/331/304 330/332/305
f 330/332/305 314/331/304 313/333/306
f 330/332/305 313/333/306 329/334/307
f 329/334/307 313/333/306 312/335/308
f 329/334/307 312/335/308 328/336/309
f 328/336/309 312/335/308 311/337/310
f 328/336/309 311/337/310 327/338/311
f 327/338/311 311/337/310 310/339/312
f 327/338/311 310/339/312 326/340/313
f 326/340/313 310/339/312 309/341/314
f 326/340/313 309/341/314 325/342/315
f 325/342/315 309/341/314 308/343/316
f 325/342/315 308/343/316 324/344/317
f 324/344/317 308/343/316 307/345/318
f 324/344/317 307/345/318 323/346/319
f 323/346/319 307/345/318 306/347/320
f 323/346/319 306/347/320 322/348/321
f 322/348/321 306/347/320 305/349/322
f 322/348/321 305/349/322 321/350/323
f 321/350/323 305/349/322 304/351/324
f 321/350/323 304/351/324 320/352/325
f 320/352/325 304/351/324 303/353/326
f 320/352/325 303/353/326 319/354/327
f 319/354/327 303/353/326 302/355/328
f 319/354/327 302/355/328 318/356/329
f 318/356/329 302/355/328 301/357/330
f 318/356/329 301/357/330 317/358/331
f 317/358/331 301/357/330 235/359/332
f 317/358/331 235/359/332 265/360/333
f 265/360/333 235/359/332 250/361/334
f 265/360/333 250/361/334 348/362/335
f 348/362/335 250/361/334 363/363/336
f 348/362/335 363/363/336 364/364/337
f 364/364/337 363/363/336 381/365/338
f 364/364/337 381/365/338 382/366/339
f 382/366/339 381/365/338 396/367/340
f 382/366/339 396/367/340 397/368/341
f 397/368/341 396/367/340 413/369/342
f 397/368/341 413/369/342 414/370/343
f 414/370/343 413/369/342 429/371/344
f 414/370/343 429/371/344 430/372/345
f 430/372/345 429/371/344 446/373/346
f 430/372/345 446/373/346 447/374/347
f 447/374/347 446/373/346 461/375/348
f 447/374/347 461/375/348 462/376/349
f 462/376/349 461/375/348 293/377/350
f 462/376/349 293/377/350 292/378/351
f 292/378/351 293/377/350 256/379/352
f 292/378/351 256/379/352 291/380/353
f 291/380/353 256/379/352 257/381/354
f 291/380/353 257/381/354 290/382/355
f 290/382/355 257/381/354 258/383/356
f 290/382/355 258/383/356 289/384/357
f 289/384/357 258/383/356 259/385/358
f 289/384/357 259/385/358 260/386/359
f 284/325/299 247/324/298 283/387/360
f 283/387/360 247/324/298 246/388/361
f 283/387/360 246/388/361 282/389/362
f 282/389/362 246/388/361 245/390/363
f 282/389/362 245/390/363 281/391/364
f 281/391/364 245/390/363 280/392/365
f 281/391/364 280/392/365 313/333/306
f 313/333/306 280/392/365 312/335/308
f 245/390/363 244/393/366 280/392/365
f 280/392/365 244/393/366 279/394/367
f 280/392/365 279/394/367 312/335/308
f 312/335/308 279/394/367 311/337/310
f 244/393/366 243/395/368 279/394/367
f 279/394/367 243/395/368 278/396/369
f 279/394/367 278/396/369 311/337/310
f 311/337/310 278/396/369 310/339/312
f 243/395/368 242/397/370 278/396/369
f 278/396/369 242/397/370 277/398/371
f 278/396/369 277/398/371 310/339/312
f 310/339/312 277/398/371 309/341/314
f 242/397/370 241/399/372 277/398/371
f 277/398/371 241/399/372 276/400/373
f 277/398/371 276/400/373 309/341/314
f 309/341/314 276/400/373 308/343/316
f 241/399/372 240/401/374 276/400/373
f 276/400/373 240/401/374 275/402/375
f 276/400/373 275/402/375 308/343/316
f 308/343/316 275/402/375 307/345/318
f 240/401/374 239/403/376 275/402/375
f 275/402/375 239/403/376 274/404/377
f 275/402/375 274/404/377 307/345/318
f 307/345/318 274/404/377 306/347/320
f 239/403/376 238/405/378 274/404/377
f 274/404/377 238/405/378 273/406/379
f 274/404/377 273/406/379 306/347/320
f 306/347/320 273/406/379 305/349/322
f 238/405/378 237/407/380 273/406/379
f 273/406/379 237/407/380 272/408/381
f 273/406/379 272/408/381 305/349/322
f 305/349/322 272/408/381 304/351/324
f 272/408/381 237/407/380 271/409/382
f 271/409/382 237/407/380 236/410/383
f 271/409/382 236/410/383 270/411/384
f 270/411/384 236/410/383 269/412/385
f 270/411/384 269/412/385 302/355/328
f 302/355/328 269/412/385 301/357/330
f 236/410/383 235/359/332 269/412/385
f 269/412/385 235/359/332 301/357/330
f 251/413/386 300/414/387 250/361/334
f 250/361/334 300/414/387 263/415/388
f 250/361/334 263/415/388 441/416/389
f 441/416/389 263/415/388 456/417/390
f 441/416/389 456/417/390 442/418/391
f 442/418/391 456/417/390 457/419/392
f 442/418/391 457/419/392 443/420/393
f 443/420/393 457/419/392 458/421/394
f 443/420/393 458/421/394 444/422/395
f 444/422/395 458/421/394 459/423/396
f 444/422/395 459/423/396 445/424/397
f 445/424/397 459/423/396 460/425/398
f 445/424/397 460/425/398 446/373/346
f 446/373/346 460/425/398 461/375/348
f 252/426/399 298/427/400 251/413/386
f 251/413/386 298/427/400 299/428/401
f 251/413/386 299/428/401 300/414/387
f 300/414/387 299/428/401 263/415/388
f 253/429/402 296/430/403 252/426/399
f 252/426/399 296/430/403 297/431/404
f 252/426/399 297/431/404 298/427/400
f 298/427/400 297/431/404 457/419/392
f 298/427/400 457/419/392 456/417/390
f 296/430/403 253/429/402 295/432/405
f 295/432/405 253/429/402 254/433/406
f 295/432/405 254/433/406 294/434/407
f 294/434/407 254/433/406 255/435/408
f 294/434/407 255/435/408 293/377/350
f 293/377/350 255/435/408 256/379/352
f 289/384/357 260/386/359 288/436/409
f 288/436/409 260/386/359 261/437/410
f 288/436/409 261/437/410 287/438/411
f 287/438/411 261/437/410 262/439/412
f 287/438/411 262/439/412 286/440/413
f 286/440/413 262/439/412 285/441/414
f 286/440/413 285/441/414 469/442/415
f 469/442/415 285/441/414 470/443/416
f 469/442/415 470/443/416 455/444/417
f 455/444/417 470/443/416 378/445/418
f 455/444/417 378/445/418 439/446/419
f 439/446/419 378/445/418 440/447/420
f 439/446/419 440/447/420 424/448/421
f 424/448/421 440/447/420 266/449/422
f 424/448/421 266/449/422 408/450/423
f 408/450/423 266/449/422 409/451/424
f 408/450/423 409/451/424 394/452/425
f 394/452/425 409/451/424 347/453/426
f 394/452/425 347/453/426 377/454/427
f 377/454/427 347/453/426 379/455/428
f 377/454/427 379/455/428 362/456/429
f 362/456/429 379/455/428 267/457/430
f 362/456/429 267/457/430 346/458/431
f 346/458/431 267/457/430 316/459/432
f 346/458/431 316/459/432 331/330/303
f 331/330/303 316/459/432 332/328/301
f 262/439/412 249/460/261 285/441/414
f 285/441/414 249/460/261 470/443/416
f 248/326/259 316/459/432 249/460/261
f 249/460/261 316/459/432 267/457/430
f 249/460/261 267/457/430 379/455/428
f 250/361/334 425/461/433 410/462/434
f 410/462/434 425/461/433 426/463/435
f 410/462/434 426/463/435 411/464/436
f 411/464/436 426/463/435 427/465/437
f 411/464/436 427/465/437 412/466/438
f 412/466/438 427/465/437 428/467/439
f 412/466/438 428/467/439 413/369/342
f 413/369/342 428/467/439 429/371/344
f 250/361/334 410/462/434 264/468/440
f 264/468/440 410/462/434 411/464/436
f 264/468/440 411/464/436 395/469/441
f 395/469/441 411/464/436 412/466/438
f 395/469/441 412/466/438 396/367/340
f 396/367/340 412/466/438 413/369/342
f 440/447/420 378/445/418 249/460/261
f 249/460/261 378/445/418 470/443/416
f 347/453/426 409/451/424 249/460/261
f 249/460/261 409/451/424 266/449/422
f 249/460/261 266/449/422 440/447/420
f 379/455/428 347/453/426 249/460/261
f 304/351/324 272/408/381 271/409/382
f 302/355/328 303/353/326 270/411/384
f 270/411/384 303/353/326 271/409/382
f 303/353/326 304/351/324 271/409/382
f 313/333/306 314/331/304 281/391/364
f 281/391/364 314/331/304 282/389/362
f 268/327/300 284/325/299 283/387/360
f 314/331/304 315/329/302 282/389/362
f 282/389/362 315/329/302 283/387/360
f 316/459/432 248/326/259 332/328/301
f 315/329/302 268/327/300 283/387/360
f 287/438/411 286/440/413 468/470/442
f 468/470/442 286/440/413 469/442/415
f 468/470/442 469/442/415 454/471/443
f 454/471/443 469/442/415 455/444/417
f 454/471/443 455/444/417 438/472/444
f 438/472/444 455/444/417 439/446/419
f 438/472/444 439/446/419 423/473/445
f 423/473/445 439/446/419 424/448/421
f 423/473/445 424/448/421 407/474/446
f 407/474/446 424/448/421 408/450/423
f 407/474/446 408/450/423 393/475/447
f 393/475/447 408/450/423 394/452/425
f 393/475/447 394/452/425 376/476/448
f 376/476/448 394/452/425 377/454/427
f 376/476/448 377/454/427 361/477/449
f 361/477/449 377/454/427 362/456/429
f 361/477/449 362/456/429 345/478/450
f 345/478/450 362/456/429 346/458/431
f 345/478/450 346/458/431 330/332/305
f 330/332/305 346/458/431 331/330/303
f 288/436/409 287/438/411 467/479/451
f 467/479/451 287/438/411 468/470/442
f 467/479/451 468/470/442 453/480/452
f 453/480/452 468/470/442 454/471/443
f 453/480/452 454/471/443 437/481/453
f 437/481/453 454/471/443 438/472/444
f 437/481/453 438/472/444 422/482/454
f 422/482/454 438/472/444 423/473/445
f 422/482/454 423/473/445 406/483/455
f 406/483/455 423/473/445 407/474/446
f 406/483/455 407/474/446 392/484/456
f 392/484/456 407/474/446 393/475/447
f 392/484/456 393/475/447 375/485/457
f 375/485/457 393/475/447 376/476/448
f 375/485/457 376/476/448 360/486/458
f 360/486/458 376/476/448 361/477/449
f 360/486/458 361/477/449 344/487/459
f 344/487/459 361/477/449 345/478/450
f 344/487/459 345/478/450 329/334/307
f 329/334/307 345/478/450 330/332/305
f 289/384/357 288/436/409 466/488/460
f 466/488/460 288/436/409 467/479/451
f 466/488/460 467/479/451 452/489/461
f 452/489/461 467/479/451 453/480/452
f 452/489/461 453/480/452 436/490/462
f 436/490/462 453/480/452 437/481/453
f 436/490/462 437/481/453 421/491/463
f 421/491/463 437/481/453 422/482/454
f 421/491/463 422/482/454 405/492/464
f 405/492/464 422/482/454 406/483/455
f 405/492/464 406/483/455 391/493/465
f 391/493/465 406/483/455 392/484/456
f 391/493/465 392/484/456 374/494/466
f 374/494/466 392/484/456 375/485/457
f 374/494/466 375/485/457 359/495/467
f 359/495/467 375/485/457 360/486/458
f 359/495/467 360/486/458 343/496/468
f 343/496/468 360/486/458 344/487/459
f 343/496/468 344/487/459 328/336/309
f 328/336/309 344/487/459 329/334/307
f 290/382/355 289/384/357 465/497/469
f 465/497/469 289/384/357 466/488/460
f 465/497/469 466/488/460 451/498/470
f 451/498/470 466/488/460 452/489/461
f 451/498/470 452/489/461 435/499/471
f 435/499/471 452/489/461 436/490/462
f 435/499/471 436/490/462 420/500/472
f 420/500/472 436/490/462 421/491/463
f 420/500/472 421/491/463 404/501/473
f 404/501/473 421/491/463 405/492/464
f 404/501/473 405/492/464 390/502/474
f 390/502/474 405/492/464 391/493/465
f 390/502/474 391/493/465 373/503/475
f 373/503/475 391/493/465 374/494/466
f 373/503/475 374/494/466 358/504/476
f 358/504/476 374/494/466 359/495/467
f 358/504/476 359/495/467 342/505/477
f 342/505/477 359/495/467 343/496/468
f 342/505/477 343/496/468 327/338/311
f 327/338/311 343/496/468 328/336/309
f 291/380/353 290/382/355 464/506/478
f 464/506/478 290/382/355 465/497/469
f 464/506/478 465/497/469 450/507/479
f 450/507/479 465/497/469 451/498/470
f 450/507/479 451/498/470 434/508/480
f 434/508/480 451/498/470 435/499/471
f 434/508/480 435/499/471 419/509/481
f 419/509/481 435/499/471 420/500/472
f 419/509/481 420/500/472 403/510/482
f 403/510/482 420/500/472 404/501/473
f 403/510/482 404/501/473 389/511/483
f 389/511/483 404/501/473 390/502/474
f 389/511/483 390/502/474 372/512/484
f 372/512/484 390/502/474 373/503/475
f 372/512/484 373/503/475 357/513/485
f 357/513/485 373/503/475 358/504/476
f 357/513/485 358/504/476 341/514/486
f 341/514/486 358/504/476 342/505/477
f 341/514/486 342/505/477 326/340/313
f 326/340/313 342/505/477 327/338/311
f 292/378/351 291/380/353 463/515/487
f 463/515/487 291/380/353 464/506/478
f 463/515/487 464/506/478 449/516/488
f 449/516/488 464/506/478 450/507/479
f 449/516/488 450/507/479 433/517/489
f 433/517/489 450/507/479 434/508/480
f 433/517/489 434/508/480 418/518/490
f 418/518/490 434/508/480 419/509/481
f 418/518/490 419/509/481 402/519/491
f 402/519/491 419/509/481 403/510/482
f 402/519/491 403/510/482 388/520/492
f 388/520/492 403/510/482 389/511/483
f 388/520/492 389/511/483 371/521/493
f 371/521/493 389/511/483 372/512/484
f 371/521/493 372/512/484 356/522/494
f 356/522/494 372/512/484 357/513/485
f 356/522/494 357/513/485 340/523/495
f 340/523/495 357/513/485 341/514/486
f 340/523/495 341/514/486 325/342/315
f 325/342/315 341/514/486 326/340/313
f 293/377/350 461/375/348 294/434/407
f 294/434/407 461/375/348 460/425/398
f 294/434/407 460/425/398 295/432/405
f 295/432/405 460/425/398 459/423/396
f 295/432/405 459/423/396 296/430/403
f 296/430/403 459/423/396 458/421/394
f 296/430/403 458/421/394 297/431/404
f 297/431/404 458/421/394 457/419/392
f 263/415/388 299/428/401 456/417/390
f 456/417/390 299/428/401 298/427/400
f 425/461/433 250/361/334 441/416/389
f 318/356/329 317/358/331 333/524/496
f 333/524/496 317/358/331 265/360/333
f 333/524/496 265/360/333 349/525/497
f 349/525/497 265/360/333 348/362/335
f 349/525/497 348/362/335 364/364/337
f 319/354/327 318/356/329 334/526/498
f 334/526/498 318/356/329 333/524/496
f 334/526/498 333/524/496 350/527/499
f 350/527/499 333/524/496 349/525/497
f 350/527/499 349/525/497 365/528/500
f 365/528/500 349/525/497 364/364/337
f 365/528/500 364/364/337 382/366/339
f 320/352/325 319/354/327 335/529/501
f 335/529/501 319/354/327 334/526/498
f 335/529/501 334/526/498 351/530/502
f 351/530/502 334/526/498 350/527/499
f 351/530/502 350/527/499 366/531/503
f 366/531/503 350/527/499 365/528/500
f 366/531/503 365/528/500 383/532/504
f 383/532/504 365/528/500 382/366/339
f 383/532/504 382/366/339 397/368/341
f 321/350/323 320/352/325 336/533/505
f 336/533/505 320/352/325 335/529/501
f 336/533/505 335/529/501 352/534/506
f 352/534/506 335/529/501 351/530/502
f 352/534/506 351/530/502 367/535/507
f 367/535/507 351/530/502 366/531/503
f 367/535/507 366/531/503 384/536/508
f 384/536/508 366/531/503 383/532/504
f 384/536/508 383/532/504 398/537/509
f 398/537/509 383/532/504 397/368/341
f 398/537/509 397/368/341 414/370/343
f 322/348/321 321/350/323 337/538/510
f 337/538/510 321/350/323 336/533/505
f 337/538/510 336/533/505 353/539/511
f 353/539/511 336/533/505 352/534/506
f 353/539/511 352/534/506 368/540/512
f 368/540/512 352/534/506 367/535/507
f 368/540/512 367/535/507 385/541/513
f 385/541/513 367/535/507 384/536/508
f 385/541/513 384/536/508 399/542/514
f 399/542/514 384/536/508 398/537/509
f 399/542/514 398/537/509 415/543/515
f 415/543/515 398/537/509 414/370/343
f 415/543/515 414/370/343 430/372/345
f 323/346/319 322/348/321 338/544/516
f 338/544/516 322/348/321 337/538/510
f 338/544/516 337/538/510 354/545/517
f 354/545/517 337/538/510 353/539/511
f 354/545/517 353/539/511 369/546/518
f 369/546/518 353/539/511 368/540/512
f 369/546/518 368/540/512 386/547/519
f 386/547/519 368/540/512 385/541/513
f 386/547/519 385/541/513 400/548/520
f 400/548/520 385/541/513 399/542/514
f 400/548/520 399/542/514 416/549/521
f 416/549/521 399/542/514 415/543/515
f 416/549/521 415/543/515 431/550/522
f 431/550/522 415/543/515 430/372/345
f 431/550/522 430/372/345 447/374/347
f 340/523/495 325/342/315 324/344/317
f 324/344/317 323/346/319 339/551/523
f 339/551/523 323/346/319 338/544/516
f 339/551/523 338/544/516 355/552/524
f 355/552/524 338/544/516 354/545/517
f 355/552/524 354/545/517 370/553/525
f 370/553/525 354/545/517 369/546/518
f 370/553/525 369/546/518 387/554/526
f 387/554/526 369/546/518 386/547/519
f 387/554/526 386/547/519 401/555/527
f 401/555/527 386/547/519 400/548/520
f 401/555/527 400/548/520 417/556/528
f 417/556/528 400/548/520 416/549/521
f 417/556/528 416/549/521 432/557/529
f 432/557/529 416/549/521 431/550/522
f 432/557/529 431/550/522 448/558/530
f 448/558/530 431/550/522 447/374/347
f 448/558/530 447/374/347 462/376/349
f 356/522/494 340/523/495 339/551/523
f 339/551/523 340/523/495 324/344/317
f 356/522/494 339/551/523 355/552/524
f 371/521/493 356/522/494 355/552/524
f 371/521/493 355/552/524 370/553/525
f 388/520/492 371/521/493 370/553/525
f 388/520/492 370/553/525 387/554/526
f 381/365/338 363/363/336 380/559/531
f 380/559/531 363/363/336 250/361/334
f 380/559/531 250/361/334 264/468/440
f 264/468/440 395/469/441 380/559/531
f 380/559/531 395/469/441 381/365/338
f 395/469/441 396/367/340 381/365/338
f 402/519/491 388/520/492 387/554/526
f 402/519/491 387/554/526 401/555/527
f 418/518/490 402/519/491 401/555/527
f 418/518/490 401/555/527 417/556/528
f 433/517/489 418/518/490 417/556/528
f 433/517/489 417/556/528 432/557/529
f 441/416/389 442/418/391 425/461/433
f 425/461/433 442/418/391 426/463/435
f 442/418/391 443/420/393 426/463/435
f 426/463/435 443/420/393 427/465/437
f 443/420/393 444/422/395 427/465/437
f 427/465/437 444/422/395 428/467/439
f 444/422/395 445/424/397 428/467/439
f 428/467/439 445/424/397 429/371/344
f 445/424/397 446/373/346 429/371/344
f 449/516/488 433/517/489 432/557/529
f 449/516/488 432/557/529 448/558/530
f 463/515/487 449/516/488 448/558/530
f 463/515/487 448/558/530 462/376/349
f 292/378/351 463/515/487 462/376/349
f 59/560/532 58/561/533 181/562/534
f 181/562/534 58/561/533 14/563/535
f 181/562/534 14/563/535 472/564/536
f 472/564/536 14/563/535 13/565/537
f 472/564/536 13/565/537 12/566/538
f 12/566/538 11/567/539 472/564/536
f 472/564/536 11/567/539 10/568/540
f 472/564/536 10/568/540 9/569/541
f 9/569/541 8/570/542 472/564/536
f 472/564/536 8/570/542 26/571/543
f 472/564/536 26/571/543 471/572/544
f 471/572/544 26/571/543 38/573/545
f 471/572/544 38/573/545 37/574/546
f 37/574/546 36/575/547 471/572/544
f 471/572/544 36/575/547 35/576/548
f 471/572/544 35/576/548 34/577/549
f 34/577/549 33/578/550 471/572/544
f 471/572/544 33/578/550 250/579/551
f 250/579/551 33/578/550 50/580/552
f 250/579/551 50/580/552 86/581/553
f 86/581/553 85/582/554 250/579/551
f 250/579/551 85/582/554 84/583/555
f 250/579/551 84/583/555 251/584/556
f 251/584/556 84/583/555 83/585/557
f 251/584/556 83/585/557 82/586/558
f 81/587/559 249/588/560 82/586/558
f 82/586/558 249/588/560 252/589/561
f 82/586/558 252/589/561 251/584/556
f 249/588/560 81/587/559 173/590/562
f 173/590/562 81/587/559 64/591/563
f 173/590/562 64/591/563 177/592/564
f 177/592/564 64/591/563 178/593/565
f 178/593/565 64/591/563 179/594/566
f 179/594/566 64/591/563 63/595/567
f 179/594/566 63/595/567 180/596/568
f 180/596/568 63/595/567 181/562/534
f 181/562/534 63/595/567 62/597/569
f 181/562/534 62/597/569 61/598/570
f 61/598/570 60/599/571 181/562/534
f 181/562/534 60/599/571 59/560/532
f 177/592/564 176/600/572 173/590/562
f 173/590/562 176/600/572 175/601/573
f 173/590/562 175/601/573 174/602/574
f 262/603/575 261/604/576 249/588/560
f 249/588/560 261/604/576 260/605/577
f 249/588/560 260/605/577 259/606/578
f 259/606/578 258/607/579 249/588/560
f 249/588/560 258/607/579 257/608/580
f 249/588/560 257/608/580 256/609/581
f 256/609/581 255/610/582 249/588/560
f 249/588/560 255/610/582 254/611/583
f 249/588/560 254/611/583 253/612/584
f 253/612/584 252/589/561 249/588/560
f 182/613/190 181/614/210 233/615/585
f 233/615/585 181/614/210 472/616/586
f 250/617/334 235/618/332 471/619/587
f 471/619/587 235/618/332 234/620/588
f 474/621/589 495/622/590 473/623/591
f 473/623/591 495/622/590 496/624/592
f 473/623/591 496/624/592 497/625/593
f 497/625/593 496/624/592 502/626/594
f 497/625/593 502/626/594 503/627/595
f 503/627/595 502/626/594 508/628/596
f 503/627/595 508/628/596 509/629/597
f 509/629/597 508/628/596 514/630/598
f 509/629/597 514/630/598 490/631/599
f 490/631/599 514/630/598 489/632/600
f 489/632/600 514/630/598 519/633/601
f 489/632/600 519/633/601 488/634/602
f 488/634/602 519/633/601 524/635/603
f 488/634/602 524/635/603 487/636/604
f 487/636/604 524/635/603 529/637/605
f 487/636/604 529/637/605 486/638/606
f 486/638/606 529/637/605 534/639/607
f 486/638/606 534/639/607 485/640/608
f 485/640/608 534/639/607 484/641/609
f 484/641/609 534/639/607 533/642/610
f 484/641/609 533/642/610 532/643/611
f 532/643/611 533/642/610 527/644/612
f 532/643/611 527/644/612 526/645/613
f 526/645/613 527/644/612 521/646/614
f 526/645/613 521/646/614 520/647/615
f 520/647/615 521/646/614 515/648/616
f 520/647/615 515/648/616 479/649/617
f 479/649/617 515/648/616 478/650/618
f 478/650/618 515/648/616 510/651/619
f 478/650/618 510/651/619 477/652/620
f 477/652/620 510/651/619 505/653/621
f 477/652/620 505/653/621 476/654/622
f 476/654/622 505/653/621 500/655/623
f 476/654/622 500/655/623 475/656/624
f 475/656/624 500/655/623 495/622/590
f 475/656/624 495/622/590 474/621/589
f 479/649/617 480/657/625 520/647/615
f 520/647/615 480/657/625 525/658/626
f 520/647/615 525/658/626 526/645/613
f 526/645/613 525/658/626 531/659/627
f 526/645/613 531/659/627 532/643/611
f 532/643/611 531/659/627 484/641/609
f 480/657/625 481/660/628 525/658/626
f 525/658/626 481/660/628 530/661/629
f 525/658/626 530/661/629 531/659/627
f 531/659/627 530/661/629 484/641/609
f 481/660/628 482/662/630 530/661/629
f 530/661/629 482/662/630 484/641/609
f 482/662/630 483/663/631 484/641/609
f 490/631/599 491/664/632 509/629/597
f 509/629/597 491/664/632 504/665/633
f 509/629/597 504/665/633 503/627/595
f 503/627/595 504/665/633 498/666/634
f 503/627/595 498/666/634 497/625/593
f 497/625/593 498/666/634 473/623/591
f 491/664/632 492/667/635 504/665/633
f 504/665/633 492/667/635 499/668/636
f 504/665/633 499/668/636 498/666/634
f 498/666/634 499/668/636 473/623/591
f 492/667/635 493/669/637 499/668/636
f 499/668/636 493/669/637 473/623/591
f 493/669/637 494/670/638 473/623/591
f 496/624/592 495/622/590 501/671/639
f 501/671/639 495/622/590 500/655/623
f 501/671/639 500/655/623 506/672/640
f 506/672/640 500/655/623 505/653/621
f 506/672/640 505/653/621 511/673/641
f 511/673/641 505/653/621 510/651/619
f 511/673/641 510/651/619 516/674/642
f 516/674/642 510/651/619 515/648/616
f 516/674/642 515/648/616 521/646/614
f 496/624/592 501/671/639 502/626/594
f 502/626/594 501/671/639 507/675/643
f 502/626/594 507/675/643 508/628/596
f 508/628/596 507/675/643 513/676/644
f 508/628/596 513/676/644 514/630/598
f 514/630/598 513/676/644 519/633/601
f 507/675/643 501/671/639 506/672/640
f 507/675/643 506/672/640 512/677/645
f 512/677/645 506/672/640 511/673/641
f 512/677/645 511/673/641 517/678/646
f 517/678/646 511/673/641 516/674/642
f 517/678/646 516/674/642 522/679/647
f 522/679/647 516/674/642 521/646/614
f 522/679/647 521/646/614 527/644/612
f 507/675/643 512/677/645 513/676/644
f 513/676/644 512/677/645 518/680/648
f 513/676/644 518/680/648 519/633/601
f 519/633/601 518/680/648 524/635/603
f 518/680/648 512/677/645 517/678/646
f 518/680/648 517/678/646 523/681/649
f 523/681/649 517/678/646 522/679/647
f 523/681/649 522/679/647 528/682/650
f 528/682/650 522/679/647 527/644/612
f 528/682/650 527/644/612 533/642/610
f 529/637/605 524/635/603 523/681/649
f 523/681/649 524/635/603 518/680/648
f 529/637/605 523/681/649 528/682/650
f 534/639/607 529/637/605 528/682/650
f 534/639/607 528/682/650 533/642/610
f 552/683/651 494/684/652 550/685/653
f 550/685/653 494/684/652 493/686/654
f 550/685/653 493/686/654 549/687/655
f 549/687/655 493/686/654 492/688/656
f 549/687/655 492/688/656 491/689/657
f 490/690/658 484/691/659 491/689/657
f 491/689/657 484/691/659 548/692/660
f 491/689/657 548/692/660 549/687/655
f 490/690/658 489/693/661 484/691/659
f 484/691/659 489/693/661 488/694/662
f 484/691/659 488/694/662 487/695/663
f 487/695/663 486/696/664 484/691/659
f 484/691/659 486/696/664 485/697/665
f 484/691/659 535/698/666 548/692/660
f 548/692/660 535/698/666 547/699/667
f 547/699/667 535/698/666 546/700/668
f 546/700/668 535/698/666 545/701/669
f 545/701/669 535/698/666 544/702/670
f 544/702/670 535/698/666 543/703/671
f 543/703/671 535/698/666 542/704/672
f 542/704/672 535/698/666 541/705/673
f 541/705/673 535/698/666 540/706/674
f 540/706/674 535/698/666 536/707/675
f 540/706/674 536/707/675 539/708/676
f 539/708/676 536/707/675 538/709/677
f 538/709/677 536/707/675 537/710/678
f 550/685/653 551/711/679 552/683/651
f 136/712/680 554/713/681 138/714/682
f 138/714/682 554/713/681 535/715/683
f 138/714/682 535/715/683 156/716/684
f 156/716/684 535/715/683 157/717/685
f 157/717/685 535/715/683 158/718/686
f 158/718/686 535/715/683 159/719/687
f 159/719/687 535/715/683 160/720/688
f 160/720/688 535/715/683 161/721/689
f 161/721/689 535/715/683 162/722/690
f 162/722/690 535/715/683 163/723/691
f 163/723/691 535/715/683 164/724/692
f 164/724/692 535/715/683 484/725/609
f 164/724/692 484/725/609 165/726/693
f 165/726/693 484/725/609 166/727/694
f 166/727/694 484/725/609 167/728/695
f 167/728/695 484/725/609 168/729/696
f 168/729/696 484/725/609 169/730/697
f 169/730/697 484/725/609 170/731/698
f 170/731/698 484/725/609 171/732/699
f 171/732/699 484/725/609 172/733/700
f 172/733/700 484/725/609 99/734/701
f 99/734/701 484/725/609 100/735/702
f 100/735/702 484/725/609 483/736/631
f 100/735/702 483/736/631 119/737/703
f 119/737/703 483/736/631 120/738/704
f 120/738/704 483/736/631 121/739/705
f 121/739/705 483/736/631 122/740/706
f 122/740/706 483/736/631 123/741/707
f 123/741/707 483/736/631 124/742/708
f 124/742/708 483/736/631 125/743/709
f 125/743/709 483/736/631 126/744/710
f 126/744/710 483/736/631 127/745/711
f 127/745/711 483/736/631 553/746/712
f 127/745/711 553/746/712 128/747/713
f 128/747/713 553/746/712 129/748/714
f 129/748/714 553/746/712 130/749/715
f 130/749/715 553/746/712 131/750/716
f 131/750/716 553/746/712 132/751/717
f 132/751/717 553/746/712 133/752/718
f 133/752/718 553/746/712 134/753/719
f 134/753/719 553/746/712 135/754/720
f 135/754/720 553/746/712 136/712/680
f 136/712/680 553/746/712 554/713/681
f 549/755/721 591/756/722 550/757/723
f 550/757/723 591/756/722 576/758/724
f 550/757/723 576/758/724 570/759/725
f 570/759/725 576/758/724 637/760/726
f 570/759/725 637/760/726 607/761/727
f 607/761/727 637/760/726 638/762/728
f 607/761/727 638/762/728 608/763/729
f 608/763/729 638/762/728 639/764/730
f 608/763/729 639/764/730 609/765/731
f 609/765/731 639/764/730 640/766/732
f 609/765/731 640/766/732 610/767/733
f 610/767/733 640/766/732 641/768/734
f 610/767/733 641/768/734 611/769/735
f 611/769/735 641/768/734 642/770/736
f 611/769/735 642/770/736 612/771/737
f 612/771/737 642/770/736 643/772/738
f 612/771/737 643/772/738 613/773/739
f 613/773/739 643/772/738 644/774/740
f 613/773/739 644/774/740 614/775/741
f 614/775/741 644/774/740 645/776/742
f 614/775/741 645/776/742 615/777/743
f 615/777/743 645/776/742 646/778/744
f 615/777/743 646/778/744 616/779/745
f 616/779/745 646/778/744 647/780/746
f 616/779/745 647/780/746 617/781/747
f 617/781/747 647/780/746 648/782/748
f 617/781/747 648/782/748 618/783/749
f 618/783/749 648/782/748 649/784/750
f 618/783/749 649/784/750 619/785/751
f 619/785/751 649/784/750 650/786/752
f 619/785/751 650/786/752 620/787/753
f 620/787/753 650/786/752 651/788/754
f 620/787/753 651/788/754 621/789/755
f 621/789/755 651/788/754 554/790/681
f 621/789/755 554/790/681 592/791/756
f 592/791/756 554/790/681 572/792/757
f 592/791/756 572/792/757 665/793/758
f 665/793/758 572/792/757 680/794/759
f 665/793/758 680/794/759 681/795/760
f 681/795/760 680/794/759 695/796/761
f 681/795/760 695/796/761 696/797/762
f 696/797/762 695/796/761 711/798/763
f 696/797/762 711/798/763 712/799/764
f 712/799/764 711/798/763 725/800/765
f 712/799/764 725/800/765 726/801/766
f 726/801/766 725/800/765 631/802/767
f 726/801/766 631/802/767 630/803/768
f 630/803/768 631/802/767 559/804/769
f 630/803/768 559/804/769 560/805/770
f 591/756/722 549/755/721 590/806/771
f 590/806/771 549/755/721 548/807/772
f 590/806/771 548/807/772 589/808/773
f 589/808/773 548/807/772 547/809/774
f 589/808/773 547/809/774 588/810/775
f 588/810/775 547/809/774 546/811/776
f 588/810/775 546/811/776 587/812/777
f 587/812/777 546/811/776 545/813/778
f 587/812/777 545/813/778 586/814/779
f 586/814/779 545/813/778 544/815/780
f 586/814/779 544/815/780 585/816/781
f 585/816/781 544/815/780 543/817/782
f 585/816/781 543/817/782 584/818/783
f 584/818/783 543/817/782 542/819/784
f 584/818/783 542/819/784 583/820/785
f 583/820/785 542/819/784 541/821/786
f 583/820/785 541/821/786 582/822/787
f 582/822/787 541/821/786 540/823/788
f 582/822/787 540/823/788 581/824/789
f 581/824/789 540/823/788 539/825/790
f 581/824/789 539/825/790 580/826/791
f 580/826/791 539/825/790 538/827/792
f 580/826/791 538/827/792 579/828/793
f 579/828/793 538/827/792 537/829/794
f 579/828/793 537/829/794 578/830/795
f 578/830/795 537/829/794 536/831/796
f 578/830/795 536/831/796 577/832/797
f 577/832/797 536/831/796 535/833/683
f 577/832/797 535/833/683 575/834/798
f 575/834/798 535/833/683 554/790/681
f 575/834/798 554/790/681 651/788/754
f 554/790/681 553/835/712 572/792/757
f 572/792/757 553/835/712 679/836/799
f 572/792/757 679/836/799 680/794/759
f 680/794/759 679/836/799 694/837/800
f 680/794/759 694/837/800 695/796/761
f 695/796/761 694/837/800 710/838/801
f 695/796/761 710/838/801 711/798/763
f 711/798/763 710/838/801 724/839/802
f 711/798/763 724/839/802 725/800/765
f 725/800/765 724/839/802 632/840/803
f 725/800/765 632/840/803 631/802/767
f 631/802/767 632/840/803 558/841/804
f 631/802/767 558/841/804 559/804/769
f 555/842/805 636/843/806 553/835/712
f 553/835/712 636/843/806 571/844/807
f 553/835/712 571/844/807 708/845/808
f 708/845/808 571/844/807 722/846/809
f 708/845/808 722/846/809 709/847/810
f 709/847/810 722/846/809 723/848/811
f 709/847/810 723/848/811 710/838/801
f 710/838/801 723/848/811 724/839/802
f 556/849/812 634/850/813 555/842/805
f 555/842/805 634/850/813 635/851/814
f 555/842/805 635/851/814 636/843/806
f 636/843/806 635/851/814 571/844/807
f 634/850/813 556/849/812 633/852/815
f 633/852/815 556/849/812 557/853/816
f 633/852/815 557/853/816 632/840/803
f 632/840/803 557/853/816 558/841/804
f 630/803/768 560/805/770 629/854/817
f 629/854/817 560/805/770 561/855/818
f 629/854/817 561/855/818 628/856/819
f 628/856/819 561/855/818 562/857/820
f 628/856/819 562/857/820 627/858/821
f 627/858/821 562/857/820 563/859/822
f 627/858/821 563/859/822 626/860/823
f 626/860/823 563/859/822 564/861/824
f 626/860/823 564/861/824 625/862/825
f 625/862/825 564/861/824 565/863/826
f 625/862/825 565/863/826 624/864/827
f 624/864/827 565/863/826 566/865/828
f 624/864/827 566/865/828 623/866/829
f 623/866/829 566/865/828 567/867/830
f 623/866/829 567/867/830 622/868/831
f 622/868/831 567/867/830 568/869/832
f 622/868/831 568/869/832 569/870/833
f 570/759/725 574/871/834 569/870/833
f 569/870/833 574/871/834 678/872/835
f 569/870/833 678/872/835 707/873/836
f 707/873/836 678/872/835 692/874/837
f 707/873/836 692/874/837 706/875/838
f 706/875/838 692/874/837 691/876/839
f 706/875/838 691/876/839 705/877/840
f 705/877/840 691/876/839 690/878/841
f 705/877/840 690/878/841 704/879/842
f 704/879/842 690/878/841 689/880/843
f 704/879/842 689/880/843 703/881/844
f 703/881/844 689/880/843 688/882/845
f 703/881/844 688/882/845 702/883/846
f 702/883/846 688/882/845 687/884/847
f 702/883/846 687/884/847 701/885/848
f 701/885/848 687/884/847 686/886/849
f 701/885/848 686/886/849 700/887/850
f 700/887/850 686/886/849 685/888/851
f 700/887/850 685/888/851 699/889/852
f 699/889/852 685/888/851 684/890/853
f 699/889/852 684/890/853 698/891/854
f 698/891/854 684/890/853 683/892/855
f 698/891/854 683/892/855 697/893/856
f 697/893/856 683/892/855 682/894/857
f 697/893/856 682/894/857 696/797/762
f 696/797/762 682/894/857 681/795/760
f 694/837/800 679/836/799 693/895/858
f 693/895/858 679/836/799 553/835/712
f 693/895/858 553/835/712 708/845/808
f 569/870/833 707/873/836 573/896/859
f 573/896/859 707/873/836 706/875/838
f 573/896/859 706/875/838 721/897/860
f 721/897/860 706/875/838 705/877/840
f 721/897/860 705/877/840 720/898/861
f 720/898/861 705/877/840 704/879/842
f 720/898/861 704/879/842 719/899/862
f 719/899/862 704/879/842 703/881/844
f 719/899/862 703/881/844 718/900/863
f 718/900/863 703/881/844 702/883/846
f 718/900/863 702/883/846 717/901/864
f 717/901/864 702/883/846 701/885/848
f 717/901/864 701/885/848 716/902/865
f 716/902/865 701/885/848 700/887/850
f 716/902/865 700/887/850 715/903/866
f 715/903/866 700/887/850 699/889/852
f 715/903/866 699/889/852 714/904/867
f 714/904/867 699/889/852 698/891/854
f 714/904/867 698/891/854 713/905/868
f 713/905/868 698/891/854 697/893/856
f 713/905/868 697/893/856 712/799/764
f 712/799/764 697/893/856 696/797/762
f 574/871/834 570/759/725 606/906/869
f 606/906/869 570/759/725 607/761/727
f 606/906/869 607/761/727 608/763/729
f 578/830/795 577/832/797 652/907/870
f 652/907/870 577/832/797 575/834/798
f 652/907/870 575/834/798 650/786/752
f 650/786/752 575/834/798 651/788/754
f 579/828/793 578/830/795 653/908/871
f 653/908/871 578/830/795 652/907/870
f 653/908/871 652/907/870 649/784/750
f 649/784/750 652/907/870 650/786/752
f 580/826/791 579/828/793 654/909/872
f 654/909/872 579/828/793 653/908/871
f 654/909/872 653/908/871 648/782/748
f 648/782/748 653/908/871 649/784/750
f 581/824/789 580/826/791 655/910/873
f 655/910/873 580/826/791 654/909/872
f 655/910/873 654/909/872 647/780/746
f 647/780/746 654/909/872 648/782/748
f 582/822/787 581/824/789 656/911/874
f 656/911/874 581/824/789 655/910/873
f 656/911/874 655/910/873 646/778/744
f 646/778/744 655/910/873 647/780/746
f 583/820/785 582/822/787 657/912/875
f 657/912/875 582/822/787 656/911/874
f 657/912/875 656/911/874 645/776/742
f 645/776/742 656/911/874 646/778/744
f 584/818/783 583/820/785 658/913/876
f 658/913/876 583/820/785 657/912/875
f 658/913/876 657/912/875 644/774/740
f 644/774/740 657/912/875 645/776/742
f 585/816/781 584/818/783 659/914/877
f 659/914/877 584/818/783 658/913/876
f 659/914/877 658/913/876 643/772/738
f 643/772/738 658/913/876 644/774/740
f 586/814/779 585/816/781 660/915/878
f 660/915/878 585/816/781 659/914/877
f 660/915/878 659/914/877 642/770/736
f 642/770/736 659/914/877 643/772/738
f 587/812/777 586/814/779 661/916/879
f 661/916/879 586/814/779 660/915/878
f 661/916/879 660/915/878 641/768/734
f 641/768/734 660/915/878 642/770/736
f 588/810/775 587/812/777 662/917/880
f 662/917/880 587/812/777 661/916/879
f 662/917/880 661/916/879 640/766/732
f 640/766/732 661/916/879 641/768/734
f 589/808/773 588/810/775 663/918/881
f 663/918/881 588/810/775 662/917/880
f 663/918/881 662/917/880 639/764/730
f 639/764/730 662/917/880 640/766/732
f 576/758/724 591/756/722 590/806/771
f 590/806/771 589/808/773 664/919/882
f 664/919/882 589/808/773 663/918/881
f 664/919/882 663/918/881 638/762/728
f 638/762/728 663/918/881 639/764/730
f 620/787/753 621/789/755 593/920/883
f 593/920/883 621/789/755 592/791/756
f 593/920/883 592/791/756 665/793/758
f 619/785/751 620/787/753 594/921/884
f 594/921/884 620/787/753 593/920/883
f 594/921/884 593/920/883 666/922/885
f 666/922/885 593/920/883 665/793/758
f 666/922/885 665/793/758 681/795/760
f 618/783/749 619/785/751 595/923/886
f 595/923/886 619/785/751 594/921/884
f 595/923/886 594/921/884 667/924/887
f 667/924/887 594/921/884 666/922/885
f 667/924/887 666/922/885 682/894/857
f 682/894/857 666/922/885 681/795/760
f 617/781/747 618/783/749 596/925/888
f 596/925/888 618/783/749 595/923/886
f 596/925/888 595/923/886 668/926/889
f 668/926/889 595/923/886 667/924/887
f 668/926/889 667/924/887 683/892/855
f 683/892/855 667/924/887 682/894/857
f 616/779/745 617/781/747 597/927/890
f 597/927/890 617/781/747 596/925/888
f 597/927/890 596/925/888 669/928/891
f 669/928/891 596/925/888 668/926/889
f 669/928/891 668/926/889 684/890/853
f 684/890/853 668/926/889 683/892/855
f 615/777/743 616/779/745 598/929/892
f 598/929/892 616/779/745 597/927/890
f 598/929/892 597/927/890 670/930/893
f 670/930/893 597/927/890 669/928/891
f 670/930/893 669/928/891 685/888/851
f 685/888/851 669/928/891 684/890/853
f 614/775/741 615/777/743 599/931/894
f 599/931/894 615/777/743 598/929/892
f 599/931/894 598/929/892 671/932/895
f 671/932/895 598/929/892 670/930/893
f 671/932/895 670/930/893 686/886/849
f 686/886/849 670/930/893 685/888/851
f 613/773/739 614/775/741 600/933/896
f 600/933/896 614/775/741 599/931/894
f 600/933/896 599/931/894 672/934/897
f 672/934/897 599/931/894 671/932/895
f 672/934/897 671/932/895 687/884/847
f 687/884/847 671/932/895 686/886/849
f 612/771/737 613/773/739 601/935/898
f 601/935/898 613/773/739 600/933/896
f 601/935/898 600/933/896 673/936/899
f 673/936/899 600/933/896 672/934/897
f 673/936/899 672/934/897 688/882/845
f 688/882/845 672/934/897 687/884/847
f 611/769/735 612/771/737 602/937/900
f 602/937/900 612/771/737 601/935/898
f 602/937/900 601/935/898 674/938/901
f 674/938/901 601/935/898 673/936/899
f 674/938/901 673/936/899 689/880/843
f 689/880/843 673/936/899 688/882/845
f 610/767/733 611/769/735 603/939/902
f 603/939/902 611/769/735 602/937/900
f 603/939/902 602/937/900 675/940/903
f 675/940/903 602/937/900 674/938/901
f 675/940/903 674/938/901 690/878/841
f 690/878/841 674/938/901 689/880/843
f 609/765/731 610/767/733 604/941/904
f 604/941/904 610/767/733 603/939/902
f 604/941/904 603/939/902 676/942/905
f 676/942/905 603/939/902 675/940/903
f 676/942/905 675/940/903 691/876/839
f 691/876/839 675/940/903 690/878/841
f 608/763/729 609/765/731 605/943/906
f 605/943/906 609/765/731 604/941/904
f 605/943/906 604/941/904 677/944/907
f 677/944/907 604/941/904 676/942/905
f 677/944/907 676/942/905 692/874/837
f 692/874/837 676/942/905 691/876/839
f 574/871/834 606/906/869 605/943/906
f 605/943/906 606/906/869 608/763/729
f 574/871/834 605/943/906 677/944/907
f 623/866/829 622/868/831 734/945/908
f 734/945/908 622/868/831 735/946/909
f 734/945/908 735/946/909 721/897/860
f 721/897/860 735/946/909 573/896/859
f 624/864/827 623/866/829 733/947/910
f 733/947/910 623/866/829 734/945/908
f 733/947/910 734/945/908 720/898/861
f 720/898/861 734/945/908 721/897/860
f 625/862/825 624/864/827 732/948/911
f 732/948/911 624/864/827 733/947/910
f 732/948/911 733/947/910 719/899/862
f 719/899/862 733/947/910 720/898/861
f 626/860/823 625/862/825 731/949/912
f 731/949/912 625/862/825 732/948/911
f 731/949/912 732/948/911 718/900/863
f 718/900/863 732/948/911 719/899/862
f 627/858/821 626/860/823 730/950/913
f 730/950/913 626/860/823 731/949/912
f 730/950/913 731/949/912 717/901/864
f 717/901/864 731/949/912 718/900/863
f 628/856/819 627/858/821 729/951/914
f 729/951/914 627/858/821 730/950/913
f 729/951/914 730/950/913 716/902/865
f 716/902/865 730/950/913 717/901/864
f 629/854/817 628/856/819 728/952/915
f 728/952/915 628/856/819 729/951/914
f 728/952/915 729/951/914 715/903/866
f 715/903/866 729/951/914 716/902/865
f 630/803/768 629/854/817 727/953/916
f 727/953/916 629/854/817 728/952/915
f 727/953/916 728/952/915 714/904/867
f 714/904/867 728/952/915 715/903/866
f 632/840/803 724/839/802 633/852/815
f 633/852/815 724/839/802 723/848/811
f 633/852/815 723/848/811 634/850/813
f 634/850/813 723/848/811 722/846/809
f 634/850/813 722/846/809 635/851/814
f 635/851/814 722/846/809 571/844/807
f 664/919/882 638/762/728 637/760/726
f 637/760/726 576/758/724 664/919/882
f 664/919/882 576/758/724 590/806/771
f 678/872/835 574/871/834 677/944/907
f 678/872/835 677/944/907 692/874/837
f 622/868/831 569/870/833 735/946/909
f 735/946/909 569/870/833 573/896/859
f 708/845/808 709/847/810 693/895/858
f 693/895/858 709/847/810 694/837/800
f 709/847/810 710/838/801 694/837/800
f 727/953/916 714/904/867 713/905/868
f 727/953/916 713/905/868 726/801/766
f 726/801/766 713/905/868 712/799/764
f 630/803/768 727/953/916 726/801/766
f 57/954/917 473/955/918 1/956/919
f 1/956/919 473/955/918 736/957/920
f 1/956/919 736/957/920 2/958/921
f 2/958/921 736/957/920 3/959/922
f 3/959/922 736/957/920 4/960/923
f 4/960/923 736/957/920 5/961/924
f 5/961/924 736/957/920 6/962/925
f 6/962/925 736/957/920 7/963/926
f 7/963/926 736/957/920 25/964/927
f 25/964/927 736/957/920 737/965/928
f 25/964/927 737/965/928 27/966/929
f 27/966/929 737/965/928 28/967/930
f 28/967/930 737/965/928 29/968/931
f 29/968/931 737/965/928 30/969/932
f 30/969/932 737/965/928 31/970/933
f 31/970/933 737/965/928 32/971/934
f 32/971/934 737/965/928 569/972/935
f 32/971/934 569/972/935 49/973/936
f 49/973/936 569/972/935 75/974/937
f 75/974/937 569/972/935 76/975/938
f 76/975/938 569/972/935 77/976/939
f 77/976/939 569/972/935 568/977/940
f 77/976/939 568/977/940 78/978/941
f 78/978/941 568/977/940 567/979/942
f 78/978/941 567/979/942 79/980/943
f 79/980/943 567/979/942 566/981/944
f 79/980/943 566/981/944 565/982/945
f 57/954/917 56/983/946 473/955/918
f 473/955/918 56/983/946 55/984/947
f 473/955/918 55/984/947 54/985/948
f 54/985/948 53/986/949 473/955/918
f 473/955/918 53/986/949 474/987/950
f 474/987/950 53/986/949 52/988/951
f 474/987/950 52/988/951 475/989/952
f 475/989/952 52/988/951 51/990/953
f 475/989/952 51/990/953 476/991/954
f 476/991/954 51/990/953 477/992/955
f 477/992/955 51/990/953 478/993/956
f 478/993/956 51/990/953 483/994/957
f 478/993/956 483/994/957 479/995/958
f 479/995/958 483/994/957 480/996/959
f 480/996/959 483/994/957 481/997/960
f 481/997/960 483/994/957 482/998/961
f 51/990/953 80/999/962 483/994/957
f 483/994/957 80/999/962 553/1000/963
f 553/1000/963 80/999/962 79/980/943
f 553/1000/963 79/980/943 565/982/945
f 565/982/945 564/1001/964 553/1000/963
f 553/1000/963 564/1001/964 563/1002/965
f 553/1000/963 563/1002/965 562/1003/966
f 562/1003/966 561/1004/967 553/1000/963
f 553/1000/963 561/1004/967 560/1005/968
f 553/1000/963 560/1005/968 559/1006/969
f 559/1006/969 558/1007/970 553/1000/963
f 553/1000/963 558/1007/970 557/1008/971
f 553/1000/963 557/1008/971 556/1009/972
f 556/1009/972 555/1010/973 553/1000/963
f 473/1011/591 494/1012/638 736/1013/974
f 736/1013/974 494/1012/638 552/1014/975
f 550/1015/723 570/1016/725 551/1017/976
f 551/1017/976 570/1016/725 737/1018/977
f 737/1018/977 570/1016/725 569/1019/833
f 233/1020/978 472/1021/979 736/1022/980
f 736/1022/980 472/1021/979 471/1023/981
f 736/1022/980 471/1023/981 737/1024/982
f 737/1024/982 471/1023/981 234/1025/983
f 737/1024/982 234/1025/983 551/1026/984
f 551/1026/984 234/1025/983 233/1020/978
f 551/1026/984 233/1020/978 552/1027/985
f 552/1027/985 233/1020/978 736/1022/980
# 737 vertices
# 1027 texture params
# 985 normals
# 1478 facets

# 1 groups
